,id,kw,txt
0,247746,['خرید'],"سلام
سهم ونیرو تا چقدر بالا میره ؟
لطفا راهنمایی کنید وقت خرید هست یا نه ؟"
1,248371,['خرید'],وپارس تحلیل،،،میشه خرید زد
2,249128,['خرید'],بکام خوبیهای خرید
3,249140,['خرید'],سلام برای خرید غگیلا کی باید سفارش ثبت کرد ؟!
4,249151,['خرید'],"برای کارگزاری آگاه 
غگیلا خرید زدیم چهارشنبه ک نگرفت برای عرضه اولیه ، الان باید چه کرد ؟ 
خرید مجدد میخواد یا خودشون میگیرن؟"
5,249690,['خرید'],وملل واسه خرید
6,249692,['تارگت'],سلام تارگت وتحليل كترام لطفاممنونم ازلطفتون
7,249709,['خرید'],سلام شش تا میشه خرید الان
8,250188,['فروش'],کترام فروش یا نگهداری
9,250249,['خرید'],دوستان برا خرید چی خوبه ؟
10,250251,['خرید'],برای خرید کوتاه مدت چی خوبه
11,250254,['کف'],قشرین در کف کانال.
12,250262,['خرید'],فملی واسه خرید چطوره؟؟؟؟
13,250295,['مقاومت'],"چرا همه از ریزش بورس میگن ولی هیچکس دلیل علمی  ملموسی ارائه نمیده؟
همه میگن من میدونم که اینجوری میشه یه بار هم سال ۹۲ اینجوری شد.
شاید بازار بورس را بتوان به دریاچه ای تشبیه کرد که خیلی ها برای صید به این دریا پا گذاشته اند .
ورودی نقدینگی را میتوان دبی ورودی این دریاچه تشبیه کرد و خروج نقدینگی را دبی خروجی آن. 
حال عمق این دریاچه چقدر است؟
دولت چقدر میخواهد آن را عمیق تر و وسیعتر کند؟
ظرفیت و گنجایش این دریاچه چقدر است؟
مقاومت سد چقدر است و در چه شرایطی امکان دارد سد بشکند؟

حال با توجه به پارامترهای عمق و وسعت و مقاومت سد چگونه باید دبی ورودی و خروجی دریاچه را تنظیم کرد تا دریا متلاطم نشود و همه بتوانند صید خوبی داشته باشند و باز هم برای صید به دریا برگردند و یا اصلا آنقدر صیادی لذت بخش باشد که کسی دریا را ترک نکند .


کاش این همه مغز متفکر و دانشمند بازار سرمایه برای این مساله راهکاری ارائه دهند ."
14,250863,['خرید'],سلام.چطوری میشه اوراق واسه وام مسکن خرید از بورس
15,251242,['فروش'],سلام صبا نگهداری یا فروش
16,251251,['فروش'],"سلام.
خفنر فروش یا سهامداری؟"
17,251267,"['حمایت', 'مقاومت']",رانفور مقاومت و حمایت
18,251748,['فروش'],شگویا نگهداری یا فروش
19,251760,['فروش'],ومهان و  وبانک نگهداری یا فروش
20,251863,['حمایت'],غدیس حمایت خطوط سفید را دارد.
21,252206,['هدف'],هدف ذوب بلند مدتی لطفا
22,252214,['خرید'],"سلام 
سهم غگل واسه خرید نظرتون لطفا"
23,252221,['قیمت'],سلام کلوند رو با دید میان مدت به قیمت ۳۳۲۷۹ ریال خریدم امکان داره تحلیل کنید و بفرمایید که ارزش سرمایه‌گذاری داره؟ونفت  رو هم تحلیل کنید ممنون میشم
24,252232,"['خرید', 'قیمت']","وقتی یه نفر سهام یک شرکت رو میخره میشه سهامدار شرکت 
بعبارتی مالک قسمتی از اون شرکت هست 
حالا نمیدونم چرا طرف تا یکی میگه ""پِخ"" سریع از دم کل سبدش رو با رنج منفی و 10 درصد زیر پایانی حراج میکنه . یعنی طرف سهمشو در منفی شنبه آینده داره میفروشه 😂
یعنی طوری میفروشه انگار خمپاره خورده وسط بورس🤪
اصلا انگار نه انگار که  مالک شرکت هست !!

من نمیدونم الان اگه بهش بگن قیمت ملک 5 درصد کشیده پایین  همین شخص سریع میپره سره گاو صندوق سند خونه رو برمیداره میره املاکی و 10 درصد زیر قیمت حراج میکنه ؟؟؟!!!🤔

اصلا نفهمیده ماهیت بورس و معنی سرمایگذاری چی هست ، فقط دلش خوشه 2 تومنش شده 3 تومن چندرقاز گیرش اومده .

اقای زرنگ تو شنبه میای همین سهم رو توی صف خرید التماس میکنی"
25,252301,['خرید'],"سلام 
خرید برای بلند مدت پیشنهاد میدین؟؟"
26,252743,['خرید'],دهدشت ارزش خرید نداره
27,252757,['خرید'],بنظرتون باز خرید انجام بدم؟
28,252760,['حمایت'],تحلیل شکلر و چه قیمتی حمایت میشه؟
29,252992,['فروش'],سلام وقت فروش شستا کیه؟
30,253630,['هدف'],"دزهراوی
هدف لطفا"
31,253692,['خرید'],سلام نوری خرید خوبه
32,253864,"['حمایت', 'مقاومت']","با درود و احترام
ومهان  آپدیت
ممنون میشم نقطه مقاومت و نقطه حمایت را بنویسید"
33,254200,['خرید'],سلام لطفا برای خرید
34,254301,"['خرید', 'هدف', 'قیمت']",سلام # کروی لطفا قیمت خرید ۳۵۰۰ هدف کوتاه
35,254306,['خرید'],"💵 مشارکت شما در سودهای کلانی که شرکتهایی مانند آپ یا هفت هشتاد به جیب میزنند !!

✅ اقدام جالب 7030 و روش درآمدزایی جدید: 70% سود برای شما 30% برای 7030 

🔺لطفا چند ثانیه وقت بزارید و با دقت متن زیر رو بخونید؛ امکانش هست زندگیتونو زیر و رو کنه 🙏🏻

همونطور که میدونین یه شارژ 5 تومنی برای من و شما 5450 تومان هزینه داره، این 9 درصد مالیات که میشه 450 تومان واریز میشه به حساب سازمان مالیات و سود برای عاملین فروش.

🔸 برای اینکه متوجه مقدار سود بشیم نرم افزار آپ یا هفت هشتاد رو مثال میزنیم که به ازای حاشیه سودش جایزه های هفتگی یا ماهانه بزرگی میدن و در رسانه ملی با سودی که از من و شما به جیب میزنن تبلیغ جوایزشو میکنن!! خوب من و شما چطور میتونیم از خرید شارژمون به درآمد برسیم؟؟!! 

🔸 یه برنامه جدید به اسم 7030 اومده که بچه های دانشگاه صنعتی_شریف طراحی کردن و ساختنش و بعد از گرفتن کلیه مجوزها از مراجع قانونی منتشر کردن، که در کنار شارژ کردن و خرید اینترنت گوشیتون و پرداخت قبوض آب و برق و کارت به کارت و ... میتونید درآمدی برای خودتون هم داشته باشین!!

🔸 به این نحو که وقتی گوشیتونو شارژ کنید یا قبض پرداخت کنید این برنامه تا 70 درصد از سود خودشو با شما تقسیم میکنه و به خودتون بر میگردونه. آمار تراکنش شارژ روزانه 13میلیارد تومان است، در واقع سازندگان این برنامه تصمیم گرفتن بجای دادن جوایز میلیونی به 1نفر یا تبلیغ میلیاردی در رسانه ملی برای معرفی 7030، این پول رو بین تک تک کاربران برنامه 7030 تقسیم کنند که اونا براشون تبلیغ کنند و دستمزد مادام العمر دریافت کنند 👏🏻👏🏻
با هر خرید دوستانتون با توجه به سطح آنها شما درآمد کسب خواهید کرد (سطح اول افرادی هستن که شما مستقیم معرفی کردین و سطح دوم کسانی هستن که از طریق سطح اول دعوت شدن)

🔸 صحبتهایی که شد مخلص کلام اینه که شما کافیه به اطرافیانتون این برنامه و کد معرف خودتونو معرفی کنید، بعد برای مثال اگر فقط 10 نفر از اونها اینکارو انجام بدن و تا سطح 7 این اتفاق بیفته . اون موقع هست که هرکدوم یه شارژ 5 تومانی در ماه تهیه کنن شما میتونین به در آمد 13 میلیون تومنی در ماه برسین ، 13 میلیون!!

🔸 تازه جالبه بدونین این مبلغ برای شما فقط با خرید یکبار شارژ 5 تومانی بدست میاد اونم در ماه!!! و طبیعتا این خرید برای افراد متفاوته و چندین بار خرید میکنن. به اینم فکر کنید که اگر خرید اینترنت و پرداخت قبض و کارت به کارت هم باشه این 13 میلیون هم بیشتر میشه!

🔸 نصب برنامه 7030 از طریق گوگل_پلی، بازار ، سیب_اپ قابل انجامه. بعد از نصب برای ورود و ثبت نام کد معرف رو وارد کنید تا استارت یک کار خوب و با آینده رقم بخوره.

🔺دقت نمایید برای ورود و عضویت در هفتاد سی باید دعوت شده باشید!! نرم افزار در هنگام ثبت نام نیاز به شناسه معرف داره و بدون این شناسه هم امکان ثبت نام در نرم افزار وجود نداره
برای اینکه بتونید ثبت نام کنید شناسه زیر رو وارد کنید👇
m9999999m
یا در هنگام ثبت نام کد زیر رو به عنوان معرف بزنید👇

m9999999m
🔸 بعد از ثبت نام وارد بخش شناسه ها و مدعوین بشین و شناسه دلخواه خودتون رو بسازین و با استفاده از اون روی شبکه های اجتماعی و گروه هاتون تبلیغ نرم افزار رو بکنین تا دوستانتون با لینک خودتون ثبت نام انجام بدن.

⚠️ دوستان توجه کنین چون این نرم افزار اخیراً معرفی شده و هنوز عده زیادی با اون آشنایی ندارن و نصبش نکردن جای زیادی برای معرفی و رشد داره؛ پس مسلماً دوستانی که سریعتر ثبت نام کرده و اون رو به دوستان خودشون معرفی بکنن موفق‌تر خواهند بود

شناسه‌ی معرف هنگام ثبت نام:
m9999999m

در تصویر زیر شیوه نصب و عضویت در اپلیکیشن 7030 مشروح است"
36,254611,['فروش'],فروش یا اضافه کردن شستا؟
37,254626,['قیمت'],سلام تو این کشف قیمت ها مثل همین گشان سهام فروخته میشه یا فقط سفارش گرفته میشه؟ اخه اوایلش خیلی مبالغ سفارش مفته
38,254891,['حمایت'],سلام درصورت شکست حمایت تکلیف چیه؟ خوبه مجمع رفت
39,254898,['خرید'],سلام دوستان واسه فردا کسی پیشنهاد خرید داره؟
40,254927,"['حمایت', 'مقاومت']",استاد منظور از حمایت و مقاومت چیه ممنون میشم توضیح بدین
41,254932,['تارگت'],تارگت وسرمد لطفا
42,255729,['فروش'],زقيام نگهداري يا فروش ؟لطفا
43,255761,['قیمت'],سلام شستا بازم مثل امروز با قیمت بالا باز میشه؟؟؟
44,255786,"['حمایت', 'مقاومت']",فسازان لطفا روند و مقاومت و حمایت
45,256185,['خرید'],سلام خسته نباشید #آسیاو#دبالک برای ورود خرید
46,256193,['خرید'],الان شستا برای‌ خرید خوبه؟
47,256217,['خرید'],ومهان فردا منفی باشه خوبه واسه خرید
48,256222,"['حمایت', 'مقاومت']","فباهنر لطفا
شامل حمایت و مقاومت های سهم"
49,256229,['قیمت'],"دوستان یه سوال 
وقتی حجم معاملات حجم مبنا را پر نکنه قیمت فردا با همون قیمت روز قبلش باز میشه"
50,256237,['فروش'],صبا هم صف فروش
51,256242,['خرید'],"دوستان اگر به فکر سرمایتون هستید حتما قبل خرید هر سهمی p/e سهمو چک کنید
خیلی از سهما با peخیلی بالا با سفته بازی و دروغای کانالای بورسی حباب دارن"
52,256245,['خرید'],سلام غاذر برای خرید چطوره؟؟؟؟؟
53,256447,['فروش'],ثمسکن و البرز و دماوند نگهداری یا فروش
54,256498,['حمایت'],حمایت وبوعلی لطفا
55,256951,"['خرید', 'قیمت']",سلام مادیرا قیمت خرید ۴۲۸۴۰
56,257054,['خرید'],"سلام، پسهند لطفا تحلیل کنید ً 4300 خرید زدم
بعد مجمع فقط ریزش داشته"
57,257075,['کف'],سلام به همگی..چ نمادی از کف  ارزشمنده ک بخریم؟؟
58,257104,['خرید'],"سلام لطفا
نظرتون درباره خرید رانفور دراین روزها"
59,257111,"['هدف', 'قیمت']","سلام 
 نماد بکام رو در قیمت 9000خرید برای بازه سه ماهه هدف چند باشد"
60,257218,['ضرر'],با توجه به حمایتها و مقاومتها تصمیم گیری نمایید و به حد ضرر تان پایبند باشید.
61,257277,['ضرر'],به حد ضرر خودتان پایبند باشید.
62,257552,['هدف'],خگستر هدف کوتاه مدت
63,257566,['قیمت'],سلام. حکشتی برای میان مدت قیمت 2900 هریدم
64,257567,"['خرید', 'قیمت']",سلام لطفا کرازی با قیمت خرید ۲۰۴۳۴ با دید کوتاه مدت تحلیل فرمایید.
65,257582,"['خرید', 'سقف', 'فروش', 'قیمت']","⭕️ روش خرید عرضه سهام دولتی در بورس
🖌شرکت های قابل عرضه :بانک‌های ملی، سپه، مسکن، کشاورزی، رفاه،.........
🖌سقف خرید دومیلیون
🖌کف خرید ده هزار تومان
قیمت هر واحد ده هزار تومان
🖌ویژه هر ایرانی بدون محدودیت سنی
⭕️نماد بورسی آن 👌دارا یکم
سقف 200سهم
اگر کد بورسی ندارید با سامانه بام یا اینترنت بانک یا همراه بانک ویا با مراجعه به شعب بانک ها
🖌نحوه فروش بعد از دو ماه که در پرتفو باشه و طریق کدبورسی
🖌بخریم، بله جذابیت لازم را دارد."
66,257597,['قیمت'],شستا قیمت خرید1666تومن
67,257599,['سقف'],غگل بلند مدت تا سقف قبلی خودش میره
68,257639,['خرید'],شاوان برای میان مدت و خرید بالا
69,257822,"['حمایت', 'مقاومت']","در پاسخهایی که  توسط بنده ارایه  شده 
خط چین قرمز مقاومت
خط چین سبز حمایت
و خطوط زرد خط روند میباشد"
70,258139,['خرید'],سلام تاصیکو میان مدت خرید ۱۰۰۰ تومان
71,258149,['ضرر'],"سلام
شپاکسا   ۱۶درصد ضرر"
72,258213,['خرید'],مگه منفی خورده ، امروز که دیگه جم شد با پایانی مثبت ۲.۳۰ ،،، دلیل اینکه یهو از صف خرید اومد به منفی افشای اطلاعات بود که ایشالا از شنبه پرقدرت میره واسه صعود
73,258224,['خرید'],شیران فرصت مناسب برای خرید
74,258225,['فروش'],شستا فروش یا نگهداری؟
75,258926,"['حمایت', 'مقاومت']","با درود و احترام 
حریل آپدیت
لطفا نقاط مقاومت و حمایت را بنویسید
سپاس🙏🙏"
76,258967,['خرید'],"ثشرق
خرید در ۱۰۰۰ تومان
بلند مدت"
77,259389,['فروش'],"سلام
صبا ، وبملت رو نگهداری یا فروش"
78,259834,['حمایت'],"با درود و احترام
دزهراوی آپدیت
لطفا نقطه مقاوت و حمایت را بنویسید
سپاسگزارم"
79,259840,"['حمایت', 'مقاومت']",سلام مقاومت و حمایت وسرمد
80,260218,['قیمت'],سلام وغدیر رو قیمت 11415خریدم به دید کوتاه مدت
81,260231,['مقاومت'],"سلام لطفا حخزز
مقاومت 
خروج"
82,260286,"['خرید', 'فروش']","دوستان عذر میخوام کارمزد خرید یک درصده یا یک و نیم
فروش چطور 🙏"
83,260289,"['خرید', 'فروش']",یک و نیم خرید و فروش
84,260808,"['مقاومت', 'فروش']",دوستان بازاري كه يا صف خريده يا صف فروش تحليل به چه كاري مياد؟؟؟ طرف سهمشو زير خط مقاومت ميفروشه تحليل به چه كاري مياد
85,260813,['خرید'],"✅دوستان کسی سرمایه بالای یه میلیارد داره بیاد پیوی برای خرید گروهی 
تا به حال ۸۳ نفر هستیم"
86,260975,"['خرید', 'قیمت']","حخزر قیمت خرید 38750 ریال 
کوتاه مدت"
87,260977,['حمایت'],شاخص هم وزن حمایت چنده
88,260978,['فروش'],تا چند بره برا فروش خوبه
89,261004,['ضرر'],"این دو هفته با سرمایه کمم هفت میل ضرر کردم چقدر صبر کنم 
همش کتک تازه واردارو میخورم"
90,261005,['ضرر'],فجر ۱۵ درصد ضرر میان مدت لطفا نظرتونو بگید
91,261019,['حمایت'],راجب اصلاح شاخص توضیح بفرمایید تا کجا حمایت داره
92,261021,['مقاومت'],مقاومت البته
93,261299,['خرید'],شستا نگهداری یا خرید
94,261846,['قیمت'],سلام کشرق  تو قیمت ۷۱۰۰خریدم دید میان مدت
95,261857,"['خرید', 'قیمت']","فاسمین
 قیمت خرید ۴۲۶۸۷ ریال
چشم انداز سه ماهه
لطفا تحلیل بفرمایید"
96,261875,['فروش'],"سلام 
تحلیل و آپدیت غمینو 
آیا افزایش سرمایه داره 
نگهداریم یا فروش تو این شرایط 
الان سر ب سرم"
97,261876,['خرید'],سلام دارویی خوبه یا موقتیه واسه خرید
98,262295,['قیمت'],شکلر تا چند میره من تو ضررم بت قیمت ۵۴۰۰ خریدم
99,262302,['فروش'],دوستان صف فروش تپکوچند بار می خوان جمع کنم
100,262307,['ضرر'],"سلام خسته نباشید آقای مدیر به نظر شما دماوند نگه دارم یا بفروشم خیلی ضرر کردم  الان یه سهم شکلر و دماوند دارم بازار را چطور پیش بینی میکنید.
باسپاس"
101,262348,['خرید'],سلام،کلر،قیمت خرید ۹۳۰۰،هدف میان مدت،نظرتون؟
102,262523,['تارگت'],تارگت غشهداب چه عددی است؟
103,262528,['خرید'],"سلام وقت بخیر
ساربیل برای خرید خوبه فردا خردی بزنم؟"
104,262531,['قیمت'],سلام ،میهن، قیمت خرید۳۲۳تومان کوتاه مدت
105,262556,"['خرید', 'ضرر']","امروز کارگزاری مفید موجودی رو منفی کرد و اجازه خرید نداد هنوزم درست نشده 
چه راهکاری دارید 
لااقل 10 درصد و با 5 درصده فردا 15 درصد ضرر زد با منفی کردن موجودی"
106,262576,['خرید'],دوستان نحوه خرید عرصه اولیه توی مفید جطوریه؟بصورت دستی
107,262588,"['سیگنال', 'خرید']",سلام من تازه شروع کردم یه سیگنال خرید سه شنبه میگید  ممنون
108,263079,"['حمایت', 'مقاومت']",توریل لطفا با حمایت و مقاومت
109,263100,['خرید'],دزهراوی با مثبت ۲۰باز شد صف خرید
110,263117,['ضرر'],از آگاس فقط نوسان میگیرن من دو هفته بود داشتم با یه در صد ضرر ردش کردم
111,263127,['خرید'],"سلام
وصنعت برای خرید مناسبه؟"
112,263136,"['خرید', 'فروش']","فروی فسپا فپنتا
لطفا تحلیل برای خرید و فروش"
113,263142,['ضرر'],خیلی ضرر کردم
114,263147,['خرید'],شپنا لطفا برای حجم خرید بالای سیصد میلیون تومن
115,263152,['فروش'],ولغدر نگهداری یا فروش
116,263397,['حمایت'],با توجه به حمایت ها و مقاومتها تصمیم گیری نمایید.
117,263406,"['حمایت', 'ضرر']",برای خودتان حد ضرر تعیین کنید و به آن پایبند باشید و اگر نتئنستید از سهم خارج شوید بر روی حمایت معتبر با میانگین کم کردن میتوانید ضرر خود را کاهش دهید.
118,264009,['قیمت'],سلام حآسا قیمت ۲۲۴۸ کوتاه مدت
119,264033,['خرید'],"سلام تحلیل  ولانا  خرید 3000
دید میان مدت 6000"
120,264038,['فروش'],سلام خگستر برای فروش
121,264053,"['حمایت', 'مقاومت']","با درود و احترام
دزهراوی آپدیت
لطفا نقطه مقاومت و حمایت را بنویسید"
122,264068,['حمایت'],سلام توریل لطفا حمایت و مقاوم
123,264871,"['حمایت', 'مقاومت']",سلام توریل لطفا ، حمایت و مقاومت
124,265069,"['حمایت', 'مقاومت']",لطفا حمایت و مقاومت شپنا
125,265096,['خرید'],نظر دوستان وتجارت خرید 60 تومن برای بلند مدت؟؟؟
126,265128,"['خرید', 'قیمت']",سلام جهرم ۲۷۸۰کگل۱۵۳۲۷وتجارت۲۱۶۸شکلر۴۷۵۲۵هرمز۱۲۰۴۳این قیمت خرید و کوتاه مدت وبلندمدت لطفا
127,265688,['خرید'],"دوستان این دارا یکم منقضی شده جریانش چیه ؟

از روز های قبل کسی نخریده دارایکم ببینیم در چه حاله ؟ چجوری براش خرید زده ؟😂😐"
128,265689,['خرید'],سلام منم خرید زده بودم دارایکم و ولی منقضی شده کی میشه خرید کرد
129,265695,['خرید'],چرا واسه من خرید نزد پیزد رو؟
130,265708,['خرید'],سلام فولاد لطفا میخوام سنگین خرید بزنم
131,265715,['خرید'],سلام ، خرید دارایکم برای من علیرغم درخواست از کارگزاری، انجام نشده، آیا راه حلی وجود داره؟
132,265716,['قیمت'],سلام. من شکلر دارم و به قیمت ۴۷۹۱۰ ریال خریدم و الان از اون روز منفی هست. نظرتان در مورد این سهم با دید میان مدت چیه؟؟
133,265718,['قیمت'],"درود بر شما... وغدیر.. قیمت ورود 1051.
میان مدت."
134,265725,['خرید'],"سلام 
دارایکم فرصت خرید هست؟"
135,265731,['خرید'],"سلام غسالم  برای خرید چطور هست؟
شکایت بر علیه غسالم واقعیته؟؟؟"
136,265732,"['حمایت', 'مقاومت']","خواهش می کنم
تمنا می کنم
 دزهراوی آپدبت
ممنون میشم نقطه حمایت و مقاومت را بنویسید"
137,265736,['خرید'],سلام من پیزد خرید زدم خرید انجام نشد پول بر نگشت
138,265868,['خرید'],"📌اطلاعیه درباره پذیره نویسی صندوق واسطه گری مالی یکم/ 

⬅️پذیره نویسی واحدهای سرمایه ‏گذاری صندوق واسطه گری مالی یکم (دارا یکم) که به منظور واگذاری سهام متعلق به دولت جمهوری اسلامی ایران در بانکهای تجارت، ملت، صادرات و بیمه البرز و بیمه اتکایی امین تاسیس شده، صرفا شامل اشخاص حقیقی ایرانی بوده و اشخاص حقوقی نمی توانند در پذیره‏ نویسی شرکت نمایند و استفاده از حساب آن‏ها برای پرداخت وجوه نیز امکان‏پذیر نیست. 

⬅️پس از پایان پذیره نویسی، به هر شخص حقیقی ایرانی حداکثر 200 واحد تعلق خواهد گرفت. 

⬅️در صورت فزونی تقاضا بر عرضه، از روش تسهیم به نسبت برای تخصیص واحدهای صندوق استفاده خواهد شد. 

⬅️ساعت ورود سفارشات در سامانه معاملات از ساعت 14:00 لغایت 16:00 هر روز تعیین شده است. 

⬅️در انتهای هر روز سفارشات خرید وارد شده جمع آوری شده و تمامی سفارشات باز از سامانه معاملاتی حذف خواهد شد.

⬅️ لذا متقاضیان در هر روز پس از پایان زمان سفارش گیری نمی توانند درخواست خرید خود را ویرایش یا حذف نمایند. نبر تا تاریخ پایان پذیره‌نویسی صندوق خواهد بود. 

⬅️شرکت‌های کارگزاری و شرکت‌های ارائه دهنده خدمات برخط موظف هستند نسبت به نگهداری وجوه مورد نیاز جهت انجام پذیره‌نویسی تا مشخص شدن سهمیه تعداد واحد برای هر فرد و تخصیص آن اطمینان حاصل نمایند. 

⬅️معاملات ثانویه واحدهای سرمایه گذاری صندوق سرمایه‌گذاری قابل‌معامله، حداقل 2 ماه پس از اتمام پذیره‌نویسی و ثبت صندوق، در بازار بورس اوراق بهادار تهران آغاز می گردد.(این زمان بعدا به یک ماه کاهش یافت)

⬅️ تمامی اشخاص دارنده واحد صندوق، برای انجام معاملات ثانویه باید دارای کد بورسی باشند."
139,265873,['خرید'],شایان ذکر است تاریخ خرید از طریق سامانه های انلاین بورسی شما عزیزان از ساعت 18 دیروز به بعد ممکن نیست و زمان خرید از این طریق تمام شده است.
140,266953,"['ضرر', 'هدف']",دانا، پاکشو. حد ضرر و هدف
141,267333,['خرید'],سلام لطفا وثوق رو تحلیل بفرماید خرید ۱۹۲۰ کوتاه مدت
142,267335,['فروش'],اخابر ورود۸۵۰ فروش یا نگهدارب
143,267773,['خرید'],"سلام
وسدید ۳۲۸۰تومن خرید شده
دید کوتاه مدت نهایتا ۲ماهه"
144,267775,['قیمت'],"سلام خسته نباشید 
من سهم سید کو را امروز در قیمت ۸۷۸۰خریداری کردم درسود بود وبعد منفی ۵ درصد شد 
تحلشلشو میخواستم برای میان مدت یا بلند مدت"
145,267811,"['خرید', 'ضرر']","سلام به همه دوستان من تازه وارد بورس شدم اصلا تجربه ندارم 
لطفا اگه امکان داره یه کم اطلاعات در اختیارم بزارید.
مثلا-برای خرید باید چی چیزهایی را مد نظر داشته باشم تا ضرر نکنم؟
با تشکر🌷🌷"
146,267822,['خرید'],دوستان ۴ شنبه درخواست خرید دارایکن دادم بعد از سفارشام حذف شد تا امروزم پولم بلوکست الان چکار کنم
147,267837,['خرید'],سلام نظرتون درمورد خرید حآسا
148,268637,"['حمایت', 'مقاومت']","با درود و احترام
لطفا آپدیت 
حریل 
وپارس
ممنون میشم نقطه مقاومت و حمایت را بنویسید"
149,268690,['قیمت'],"شگویا از دقتی عرصه شده نفروختم
دیدم هم کوتاه مدت اگه به قیمت ۱۵۰۰یا۱۴۰۰ برسه میخوام بفروشم
جا داره بره بالا؟؟؟"
150,268691,['خرید'],سلام کسی میدونه سرمایه لازم برای خرید دو ارز اولیه  جدید چقدره؟
151,269205,"['خرید', 'قیمت']","سلام
لیست سبد بنده و قیمت خرید آنها... با دیدگاه کوتاه، میان و بلند مدت
ذوب آهن ۵۸۳۰
شستا ۱۴۷۷۱
شستا ۱۵۱۱۸
شستا ۱۵۰۰۱
فارس ۱۶۲۹۰
کچاد ۱۶۵۲۱
هرمز ۱۰۶۷۰
ونیرو ۶۱۳۵
فملی ۱۵۰۲۹
شپنا ۱۲۲۵۱"
152,269223,"['حمایت', 'خرید']",سلام سه شنبه خرید غسالم چطوره الان در حمایت هست
153,269224,['قیمت'],وسکاب  قیمت خرید۷۷۰  و میان مدت
154,269734,['فروش'],۳هفته اصلاح نیست ریزش ملت میرن تو صف فروش که برن خودرو ثبت نام کنن دولت به حقوقی ها نامه میزنه نخرید ی عده عجولم که میرن صف فروش قفل میشه معلوم نیست کی میخان بازار جمعش کنن
155,269740,"['حمایت', 'مقاومت']",دولت جوری از بورس حمایت کرد کلا تحلیل و مقاومت و حمایتو همه ی اینارو برد زیر سوال
156,269741,['سیگنال'],بقران در عجم از کسایی که سیگنال میخوان . اخه وقتی شاخص داره سقوط میکنه دنبال چی هستین . این رسما ریزشه نه اصلاح . شاخص تا 840 میاد پایین .
157,269747,['حمایت'],"👇👇👇👇
علاوه بر حمایتهای گفته شده، حمایت 1322 تومان را هم دارد."
158,269812,['ضرر'],سعی کنید روی سهامتان تمرکز کنید به جای شاخص و برای سهامتان حد ضرر تعیین کنید و در صورت امکان به آن پایبند باشید و در صورتی که نتوانستید از نماد خارج شوید با توجه به حمایتها و نقاط PRZ نسبت به کم کردن میانگین اقدام کنید. در مورد روند بازار هم می توانید گزارش های موجود در کانال را گوش دهید.
159,270302,['خرید'],سلام دوستان،با توجه به تیک اتومات عرضه اولیه تو کارگزاری مفید چرا واسه من سهام اریا خرید نشده
160,270319,['خرید'],سلام برای اینکه خرید ها رو زودتر سفارش بگذاریم که آخر صف خرید نباشیم تو کارگذاری مفید چکار باید بکنیم؟
161,271371,['خرید'],"سلام 
سدور لطفا ؟
۱۳۸۴ خرید کردم 
میان مدت"
162,271391,['فروش'],"سلام ما دیرا
ما دیرا
مادیرانگهداری یا فروش اصلابالانمیره ۲۰درصدضررم تکون نمیخوره"
163,271402,['مقاومت'],سلام مقاومت وصنا  ممنون میشم
164,271406,['هدف'],ولساپا هدف کوتااه مدتش،؟؟؟؟؟
165,271660,['ضرر'],سلام فملی را نگهدارم یا بفروشم ۸ در صد ضرر هستم
166,271711,"['خرید', 'قیمت']","فلات
قیمت خرید 18500
کوتاه مدت

ولانا
قیمت 35500
میان مدت
ممنون"
167,271868,"['خرید', 'تارگت', 'هدف']","جو فضای تلگرام به حدی بد شده به حدی افتضاح شده که دیگه بدتر از این قابل تصور نیست.
با نمودارهای ساختگی که هیچ گونه دلیل علمی نداره تارگت 2.5 میلیونی میدن به شاخص طی 24 روز!!!
والله که من طی بیست سال تحلیل و مطالعه چنین تحلیل هایی رو در هیچ کتاب و مقاله و هیچ نوع بازاری ندیدم.
ديگه کار از تحلیل عبور کرده تبدیل شده به غیب گویی و جادوگری. عده زیادی تازه وارد سرمایه عمر و زندگیشون رو آوردن و با این تحلیل‌های جادویی نرن ته پرتگاه خوبه.
هدف چیه نمیدونم.
هیچ گونه رحم و مروت و صداقت دیگه نمونده. 
دزد بازاری شده تاریخی. سرقت و کپی تحلیل. ایجاد کانال وی آی پی 
پیام‌های زیادی مبنی بر خرید بی مهابا چون فلان خانم گفته 24 روز شاخص میشه 2.5 و.......
من یکی دیگه بریدم واقعا.
من نه پاسبان بازارم و نه نگهبان سرمایه شما و نه دشمنی دارم با کسانی که هر گونه نظری در مورد بازار دارند ولی آزادی قلم و نظر این نیس بخدا. این تشویش اذهان و ایجاد بلبشو و بهم ریختن بازاره.
هر کسی هر قدر تازه کار باشه باید ذره ای عقل و شعور و تفکر هم داشته باشه.
من بگم سکه بخرید بعد 24 روز میشه 15 میلیون شما نباید کمی تفکر داشته باشید؟؟؟
اینهمه پیام که نظر تو چیه. نظر من لازم نیس.  مواظب این سرمایتون باشید فقط.
شورش درومد دیگه شاخص یک میلیاردی. فلان سهم 800 تومنی تارگت 130 هزار تومنی و از این دست مسخره بازی.

به نقل از آقای خالقی"
168,272010,['خرید'],سلام  خرید بزاریم  بعد از مجمع  یا  الان  خرید  کنیم
169,272142,['ضرر'],شاخص کل در حال پولبک زدن  هست و این بالا پایین شدن ها طبیعیه.سهامتون با در نظر گرفتن حد ضرر نگهداری کنید.فروش معنا نداره.فقط سهامداری کنید
170,272163,['فروش'],سلام آیا میشود بعد از مدت ارائه شده برای فروش ۳۰ درصد سهام عدالت اقدام کرد
171,272650,['خرید'],سلام دکیمی خرید ۲۸۰۱ میان مدت
172,272672,['خرید'],سلام ثشاهد رو تحلیل می‌فرمائید  برای خرید خوبه؟
173,272687,"['خرید', 'سقف']",دوستان نمیدونین سقف خرید وغدیر چقدره . پونزده تومن خرید زدم ارور داد بیشتر از حد مجاز .لطفا راهنمایی کنبن
174,273246,['فروش'],سلام یک ماه تو صف فروش بیمه تعاون هستم
175,273257,['خرید'],سلام.وقت بخیر.میشه از معایبِ خرید گروهی ، توضیح مختصری ، راهنمایی کنید!!
176,273294,['حمایت'],"حمایت 950 و850رو داره
مقاومتها1170"
177,273642,['سیگنال'],سلام.دوستان عزیزم یکی سیگنال بده
178,273647,['خرید'],"دوستانی که تبحر دارند🌸
لطفا از گروه: قند سیمان دارو
یا سهم های خوب دیگه💥
کوتاه مدت
برای خرید شنبه معرفی کنید🙏"
179,273662,['فروش'],"#
پدرخش جهت فروش لطفا"
180,274075,['ضرر'],سلام شیمیایی.پتروشیمی جهرم بیزحمت  ۲۸۰خریدم.حدوده هشت میلیون الان نزدیک به یک میلیون ضرر داده.نظر بدین لطفا🌷
181,275634,['تارگت'],"سهم دتولید
من این سهم رو که روی ۲۰۰۰ تومن فروخته بودم مجددا روی ۴۵۰۰ تومن خریدم.

من کوتاه مدتی میخواستمش ولی بخشی رو بلند مدت سهامداری می کنم.

آیا حرکت این سهم بیش از اندازه شارپی نیست 
تارگت و حد ضررش چیه"
182,275658,['خرید'],فبیرا برای خرید عالیه یانه
183,275669,['خرید'],سلام.استاد ببخشید من خرید سنگین تو شبندر دارم تو نقطه سر به سر ۲۱۷۰ تومان.با توجه به رشد بعد از اصلاح هنوز تو ضررم.۳ شنبه هم افشای الف داشت که حدود ۲۰ درصد سود برد.آینده کوتاه مدت شبندر رو چطور ارزیابی میکنید
184,276112,['فروش'],سلام واحیا رو تا کجا نگه دارم این سهم قدیمیه پولی بابتش داده نشده اما میخوام حداکثر سود فروش بره
185,276170,['خرید'],"سلام من 300میلیون دارم وام گرفتم برای خرید خونه
کسی یه سهم خوب سفر داره لطفا"
186,276195,['سیگنال'],بالاخره کدوما سیگنال گروهه هرکسی چند تا سهم معرفی میکنه
187,276603,['قیمت'],"یه سوال داشتم
حق تقدم استفاده نشده کی به حراج گذاشته میشه؟
الان مثلا زقیام قیمتش 3100
حق تقدمش با 2200 بسته شده
قیمت حراجی چقدر خواهد بود؟"
188,276665,['فروش'],"# فجر فروش یا نگهداری؟
کوتاه مدت"
189,276691,['خرید'],تو این ساعت چه نماد هایز خرید میشه زد؟
190,276817,"['حمایت', 'مقاومت']","#ُغسالم
مقاومت 1419 تومان و 1600 تومان 
حمایت  1103 تومان و 970 تومان"
191,276921,['سیگنال'],سلام دوستان من از برنامه سیگنال احرار هویت رو انجام دادم و پیامک تاییدش اومد حالا میشه کمک کنید از کدوم کارگذاری میشه غیرحضوری ثبت نام کرد بدون رفتن به دفاتر پیشخوان
192,276941,['خرید'],صندوق طلا پشتوانه لوتوس واسه خرید بلند مدت
193,276971,['خرید'],سلام نظرتون با خرید برکت چیه؟
194,277228,['مقاومت'],مقاومت پردیس و بهپاک چنده؟بهپاک رو نگه دارم یا بفروشم بجاش های وب بگیرم؟
195,277232,['خرید'],"سلام
دماوند   خرید لطفا"
196,277250,['مقاومت'],مقاومت اول شاخص کل لطفا
197,277278,['قیمت'],سلام. نماد اخابر با قیمت 16/600 ریال خریدم... میخام در میان مدت وضعیتش رو بدونم... با تشکر
198,277297,['خرید'],سلام ببخشید نظرتون در خصوص خرید بکام امروز
199,277564,"['سیگنال', 'خرید', 'فروش']","در این گروه به هیچ عنوان سیگنال خرید یا فروش صادر نمیشود.
صرفا تحلیل سهم ها ارائه میشود."
200,277971,"['خرید', 'ضرر', 'فروش']",سلام دوستان امروز نوسانی وساپا خرید کردم خواستم زود بفروشم دکمه فروش کار نمیکرد یعنی خاموش بود سهم رفت تو ضرر زنگ زدم کارگذاری میگن مشکل از ما بوده ولی کاری نمیشه کرد به نظرتون چیکار کنم؟ممنون میشم راهنمایی کنید
201,278058,['مقاومت'],"👆👆👆   
درگیر مقاومت 4000 همین تحلیله"
202,278457,['فروش'],حخزر نگه داری یا فروش
203,278490,['فروش'],سلام سشرق فروش یا سهامداری
204,279012,['خرید'],"1.سهم غشهداب
الف)قیمت خرید :45345
ب)کوتاه مدت"
205,279047,['فروش'],سلام. حکشتی بااین تحریم ها فروش سهام عدالت وصف فروش برای نگهداری مناسبه یا بفروشم. تشکر
206,279061,['خرید'],وغدیر برا خرید خوبه؟
207,279075,['خرید'],وخوارزم برای خرید تحلیلتون چیه؟
208,279184,"['خرید', 'فروش']",پیشنهاد ومشاوره خرید فروش نداریم خودتون بررسی بفرمایید
209,279636,['قیمت'],سلام در مورد سهم زعفران ورود برای میان مدت نظرتون چیه؟ با توجه به اینکه اعلام کردند قیمت زعفران میخواد 2 برابر بشه
210,279696,['خرید'],سلام ببخشید  روز شنبه برا خرید لکما مناسبه ممنون میشم اگه جواب بدین
211,279697,"['خرید', 'قیمت']",سلام حکشتی دارم قیمت ورودم 2800بوده از فروردین خرید زدم دیدم میانمدته نظرتون لطفا🙏🙏🙏🙏
212,279705,['تارگت'],لطفن تارگت اول و نهایی شغدیر؟
213,279956,['خرید'],سلام خودرو چطوره برا خرید
214,280291,['ضرر'],سلام تحلیل وبرق با حد ضرر لطفا ممنونم
215,280296,['خرید'],سلام صبح بخیر.ولتجاررابررسی فرمایید برای خرید
216,280943,['کف'],"سلام وعرض ادب
لطف می کنید سمگا را تحلیل کنید با توجه به اینکه روی کف قیمتی است یکماه داره درجا می زنه"
217,280965,['هدف'],"غسالم تاریخ ورود حدودا ۹۹/۳/۵ حدودا ۱۴۱۰ تومان
هدف کوتاه مدت.....تشکر از استاد گرامی"
218,281886,['مقاومت'],"با درود و ادب
حریل
وتحلبل مقاومت بعدی شاخص"
219,281905,"['خرید', 'قیمت']","با سلام 
پر دیس قیمت خرید را نمیدذپم ولی 180در صد سود دارم میان مدت"
220,281942,['حمایت'],شفارس لطفا، حمایت و مقاومتش
221,281949,['هدف'],من دلر ازقیمت 4هزارتومن دارم لطفا هدف پیش این سهم رو بفرمایید؟
222,282261,"['حمایت', 'کف', 'قیمت']",غشان کی میخواد حمایت بشه خیلی کف قیمت هست که
223,282330,['خرید'],تپکو خرید کوتاه مدت
224,282362,['هدف'],"سلام خدا قوت
لطفا در مورد سیو سود توضیح دهید .آیا وقتی سهم به هدف رسیده باید انجام بشه یا هر وقت به درصدی از سود رسیدیم و احتمال منفی شدن بازار را می دهیم؟
ممنونم"
225,282569,"['حمایت', 'مقاومت']",ببخشیدا ولی همه تحلیلاتون که همش خطوط حمایت آبی و مقاومت قرمز هست😐😐😐
226,282710,"['حمایت', 'مقاومت']","سلام ، روال تحلیل های ما اینگونه است که مقاومت ها با رنگ قرمز و حمایت ها با رنگ آبی مشخص میشوند.
در خصوص پاسخ های تحلیلی سهام ها در گروه نیز صرفا محدوده های حمایت و مقاومت رو مشخص میکنیم.
ارائه تحلیل های جامع در کانال و گروه انجام میشود که میتوانید اسم سهم مورد نظر را # جستجو کنید"
227,282728,['سیگنال'],"دوستان به اکثر سوالات شما پاسخ داده شد.
نماد هایی که بدون پاسخ ماندند تحلیل های گروه همچنان معتبر میباشد.
لطفا درخواست اعلام سیگنال ورود و خروج سهم و یا معرفی سهم نفرمائید. 
در این گروه صرفا تحلیل سهام ارائه میشود.
شب خوبی داشته باشید.🌹"
228,282948,"['حمایت', 'مقاومت']",با سلام.لطف کنید مقاومت و حمایت نماد قشیر .با تشکر.تا حالا چند بار سوال کردم ولی ادمین ها  جواب ندادین.به صورت سلیقه ای جواب میدن .با تشکر
229,283056,"['مقاومت', 'سقف']","در صورت تثبیت بالای سقف قبلی در محدوده 3800 تومان به سمت مقاومت 4200 تومان حرکت خواهد کرد.
حمایت3638 و 3320 تومان"
230,283201,"['حمایت', 'مقاومت']",سلام استاد عزیز فولاد ناحیه حمایت مقاومت تحلیل میکنید لطفا 😍
231,284277,['فروش'],زمان فروش وتجارت وبصادر گی میباشد
232,284459,['خرید'],خکرمان خرید ۶۳۰ میان مدت
233,284462,"['خرید', 'فروش']","از دوستان خوبی که تجربه و دانش بورسی دارند ممنون میشم که جواب نسبتا دقیقی به این سوالم بدهید . من ۳۶۰ میلیون دارم که ۱۱۰ تومان آن سهام است و ۲۵۰ تومان ان نقد که میخوام سهام بخرم برای نگهداری تا عید قصد خرید و فروش هم ندارم چون بلد نیستم .
 تا عید این ۳۶۰ میلیون من تبدیل میشود به چقدر ؟ 

۷۰۰ تومن
یک میلیارد
دو میلیارد 
سه میلیارد

لطف بفرمائید راهنمایی ام کنید ممنون میشم"
234,284471,['قیمت'],"دوستان خودرو رو قیمت ۱۵۰گرفتم 
کم گرفتم میخام اضاف کنم بنظرتون وقت مناسبی هستش ؟
اصلاح هم داره؟"
235,284482,['فروش'],"با سلام و احترام.
بنده ميخوام ١٥٠ ميليون بدم سهام و قصد خريد و فروش ندارم لطفا يك سهم ياسبدي معرفي كنيد كه اگر تا عيد نگه دارم ١٥٠ درصد سود بده
ممنون"
236,284486,['هدف'],میشه بگید وسبحان از کی رشدش شروع میشه و هدف اولش چنده
237,284487,['خرید'],سلام لطفا # های وب برای  خرید و نگهداری
238,284982,['سقف'],اولین مقاومتش همون سقف قبلیشه که باید بشکنه بگذارید بگردم ببینم ادمین های عزیز تحلیل کرده اند یا خیر
239,284997,['ضرر'],از نظر تکنیکالی روندش خوبه موقعیتش هم خوبه اگر سهم رو دارید بهترین کار اینه که با هر رشد حد ضرر رو تریل کنید
240,285002,['قیمت'],"این تحلیل رو ببینید در قیمت 2390 تومان به پولبک اشاره کرده اند و نمودار خیلی واضح و دقیق ترسیم شده است و نماد از همون محدوده اعلامی شروع به حرکت کرده و امروز که بنده در خدمتتون هستم 2650  تومنه 
در بازار سرمایه همیشه سهام باید در قیمت خریده شود"
241,285003,['حمایت'],ما تکنیکالی ها همیشه میگیم که بهتره سهم خوش بنیاد در حمایت معتبر خریداری شود نه در هر قیمتی
242,285005,"['حمایت', 'قیمت']",در قیمت 160 تومان در حمایت معتبر بود
243,285009,"['خرید', 'فروش']",قدیم ها که اینجوری بود ( الان رو نبینید که هر روز دارید برای کارگزاری ها کار میکنید و مدام خرید و فروش میکنید )
244,285014,['تارگت'],"یعنی بنده که سالهاست در بازار سرمایه فعالیت دارم توقع سودم به این شکل است که اگر تنها کمی از نرخ رشد تورم بیشتر سود کنم میگویم که موفق بوده ام ( اگر هم بیشتر از اینها شد خدا رو شکر ، شانس به ما رو کرده و اگر کمتر شد میگردم و ایراد هایم را پیدا میکنم و استراتژی ام را اصلاح میکنم  ) اما متاسفانه بنده یه تارگت هایی در بازار میبینم که اصلا خبری از سود 30-40 درصد در سال نیست ، توقعات 200 درصد در ماه شده است ، و متاسفانه بعضی از افراد خواسته یا ناخواسته به این موضوع دامن زده اند و بطور نمونه یکی دوتا از کانال ها که متاسفانه علی رغم تذکر های بنده باز هم به این موضوع ادامه داده است 
سعی کنید منطقی فکر کنید منطقی ترید کنید منطقی پول در بیارید"
245,285015,['قیمت'],شما وقتی میخواهید یک خونه بخرید از ده ها مشاور املاک سوال میکنید از ده ها سایت قیمت رو بررسی میکنید با چندین مشاور و معمار و بنا و.... مشورت میکنید همه متریال خونه رو در میارید  بعد چطوریه در بازار سرمایه همینجوری بدون آگاهی ، بدون دانش بدون علم ترید میکنید ؟
246,285055,['تارگت'],به طمع سود های عجیب و غریب با سرمایه تان قمار نکنید متاسفانه برخی کانال ها به این موارد دامن میزنند ، فکر میکنید برای بنده کاری داره یک نمودار بکشم و تارگت عجیب غریب بدهم ؟
247,285110,['تارگت'],"ببینید اینکه میبینید یه کانالی الان میاد تارگت های 20 هزار درصد میده  و به تذکر های ما توجه نمیکنه مطمئن باشید خواسته یا ناخواسته باعث آسیب زدن به شما میشه 
من نمیدونم چطوری ایشون به خودشون جرات میدهند با زندگی مردم بازی کنند ، برای چه؟ آیا برای شهرت؟ تا جایی که یادمه ایشون  ، مرداد یا شهریور تابستان 97 قصد داشتند در کلاس های تکنیکال بنده شرکت کنند و به گفته خودشون هیچ دانشی هم نداشتند و البته قبلا در گروه پرسش و پاسخ قبلی ما بودند ، مثل شماهایی که الان هستید 
بعدش چه اتفاقی افتاد که به اینجا رسیدیم رو نمیدونم 
من چند وقت پیش یک مطلب نوشتم که با سرمایه و زندگی مردم بازی نکنید"
248,285133,['تارگت'],بخدا اینجا قمارخانه نیست ، اینجا افراد دلسوز هم دارد که خون دل میخورند برای بازار نگرانند و بجای اینکه تارگت های رویایی برای سهام بکشند دنبال اینند که بازار هر روز پویا تر شود و ایرانی ها بجای اینکه پولشان را در بازار های موازی بگذارند و باعث تورم شوند و اقتصاد آسیب ببیند  سرمایه گذاری صحیح را بیاموزند
249,285173,['تارگت'],"بخدا همه چیز شهرت نیست  که بیاییم یه تارگت صد هزار درصدی بدیم و باعث آسیب به مردم بشیم 
مسئولیم"
250,285205,['ضرر'],نظر من در خصوص ثفارس اینه که هنوز ظرف زمانش رو پر نکرده و هنوز ورود پول هوشمندی در این سهم نمی بینم اگر سهم رو دارید حد ضرر رو رعایت بفرمایید
251,285221,['قیمت'],ببینید تحلیل تکنیکال کردن دو بُعد داره زمان و قیمت
252,285252,['مقاومت'],1200 مقاومت مهمی داره و به نظر من توانایی شکستنش رو داره  اما بازار میتونه هر نظری رو بشکنه و نشون بده که تحلیل ها میتونن غلط باشند
253,285270,"['حمایت', 'مقاومت']",دفعه قبلی که پرسش فرمودید و آقای قاسمی پاسخ دادند هنوز هم همون مقاومت و حمایت ها رو داره
254,285278,['قیمت'],نماد رو از قیمت های پایین تحلیل کردیم و خدا رو شکر رشد خوبی کرد  به زودی به به روز رسانی اش رو در کانال میزنم
255,285301,['مقاومت'],شپنا مقاومت مرز روانی 2000 تومان الی 2100 را در پیش دارد
256,286409,['مقاومت'],سلام مقاومت دی چنده ممنون میشم پاسخ بدید
257,286441,['خرید'],"سلام .
دزهراوی لطفاً تحلیل بفرمایید 
برای خرید روز شنبه نظرتون بفرمایید"
258,286769,"['خرید', 'هدف']","سلام ختوقا 
خرید در حدود ۸۰۰ تومن 
هدف کوتاه مدت 
سپاسگزارم"
259,286773,['خرید'],"بلند مدتی ۳ساله برای خرید با سرمایه ۵میلیون تومان
بلندمدتی ۱۵ ساله برای خرید با سرمایه ۷میلیون تومان 
معرفی میکنین؟ لطفا"
260,286796,['خرید'],"دزهراوی  میانمدت
 خرید 2200"
261,286838,['خرید'],سرخطی یعنی ۸ و نیم اردر خرید بزاری صف خریده  سهم
262,287069,['حمایت'],سلام.مقاومت و حمایت کحافظ لطفا🙏🙏🙏
263,287078,['خرید'],واسه فردا چی پیشنهاد خرید میکنید
264,287137,['هدف'],"غگل
هدف"
265,287324,['خرید'],"عرض سلام و ادب.
خواستم دوتا سهم رو برای مدت 8ماهه یعنی تا آخر سال معرفی کنید که بتونیم خرید کنید و حداقل بالای ۳۰الی ۴۰درصد سوددهی داشته باشه ممنون🙏🙏"
266,287342,['هدف'],استاد هدف خصدرا را می‌فرمائید؟
267,287398,['مقاومت'],سفارس مقاومت و حمايت ها مرسي
268,288078,['خرید'],دارایکم رو از بانک خرید چگونه تغییر کارگزار ناظر بدم بیاد تو سبدم؟؟؟
269,288190,['خرید'],"سلام 
در مورد صندوق ارزش افرین بیدار نسبت به خرید ان تحلیل می کنید ."
270,288439,"['سیگنال', 'خرید', 'فروش']",در گروه و کانال به هیچ عنوان سیگنال خرید یا فروش (ورود - خروج) سهم ها ارائه نمیشود
271,288535,"['حمایت', 'مقاومت']","همراهان گروه هزارتحلیل خسته نباشین 
به اکثر سوالات شما پاسخ داده شد
در تحلیل های بنده مقاومت ها به رنگ قرمز و حمایت ها به رنگ آبی رسم شده است. 

سوالاتی که بدون جواب ماندند تحلیل معتبری برای آنها موجود میباشد که لطفا مجددا جستجو بفرمائید (# نام سهم)
برخی سوالات نیز به دلیل رعایت نکردن تنها یک نماد بدون پاسخ ماندند.

شب خوبی داشته باشید 🌹"
272,288729,"['حمایت', 'مقاومت']",لطفا حمایت و مقاومت کحافظ🙏🙏
273,288739,['فروش'],إستادسلام و وقت بخير،تحليل جديد براي غشهداب!!نگهداري يا فروش؟امروز صف فروش گذاشتم بعد كنسل كردم
274,288900,['فروش'],خساپا نگهداری یا فروش
275,288911,['فروش'],سلام ...غگل.... لطفا فروش یا نگهداری
276,288958,['تارگت'],تارگت شغدیر؟
277,288962,['فروش'],سلام لطفا قشیر فروش یا نگهداری؟
278,289723,['ضرر'],"سلام من غسالم امروز خریدم
الان توی ضرر افتاده
فردا بفروشم؟"
279,289814,"['حمایت', 'مقاومت', 'ضرر']",حد ضرر تعیین کنید و به آن پایبند باشید. غسالم در نزدیکی 1080 حمایت و در 1300 مقاومت دارد.
280,289906,['قیمت'],"با سلام
من خگستر را با قیمت ۴۰۰ تومان و با دید پایان سال خریدم.
به نظرتون بذارم بمونه و کلا تحلیلتون درباره آینده بلندمدت این سهم چیه ؟
با تشکر"
281,289907,"['سیگنال', 'ضرر']",لطفا سهم ولیز را برسی کنید در ضرر هستم مهناز صادقی سیگنال کرده بود با تشکر
282,289977,['هدف'],هدف بلند مدت خریخت رو کسی میدونه؟
283,289980,['خرید'],سلام کسی پیشنهاد کوتاه مدت برای خرید فردا داره؟!
284,290024,['مقاومت'],"تحلیل معتبره
سهم روند صعودی گرفته و مقاومتها رو شکسته
مقاومت مهم 6875تومن رو داره فعلا"
285,290071,['حمایت'],800 تومن حمایت و 1000 و 1150مقاومت دارد
286,291255,['خرید'],خکرمان میان مدت خرید ۶۳۰
287,291265,['خرید'],ثاخت سنگین خرید زدم انشالله تا ۱۸۰۰ هستم باهاش
288,291415,['هدف'],هدف وبملت
289,291428,['خرید'],سلام ببخشین الان سهم دارایکم رو میشه خرید یافقط فروشه؟؟؟
290,291436,['خرید'],میشه خرید
291,291439,['خرید'],از زمانی که دارا یکم عرضه شد و ثبت سفارش زدم پولم بلوکه شده و الان هیچ اطلاعی ندارم که آیا خرید شده یا نه ؟ لطفا راهنمایی بفرمائید ، با تشکر.
292,291959,['قیمت'],سلام سخوز رو ۱۷۵۰خریدم الانم ۱۰ درصد ضررم اما بنظرتون چون تایم دارم میتونم صبر کنم عایا افزایش نرخ سیمان که ۶رساله اتفاق میوفته ممکنه این قیمت رو تکون بده
293,292246,"['حمایت', 'مقاومت']","با سلام و خسته نباشید خدمت همراهان گرامی
تحلیل بیشتر نمادها ، به تازگی در کانال و گروه به روز رسانی گردیده و مابقی سوالات نیز توسط سایر ادمین های محترم در گروه پاسخ داده شده اند.🌹
خواهشمندیم لطفا قبل از ارسال سوال ، تنها یکبار نام سهم را با # جستجو کنید.

در تحلیل های بنده مقاومت ها با رنگ قرمز و حمایت ها با رنگ آبی ترسیم شده اند.

پرسود و موفق باشید.🌸"
294,292482,['تارگت'],سلام لطفا تارگت وپارس
295,292496,['خرید'],"سلام 
وپویا و سایر عرضه اولیه ها رو چه ساعت میشه خرید زد ؟"
296,292699,['خرید'],یه کلاس خوب میشه معرفی کنید؟من بجای خرید سهم برم کلاس تحلیل
297,292907,['مقاومت'],سلام‌ ذوب به نظرتون مقاومت داره یا نه درکل توصیه به نگهداری دارین ممنون میشم راهنمایی کنین
298,292984,['مقاومت'],نماد درگیر مقاومت 890 هست و برای رشد بیشتر باید بالای این مقاومت تثبیت کند.
299,293000,"['حمایت', 'مقاومت']",با توجه به حمایت و مقاومت تحلیل موجود در کانال تصمیم گیری نمایدد.
300,293044,['خرید'],وغسالم خرید ۱۲۵۰   میان مدت
301,293049,['سقف'],"سلام
تحلیل فملی. آیا به سقف کانال تاریخی نزدیک میشود؟"
302,293074,['خرید'],"سلام 
برای خرید چه سهمی پیشنهاد دارین
برای فردا فآذر میشه ورود کرد؟"
303,293124,['مقاومت'],"برای ادامه روند باید بالای 18000تثبیت بشه
مقاومت کوتاه مدت 20300"
304,293536,['قیمت'],"غگل
قیمت خرید:  8269
دید بلند مدت 
الان چهل روزه که بازی درمیاره و کلا پنج درصد داده
پنج روز منفیست یه روز مثبته"
305,294182,['فروش'],ذوب نگهداری یا فروش
306,294564,['خرید'],فردا بازار نوسانی هست با احتیاط خرید کنید
307,294568,['خرید'],دوستان فقط از حرف بقیه خرید میکنین یا خودتونم تحلیل میکنین ؟! 🤔
308,294617,['فروش'],"سلام 
خودرو ، وتوکا ، حتوکا ، شستا، پکویر، کحافظ
آیا شنبه فروش یا مجددا ورود ؟"
309,294928,['خرید'],سه روز پشت هم مثبت ۳ و با صف خرید بسته بشه روز ۴ام مثبت ۵ میشه
310,295134,['قیمت'],دانا۱ بیمه دانا ورود چهارشنبه با قیمت ۱۳۱۰ ، تحلیل کوتاه مدت
311,295175,['خرید'],"سلام
وپارس

خرید ۲۲۱
بلند مدت"
312,295491,['حمایت'],سلام اهداف و حمایت خفنر لطفا
313,295542,['فروش'],میهن وغدیر نگه داری یا فروش
314,295670,['هدف'],سیتا هدف
315,295715,['فروش'],"سلام#پکرمان
نگهداری یا فروش"
316,295738,['قیمت'],"سلام کپارس قیمت ۹۷۰۰ و ۱۱۰ سهم 

برای کوتاه مدت خوبه نگه دارم یا بفروشم ممنون"
317,296026,['خرید'],"سلام
زمگسا لطفا
برای خرید"
318,296190,['خرید'],سلام غسالم ۱۴۵۰تومن خرید تاکی نگهدارم
319,296606,['فروش'],چکاپا صف فروش شده بفروشم؟؟
320,296671,['هدف'],"غسالم هدف
بلندمدت"
321,296715,"['حمایت', 'ضرر']",با توجه به حمایت و مقاومتها و حد ضرر خودتون عمل کنید.
322,296768,"['حمایت', 'مقاومت', 'ضرر']",با توجه به حمایت و مقاومت و تعیین حد ضرر تصمیم بگیرید.
323,296821,['فروش'],وتجارت  به ديد ٢ ماهه نگهداري يا فروش
324,296849,['هدف'],"سلام وقت بخیر 
خدا قوت

 هدف کوتاه مدت 

سمگا
های وب
حکشتی
وتجارت

ورود کنم ؟"
325,296852,"['خرید', 'قیمت']",لطفا ثپردیس را تحلیل کنید قیمت خرید ۲۱۳۷متاسفانه چند ماهه تو ضررم خارج بشم یا صبر کنم
326,296887,['مقاومت'],تحلیل کردنشون اشتباه من دیشب سیمرغ دیدم که کاملا اشتباه بود. مقاومت دینامیک شو نکشیده بودن
327,297184,['خرید'],پیشنهاد خرید کوتاه مدت؟!
328,297343,['مقاومت'],با سلام .تحلیل مقاومت شاخص رو لطف کنید و حمایتش رو ممنون میشم🌸🌸🌸🌸🌸🌸🌸🌸🌸🌸🌸🌸🌸
329,297354,"['فروش', 'قیمت']","کاش یه ۵روز حداقل بازار همینجوری باشه 
که آدمای عجول و نوسانی  از بورس خارج بشن 
بابا این ظلمه 
جنایته 
طرف نگاه نمی کنه قیمت پایانی رو میره توی صف فروش 
متاسفانه الان تحلیل جایی نداره و فقط تبلیغات سهم ها هستن که باعث صف خریدشدن میشه.
سهم های کوچک و بی نام و نشان علیرغم سود دهی چند برابری نسبت به سهم های بزرگ رشد نکردن"
330,297993,"['حمایت', 'مقاومت']","حمایت 1186 تومان و 1053 تومان
مقاومت 1469 تومان و 1655 تومان"
331,298175,['خرید'],سلام ثفارس چهل و هفت درصد ضررم سیصدو هفتاد میلیون خرید زدم
332,298180,['خرید'],🤭تک سهم خرید کردین؟؟
333,298574,['قیمت'],"❇️تعیین نهایی نرخ ضرایب زنجیره فولاد به معاونت معدنی وزارت صمت سپرده شد 

شنیده ها حاکی است به احتمال زیاد در ساعات پایانی امروز ضریب جدید قیمت محصولات زنجیره فولاد از سوی وزارت صمت اعلام خواهد شد. در پی جلسه دیروز که با حضور جمعی از کارشناسان  انجمن سنگ آهن، تولیدکنندگان فولاد و کمیسیون معدنی اتاق ایران و کارشناسان وزارت صمت تشکیل شد نتیجه ای در خصوص تعیین نرخ حاصل نشد و مقرر شد معاونت معدنی وزارتخانه در این زمینه رای و نظر نهایی را اعلام کند."
334,298580,"['خرید', 'فروش']","تا این لحظه جمع ارزش سه مظنه برتر خرید معادل 111087 میلیارد ریال و جمع ارزش سه مظنه برتر فروش معادل 7368 میلیارد ریال می باشد.
نسبت خریدار به فروشنده نیز امروز7.61 است که نشان دهنده اشتیاق بیشتر خرید نسبت به فروش  است. 
احتمال زیاد امروز با بازاری افزایشی مواجه خواهیم بود."
335,298584,['فروش'],"صندوق ETF‌ بعدی خودرویی و فلزی است

رئیس کل سازمان خصوصی‌سازی گفت:
 سهام گروه خودرو و صنایع فلزی در قالب صندوق‌های ETF در تابستان عرضه می‌شود و بعد از آن نوبت به عرضه صندوق پالایشی‌ها خواهد رسید.

علیرضا صالح، در واکنش به حاشیه‌های ایجاد شده در زمینه احتمال توقف عرضه صندوق‌های گفت: قانونی در کشور به عنوان قانون بودجه وجود دارد که طبق آن قانون در حال اقدام برای عرضه صندوق‌های دولتی هستیم و نمی‌توان اقدامی جز آن را در دستور کار قرار داد.

وی ادامه داد: طبق قانون بودجه به طور حتم باقی صندوق‌های ETF نهایتا تا پایان سال و به مرور در بازار عرضه خواهد شد.

صالح خاطرنشان کرد: صحبت‌های مطرح شده از سوی برخی از افراد را نمی‌توان ملاک فعالیت قرار داد بلکه ما طبق قانون، اقدامات لازم در این زمینه را پیش خواهیم برد و به هیچ عنوان احتمال توقف برای عرضه این صندوق‌ها در بازار وجود ندارد.

شائبه هایی در مورد فروش باقیمانده سهام عدالت توسط دولت در قالب صندوق های ETF‌ مطرح شده است و نمایندگان مجلس خواستار شفاف سازی دولت در این زمینه شده اند.

رییس کل سازمان خصوصی‌سازی درباره زمان عرضه این صندوق‌ها اظهار داشت: در این زمینه نامه‌ای به وزیر اقتصاد ابلاغ شده تا هر چه زودتر تصمیمات لازم برای عرضه این صندوق‌ها را اتخاذ کند.

وی با بیان اینکه دومین مرحله عرضه این صندوق‌ها در تابستان و سومین مرحله در پاییز انجام خواهد شد، افزود: اکنون در حال اتخاذ تصمیمات لازم برای عرضه باقی سهام بانکی‌ها و رایزنی با وزارت نفت برای عرضه سهام پالایشی‌ها در قالب صندوق‌های ETF به بازار هستیم.

رئیس کل سازمان خصوصی‌سازی با اشاره به اینکه باید متناسب با کشش بازار اقدامات مربوط به عرضه صندوق‌های ETF در بازار صورت گیرد، گفت: سهام گروه خودرو و صنایع فلزی در قالب این صندوق‌ها در تابستان عرضه می‌شود و بعد از آن نوبت به عرضه صندوق پالایشی‌ها خواهد رسید."
336,298595,"['فروش', 'قیمت']",بازار برخلاف دیروز ، شروع مثبتی داشته و تا این لحظه خبری از فروش های هیجانی روزهای قبل نیست . در گروههای فلزی، بانکی و نفتی شاهد تقاضای زیادی هستیم و نمادهای این گروه ها تا این لحظه با افزایش قیمت روبه رو شده اند.
337,298598,"['خرید', 'فروش', 'قیمت']","چهارشنبه و دیروز در حداقل قیمت میفروختند و امروز در حداکثر قیمت میخرند !!
نمیدونم خاطرتون هست یا نه چند روز پیش گفتم که خیلی ها سربازهای برخی کارگزاری ها هستند و در زمین آنها بازی میکنند یا بازیچه آنها هستند  چرا که برخی کارگزاری ها منطقا دوست دارند شما مدام خرید و فروش کنید برای دولت هم که خوب است ( مالیات بیشتر کارمزد بیشتر و.... )"
338,298617,['فروش'],صرافی ملی نرخ فروش دلار را ۲۲۴۵۰ تومان اعلام کرد
339,298690,['خرید'],روز خاص بازار امروز رقم خورد. انتظارات نسبت به بازاری مثبت محقق گردید و شاخص کل با رشد بیش از ۴ درصدی از محدوده ۱ میلیون و ۸۰۰ هزار واحدی نیز عبور کرد. اتفاقاً عبور از همین نقاط باعث شد تا بازار با تشدید سنگین عرضه ها مواجه گردد. عرضه هایی که علاوه بر اینکه سبب شد تا ارزش معاملات به ارقام ۲۳ هزار میلیارد تومانی برسد، باعث شد تا خالص ورود نقدینگی حقیقی و خرد به بازار به بیش از ۵۰۰۰ میلیارد تومان بالغ گردد که بی سابقه بود و رکوردی جدید محسوب می شد. عرضه عمده صفوف خرید توسط حقوقی ها به حقیقی ها در ۱ ساعت پایانی بازار دلیل اصلی این اتفاق بود. یکی از مهمترین عوامل تشدید عرضه ها قرارگرفتن شاخص در مرز روانی ۱ میلیون ۸۰۰ هزار واحدی می باشد. از طرفی رشد قیمتها و شاخصها، جذابیت عرضه برای حقوقی ها را افزایش داده است. برخی فعالان بازار نیز معتقدند که با توجه به نزدیک شدن نرخ های ارز به محدوده های مقاومتی خود، نرخ ارز آزاد نیز می تواند مدتی در محدوده ۲۳ تا ۲۴ هزار تومان بماند و توانایی رشد بیشتر ندارد. در سنوات گذشته همواره رشد نرخ ارز از مهمترین متغیرهای اثرگذار بر رشد شاخص بوده است. اما در این شرایط نیز بانک مرکزی از مواضع قبلی خود کوتاه آمده است و به سمت مُسکِن موقت خود یعنی افزایش آرام نرخ سود بانکی رفته است. تا جائیکه به طور رسمی اجازه صدور گواهی سپرده ۱۸ درصدی را به بانکها داده است. هر چند بسیاری ازکارشناسان معتقدند که با توجه به وفور نقدینگی و منابع در بانکها، عدول بانک مرکزی از نرخ های ۱۸ تا ۲۰ درصدی بعید به نظر می رسد اما تجربه ادوار گذشته نشان داده است که بانکها تمایل زیادی به بی انضباطی در این زمینه را دارند. نهایتاً اینکه به نظر می رسد اراده ای هم برای جلوگیری از رشد بیشتر بازار توسط حقوقی ها شکل گرفته است و این مورد امروز به عینه در بازار دیده می شد. اما حتی با این عوامل اشاره شده نیز بعید به نظر می رسد رشد بازار تمام شده باشد و این عرضه ها تنها می تواند به صورت یک نویز موقت عمل نماید. بنابراین هر چند بازار فردا ممکن است با مثبت کمتری همراه گردد و حتی منفی شود! اما امیدها نسبت به بازار همچنان وجود دارد./هدف حافظ
340,298778,"['خرید', 'فروش']","تا این لحظه جمع ارزش سه مظنه برتر خرید معادل 59982 میلیارد ریال و جمع ارزش سه مظنه برتر فروش معادل 16894 میلیارد ریال می باشد.
نسبت خریدار به فروشنده نیز امروز4.58 است"
341,298792,['قیمت'],در بازارهای جهانی شاهد برگشت طلا به کانال 1800 دلاری هستیم.  فلز زرد که در روزهای پایانی هفته گذشته با عقب گرد قیمتی مواجه شده بود اکنون به 1803 دلار در هر انس رسیده است که میتوان دلیل آن را در افزایش ریسک گریزی سرمایه گذاران در پی افزایش آمار مبتلایان به کرونا در سراسر جهان دانست. بهای نفت نیز با اندکی کاهش به کمتر از 43 دلار رسیده است. در روزهای آتی انتشار آمار مربوط به موجودی ذخائر نفتی آمریکا می تواند تاثیر چشمگیری بر قیمت طلای سیاه داشته باشد. شاخص دلار هم با کمی عقب گرد در سطح 96.4 قرار دارد. برخی ازرها همچون یورو در برابر دلار تقویت شده اند. مس همچنان پیشتازی می کند و در این لحظه در 6605 دلار قرار گرفته است.انتشار داده های اقتصادی آمریکا همچون آمارهای مربوط به خرده فروشی و یا انتشار سیاست های پولی ژآپن می تواند بر روند  قیمت  کامودیتی ها تاثیر گذار باشد.
342,298794,"['حمایت', 'هدف']","🔸دولت روحانی در ادامه حمایت از بورس ، دو تصمیم مهم گرفت که مربوط به تصویب لایحه دو فوریتی افزایش سرمایه و تکلیف و تنبیه همه مالکان عمده دولتی به رعایت حداقل سهام شناور آزاد ۲۵ درصدی است.

🔸 در جریان جلسه عصر دیروز هیات دولت با حضور حسن روحانی ، دو تصمیم مهم برای بازار سرمایه و مربوط به افزایش تحرکات گرفته شد که می تواند عامل تازه ایی برای تعمیق این بازار شود.

🔸  با تصمیم هیات وزیران و با هدف تقویت و مدیریت عرضه سهام و تأمین مالی بیشتر از همیشه شرکت‌ها از طریق افزایش سرمایه با استفاده از سرمایه‌های خرد تزریق شده ، لایحه افزایش سرمایه شرکت‌های بورسی و فرابورسی با قید دو فوریت مصوب کرد تا در مجلس به تصویب نهایی برسد.

🔸 همچنین در تصمیمی دیگر ، دولت با هدف ساماندهی وضعیت بازارسرمایه و با توجه به کشش تقاضای زیاد در استفاده از فرصت‌های تأمین مالی با افزایش سهم شناور آزاد شرکت‌های وابسته به دستگاه‌های اجرایی موافقت کرد.

🔸 به این ترتیب کلیه دستگاه‌های اجرایی مکلف شدند همکاری لازم با وزارت اقتصاد در افزایش سهم شناور آزاد حداقل به میزان ۲۵ درصد شرکت‌های تابعه اعم از شرکت‌های دولتی و شرکت‌های تابعه نهاد‌های عمومی و سازمان‌ها و صندوق‌های بازنشستگی، طبق مقررات بورس به عمل آورند.

🔸 همچنین سازمان برنامه و بودجه مکلف است ماهانه ۵ درصد از تخصیص بودجه دستگاه‌هایی را که متناسب با گزارش سازمان بورس و اوراق بهادار نسبت به افزایش سهام شناور آزاد شرکت‌های مربوط اقدام نمی‌کنند، کاهش دهد."
343,298802,['فروش'],در بانکی ها بانک دی  و صادرات مثبت هستند ببینیم هیجان فروش در فروشندگان تمام میشود یا خیر
344,298805,['مقاومت'],فولاد مبارکه مقاومت  مرز روانی 2000 تومان را شکسته است و باید بتواند بالای این مقاومت تثبیت کند
345,298827,['خرید'],"مجلس ساختار بودجه را تغییر می دهد/ کارتهای اعتباری خرید کالاهای اساسی در راه است

رییس کمیسیون اقتصادی با اشاره به اینکه اصلاح ساختار بودجه در راس اولویتهای مجلس قرار دارد، گفت:ما به التفاوت ارز دولتی در قالب کارتهای اعتباری برای خرید کالاهای اساسی باید در اختیار مردم قرار گیرد."
346,298829,"['خرید', 'فروش', 'قیمت']","خواهشی که از همه شما بزرگوارن دارم اینه که 
با تحلیل خرید و فروش کنید و سعی کنید دلیل خرید و فروش داشته باشید ، از رفتار هیجانی پرهیز کنید و دید سرمایه گذاری تان را در بازار سرمایه بلند مدت کنید 
سعی کنید سهامی نخرید که قیمت تابلو با ارزش ذاتی همخوانی ندارد 
هر روز برای خود تکرار کنید که  منطقی تحلیل کنید منطقی ترید کنید و دید منطقی داشته باشید"
347,298831,['فروش'],بانک تجارت و بانک دی هم مثبت هستند و فشار فروش  بانک ملت کم شده است
348,298856,"['خرید', 'ضرر', 'فروش']","بانک تجارت به صف خرید رسید بانک ملت مثبت شد صف فروش بانک پاسارگاد جمع شد و... 
باز هم هیجان باعث شد خیلی ها ضرر کنند و متاسفانه درس نمی گیرند !!"
349,298862,['فروش'],بهبود تقاضا در بازار مشهود است و شاهد کاهش فشار فروش ابتدای بازار هستیم. خودرویی ها همچنان پیش رو هستند.
350,298928,"['خرید', 'فروش', 'قیمت']",پس از عرضه های سهمگین روز قبل، امروز بازار سهام شاهد نوسان و ایستایی شد و رشد محدودی را ثبت کرد. بنابراین شاخص کل در همان محدوده ۱ میلیون و ۸۲۲ هزار واحدی ایستاد. نوسانات و عرضه های امروز نیز سبب شد تا ارزش معاملات در مقادیر ۲۰ هزار میلیارد تومانی تثبیت شود. اما در همین شرایط نیز روند تزریق نقدینگی سرمایه گذاران خرد به بازار قطع نشد و شاهد تزریق ۳۳۱۱ میلیارد تومان نقدینگی تازه توسط سهامداران حقیقی به بازار بودیم. ترس از عرضه های سنگین روز قبل، امروز به وضوح در چهره بازار دیده می شد و شاهد تشکیل صفوف فروش و تعادلی کاهنده در بازار بودیم. قطعی مکرر سیستمهای معاملاتی نیز مزید بر علت بود تا هیجانات بازار به اوج خود برسد. در این شرایط به دلیل تاخیرها و قطعی ها، عموماً سفارشهای فروش در حداقل قیمتها ارسال می شود. خود این رویه بر تشدید فشار فروش می افزاید. از نیمه های وقت با بهبود سیستمهای معاملاتی و نمایان شدن نرخ های جدید ارز آزاد، بار دیگر شاهد تقویت تقاضا در بازار بودیم. بسیاری از صفوف فروش جمع آوری گردید و حتی برخی از نمادها به صف خرید نیز رسیدند. چند روزی است که فشار سنگین به سیستمهای معاملاتی باعث شده است تا معاملات برخی نمادهای بزرگ به تایم بعد از بازار موکول گردد. نکته قابل توجه در معاملات امروز توجه بازار به نمادهای کوچکتر به دلیل قطع معاملات نمادهای بزرگتر بود. نمادهای کوچکتری که این روزها به دلیل توجه نقدینگی به نمادهای بزرگ و دولتی، مغفول مانده بودند. البته کوچکترهای بازار تا حد زیادی به قیمت تعادلی خود در ماه های اخیر رسیده اند و رفتار بازار درباره آنها اشتباه نیست. اما اینکه بازار به دو قسمت سهام دولتی و غیردولتی تبدیل شده است موجب اعتراض بسیاری از فعالان بازار قرار گرفته است. عموماً نمادهای موجود در صندوقهای دولتی “دارا” همواره و حتی در بازار منفی نیز از رشد قیمتها بی بهره نیستند، اما نمادهای دیگر بازار که عموماً از کوچکترهای بازار هم هستند، با شل شدن معاملات بازار، فوراً به صف فروش رسیده و سریعاً وارد فاز اصلاح می شوند. اعتقادی در بازار وجود دارد که دولت سهام خود را مفت نمی فروشد. بنابراین نقدینگی فعالان بازار، خواه ناخواه به سمت این نمادهای دولتی شیفت می کند. حال برخی معتقدند که رشد قیمت نمادهای دولتی از کنترل خارج شده است. هر چند رشد نرخ ارز می تواند همه محاسبات را به هم بریزد و نمادهای دولتی را بار دیگر در محدوده ارزندگی قرار دهد، اما بی شک رشد متوازن بازار و توزیع صحیح نقدینگی است که می تواند توسعه و شادابی معاملات را در پی داشته باشد. با توجه به اینکه در لحظات پایانی بازار، شاهد اعمال یک فشار فروش دیگر بودیم، بنابراین بازار فردا با احتیاط شروع به کار خواهد کرد. هر چند عرضه ها همچنان تداوم خواهد داشت، اما بعید است به محدوده منفی وارد شویم./هدف حافظ
351,298930,['قیمت'],"افت بازار و احتمال جنگ‌های نفتی

🛢طی ۲۰ سال گذشته افت رشد بازار نفت تحت تاثیر دو عامل تعیین‌کننده یعنی صنعتی شدن سریع چین و اختلال در تولید برخی از منابع مهم تولید نفت جهان که قبلا تاثیرگذاری بیشتری بر بازار داشته‌اند، نادیده گرفته شده است. 

🛢جان کمپ، تحلیلگر نفتی و ستون‌نویس رویترز معتقد است که بازار طی دو دهه آینده احتمالا شاهد جنگ‌های نفتی بیشتری خواهد بود، مگر آنکه تولیدکنندگان اصلی جهان بتوانند در مورد راهی برای به اشتراک‌گذاری بازاری که رشد آهسته‌ای دارد یا دچار رکود شده به توافق برسند. 

🛢در اصل، بلوغ کنونی بازار نیز به این دلیل است که شرکت‌های بزرگ نفتی مجبور شدند فرضیات و تخمین بلندمدت خود از قیمت نفت را کاهش دهند. این مساله نکته‌ای مهم درباره بلوغ بازار است، به این معنا که پیش از گسترش برقی‌سازی حمل و نقل در جهان که رقیبی برای آینده نفت محسوب می‌شود، نشانه‌های بلوغ فزاینده‌ای در بازار وجود دارد...

دنیای اقتصاد"
352,298936,['قیمت'],"📌قیمت جهانی طلا وارد کانال ۱۸۰۰ دلار شد

🔹با کاهش ارزش دلار و افزایش نگرانی در مورد شیوع بیشتر کرونا در سراسر جهان، قیمت طلا در معاملات امروز افزایش یافت و هر اونس طلا با ۱۰.۱۵ دلار افزایش ۱۸۰۸.۸۵ دلار فروخته شد."
353,299170,['قیمت'],توقف نماد  وبصادر به علت تغییرات بیش از 50 درصدی قیمت
354,299182,"['حمایت', 'هدف']","دبیر شورای عالی بورس و اوراق بهادار :
کارمزد نهاد ناظر بازار سرمایه از محل داد و ستد سهام کاهش یافت

بر اساس مصوبات جلسه امروز شورایعالی بورس که به ریاست وزیر اقتصاد برگزار شد، ۵۰ درصد از کارمزد سازمان بورس کاهش یافت.

به گزارش پایگاه خبری بازار سرمایه (سنا) و به نقل از شادا، حسن قالیباف اصل، دبیر شورایعالی بورس و اوراق بهادار گفت: بر اساس مصوبات جلسه یکصد و هشتاد و پنجمین جلسه  شورایعالی بورس که امروز به ریاست وزیر اقتصاد برگزار شد، ۵۰ درصد از کارمزد سازمان بورس و اوراق بهادار کاهش یافت که ۳۰ درصد از  این کاهش کارمزد، جهت حمایت از بازار سرمایه به صندوق تثبیت بازار تخصیص می یابد.
رییس سازمان بورس و اوراق بهادار تصریح کرد: هدف از این تخصیص، تثبیت و حمایت از بازار در زمان نیاز است."
355,299196,['هدف'],"چهار شرکت مجوز افزایش سرمایه ۲۰۰، ۴۵، ۲۴۷ و ۴۳ درصدی گرفتند

فولادسپید فراب کویر، سیمان هگمتان، شهداب ناب خراسان و تولید مواد اولیه داروپخش مجوز افزایش سرمایه ۲۰۰، ۴۵، ۲۴۷ و ۴۳ درصدی گرفتند و آماده برگزاری مجمع فوق العاده شدند.

براین اساس، ""کویر"" پیرو تصمیمات مجمع فوق العاده مبنی بر انجام مرحله دوم افزایش سرمایه، سرمایه فعلی را از 360 به 1080 میلیارد تومان می رساند. تامین مالی این شرکت بورسی از محل مطالبات سهامداران و آورده نقدی و برای تأمین بخشی از منابع جهت احداث و بهره برداری خط تولید شمش و بیلت اعمال می شود.

همچنین ""سهگمت"" که درخواست افزایش سرمایه 55 درصدی داده بود با دریافت مجوز 45 درصدی،سرمایه فعلی را از 50.2 به 72.8 میلیارد تومان می رساند. تامین مالی این شرکت بورسی از محل سود انباشته و با هدف اصلاح ساختار مالی و جلوگیری از خروج وجه نقد اعمال می شود.

در این میان، ""غشهداب"" که درخواست افزایش سرمایه 426 درصدی داده بود با دریافت مجوز 247 درصدی، سرمایه فعلی را از 133 به 461.2 میلیارد تومان می رساند. تامین مالی این شرکت فرابورسی از محل تجدید ارزیابی دارایی‌ها صورت می گیرد تا صرف اصلاح ساختار مالی شود.

""دتماد"" نیز سرمایه فعلی را از 50 به 71.5 میلیارد تومان می رساند. تامین مالی این شرکت بورسی از محل مطالبات سهامداران و آورده نقدی و به منظور اصلاح ساختار مالی و تامین سرمایه در گردش صورت می گیرد."
356,299225,['قیمت'],"🔵 صندوق بین المللی پول:
درآمد نفتی صادرکنندگان خاورمیانه ۲۷۰ میلیارد دلار سقوط می‌کند

طبق جدیدترین گزارش صندوق بین المللی پول (IMF)، صادرکنندگان نفت خاورمیانه و شمال آفریقا امسال ۲۷۰ میلیارد دلار درآمد نفتی را از دست خواهند داد.

به گزارش «کالاخبر» به نقل از ایسنا، این وام دهنده مستقر در واشنگتن دی سی در جدیدترین بازبینی منطقه ای خود به کاهش بالاتر از حد انتظار تولید نفت در منطقه خاورمیانه و شمال آفریقا اشاره کرد که از الجزایر در غرب تا ایران در شرق را دربرمی گیرد و همچنین شامل شش کشور عضو شورای همکاری خلیج فارس و عراق، لیبی و یمن می شود.

تقاضا برای نفت امسال تحت تاثیر کندی اقتصادی جهانی ناشی از پاندمی ویروس کرونا به میزان چشمگیری کاهش پیدا کرده است. اوپک و متحدانش شامل روسیه در تلاش برای تقویت قیمتها، با محدودیت داوطلبانه تولید موافقت کرده اند که این موضوع باعث کاهش بیشتر درآمد آنها شده است.

کشورهای خاورمیانه از بحران سلامتی هم رنج می برند و طبق گزارش صندوق بین المللی پول، قیمت پایینتر نفت و کاهش عرضه از سوی این کشورها به همراه قرنطینه اقتصادی وضع شده برای مقابله با شیوع ویروس کرونا باعث خواهد شد تولید ناخالص داخلی صادرکنندگان نفت خاورمیانه در سال ۲۰۲۰ به میزان ۷.۳ درصد رشد منفی پیدا کند."
357,299235,"['خرید', 'فروش']","موضوع عدم تعادل در بازار اصلا مقایسه بین سهام بزرگ و کوچک نیست

بلکه بسیاری از سهام‌ بزرگ و با اطلاعات بنیادی قوی نیز صف فروش شده‌اند

و تنها سهامی چون شپنا، شتران، فولاد، فملی، خودرو، خساپا، وتجارت، وبصادر در صف خرید معامله می‌شوند!"
358,299750,['قیمت'],"خودروسازان با افزایش قیمت در قراردادهای قطعه‌سازها موافقت کردند

🔹با اعلام خودروسازان مبنی‌بر تعدیل قیمت قطعات، افزایش قیمت خودروهای داخلی نیز در هفته‌های آتی به نوعی قطعی شد و شورای رقابت به احتمال فراوان مجوزی جدید در این مورد برای ایران خودرو و سایپا صادر خواهد کرد. 

🔹قطعه‌سازان مدت‌هاست با اعلام اینکه مبنای قراردادهایشان با خودروسازان با ارز ۹ تا ۱۱ هزار تومانی بوده، خواستار افزایش قیمت قطعات تولیدی هستند."
359,299818,['قیمت'],"دیروز چهارشنبه ۲۵ تیرماه ۹۹ دومین سمینار آنلاین با موضوع «بررسی پیشنهادات ۲۵ پژوهشگر مالی و اقتصادی پیرامون شرایط کنونی بازار» در ساعت ۱۴ الی ۱۶ برگزار شد 
مشروح  سمینار آنلاین تقدیم اعضاء محترم کانال میگردد.


قره گوزلو:
پایه‌های اقتصاد و قیمت گذاری تغییر کرده است.
یکسری از سهام خود دارای حباب اند اما به طور کلی این گزاره درست نیست.
در حالی که P/R ملک در حد ۵۰ رسیده نمی‌شود بگوییم P/E شرکت‌ها در حد ۴، ۵ بماند.
با توجه به رشد صنعت IT و دسترسی مردم به سامانه‌های آنلاین، تفکیک بازارها به صورت سابق از بین رفته است.
دریافت کد بورسی از دفاتر پیشخوان اطمینان خاطر بیشتری نسبت به دریافت آن از کارگزاری را به مردم داده که این اطمینان به بازار نیز تزریق شده است."
360,299819,"['حمایت', 'خرید']","یزدان‌پناه:
وقتی جهش‌های بالا و سقوط‌های شدید داریم، در ژاپن، چین، آمریکا و بحران مالی ۲۰۰۸، آن چیزی که راهنمای کنش‌گر است حرکت جمعی مردم است که انتظارات برون‌یاب روی آن اثر می‌گذارد.
از یک‌جایی منطق محاسبه بر نرخ تنزیل به انتظارات برون‌یاب تبدیل می‌شود. در چنین حالتی، از بحث مالی به بحث اقتصاد کلان متغییر می‌کند. با رشد ۵٪ روزانه به نوعی حالت سرخوشی پدید می‌آید.
در چنین حالتی سرمایه‌های بزرگ در حال خروج از بورس است در حالی که در طرف مقابل پول‌های خرد در حال معامله و خرید سهام هستند. در حباب دات کام، شخصی با کارت اعتباری خود به دنبال خرید سهام است.
این نرخ حقیقی منفی، اشتباه جدی‌ای بود که سیاست‌گذار ما انجام داد در حالی که از زمستان گذشته می‌ توانست تصحیح کند. این حمایت از بورس، اگر باور آن در مردم شکل بگیرد، انتظارات برون‌یاب به شدت اوج می‌گیرد. از طرف دیگر نیز بخشی از مردم به چنین باوری ممکن است برسند که ما سپر انسانی شده‌ایم و در صورت بروز مشکل بانک مرکزی به دنبال حل آن خواهد بود.
عده‌ای پس از کسب سود، به دنبال بازسازی پرتفوی خود خواهند رفت و به سمت بازارهای دیگر چون سکه و دلار خواهند رفت. کما اینکه تا کنون بخشی از آن صورت گرفته است.
در شرایط فعلی، بانک از قدرت اعتباری خود برای وام دهی و خرید سهام استفاده خواهند کرد. عده‌ای وام جعاله دریافت می‌کنند و سپس در بورس سهام می‌خرند.  بعد از سقوط بورس، بخش زیادی از وام‌های غیرعملیاتی برای بانک‌ها به وجود خواهد آمد. 
بسیاری از تولیدکننده‌ها نیز سرمایه در گردش خود را وارد بورس کرده و از این طریق نیز علاوه بر کاهش سرمایه‌گذاری، در بلندمدت نیز باعث بروز مشکل در سمت عرضه‌ی واقعی اقتصاد می‌شود."
361,299824,['قیمت'],"📌اینفوگرافیک/ طلا از پارسال تا امسال چقدر گران شد؟/ رشد ۴۷۷هزار تومانی نسبت به تیر ماه۹۸

🔹بررسی میانگین قیمت طلای ۱۸عیار از فروردین ۹۸ تا هفته سوم تیرماه حاکی از آن است که فلز زرد طی ۱۶ماه گذشته حدود ۴۷۰هزار تومان گران شده است.
🔹بر این اساس، قیمت طلا در فروردین ماه سال گذشته حدود ۴۳۰هزار تومان بود که با گذشت کم‌تر از یک‌سال و نیم به گرمی ۹۰۱هزار تومان رسید.
🔹همچنین میانگین این فلز گرانبها در ماه مشابه سال قبل ۴۲۴هزار تومان بود که در تیر ماه امسال حدود ۱۱۲درصد گران‌تر شده است./اقتصادآنلاین"
362,300033,['قیمت'],"📌 قیمت جهانی فلزات اساسی و نفت امروز جمعه 27 تیرماه

آلومینیوم ⬇️
سرب ⬇️
روی ⬇️
مس  ⬇️
طلا ⬇️
نفت WTI ⬇️
نفت برنت ⬇️"
363,300043,['قیمت'],"📌طلا ارزان شد

🔹قیمت جهانی طلا پس از این که روز پنج شنبه در پایین‌ترین قیمت یک هفته اخیر بسته شد، در معاملات روز جمعه تحت تأثیر نگرانی‌های پیرامون افزایش موارد ابتلا به ویروس کرونا و تنش‌های آمریکا و چین ثابت بود و پایین مرز ۱۸۰۰ دلار ایستاد."
364,300127,"['فروش', 'قیمت']","📣فعلا حراج به داد بودجه رسید
ایسنا-در حالی کسری بودجه دولت تا حدود ۱۵۰ هزار میلیارد تومان برآورد شده بود که فعلا ۳۶ هزار میلیارد تومان آن از محل حراج اوراق تامین شده و این حراج هفتگی فعلا ادامه دارد.
کاهش قابل توجه قیمت نفت که تا حدی تحت تاثیر شیوع کرونا قرار گرفت و عدم تحقق درآمدها در این بخش را به همراه داشت و از سوی دیگر ظاهرا درآمدهای مالیاتی طبق آن چه پیش‌بینی بود محقق نشده است در عین حال که رقم ۵۰ هزار میلیارد تومانی که قرار بود از محل واگذاری و فروش اموال دولتی برای بودجه محقق شود نیز تاکنون عملکرد کاملی نداشته و در مجموع کسری بودجه شده است. با وجود تخمین‌هایی که درباره کسری بودجه و راهکارهای تامین آن وجود داشته است تاکنون سازمان برنامه و بودجه گزارش رسمی درباره جزئیات کسری و نحوه تامین آن منتشر نکرده است.
گزارش جدید بانک مرکزی نشان داد که  در راستای تامین کسری بودجه در مدت اخیر ده‌ها هزار میلیارد تومان اوراق بدهی منتشر کرده است؛ به طوری که تاکنون هفت مرحله اوراق بدهی دولت حراج شده و بانک مرکزی مدعی است که توانسته از این طریق ۳۶ هزار میلیارد تومان کسری بودجه دولت را بدون آن که نقدیندگی جدیدی خلق شود تامین کنند."
365,300246,"['حمایت', 'فروش']",فشار فروش خاصی در بازار وجود ندارد و انتظار دارم که سهامی که بر روی حمایت های خوب خود قرار دارند با تقاضا های خوبی همراه شوند
366,300267,['فروش'],به نظر میرسد یکی دو روز دیگر سهم های بزرگ هم به تعادل میرسند. صف فروش ها خیلی سنگین نیست.
367,300325,['سقف'],"اصلاح بازار چه مقدار طول خواهد کشید؟

در اولین روز هفته، بازار سهام با تشدید عرضه ها موجه شد و شاخص کل اصلاح ۱.۷ درصدی را تجربه کرد و به محدوده ۱ میلیون ۸۰۹ هزار واحدی تنزل یافت. در عین حال اما شاخص هم وزن که نشان دهنده معاملات اغلب نمادهای بازار اعم از کوچک و بزرگ بود، نه تنها کاهش نیافت بلکه با رشد ۱.۴ درصدی همراه بود. در همین شرایط اما ورود نقدینگی به بازار تداوم یافت و شاهد تزریق ۸۷۸ میلیارد تومان نقدینگی تازه از سوی حقیقی ها به بازار بودیم. ارزش معاملات نیز تا حدی کاهش یافت و در محدوده ۱۵ هزار میلیارد تومان تثبیت شد. حرکت خلاف جهت شاخص کل و شاخص هم وزن نشان دهنده همان مساله ای است که هفته گذشته در خصوص عدم توازن بازار ذکر نمودیم. با گسترش دامنه اصلاح در نمادهای بزرگ و شاخص ساز بازار، شاهد جذب نقدینگی محدودی از نمادهای کوچکتر بودیم که عمدتاً در گروه هایی همچون غذایی و داروئی و … بود. اینگونه نمادها اخیراً اصلاح بالایی را تجربه کرده و آماده حذب نقدینگی بودند. اما برخی تردیدها در خصوص حرکت نقدینگی به کوچکترها به وضوح در چهره بازار دیده می شد. یکی از مهمترین دلایل آن می تواند رشد دوباره نرخ ارز باشد. نرخ ارزی که اینک سودای گذر از سقف ۲۵۰۰۰ تومانی را نموده است. هنوز دقیقاً مشخص نیست که اینگونه افزایش ها به چه دلیل می باشد، اما تحلیلگران تکنیکال معتقدند که سطوح مقاومتی ۲۵۰۰۰ تومانی بسیار قوی می باشد و ممکن است مدتی نرخ ارز در این محدوده بماند یا متحمل اصلاح گردد. شاید به همین دلیل است که معاملات بورس نیز سردرگم است. البته برخی فشار فروشها در بزرگترهای بازار ناشی از نزدیکی به مجمع و بسته شدن چند روزه نمادها است. اما بخش دیگر آن به دلیل همین عدم اطمینان به افزایش بیشتر نرخ ارز خصوصاً از محدوده های فعی در ۲۵۰۰۰ تومان می باشد. به دلیل عدم ظرفیت جذب نقدینگی از سوی کوچکترها، این نمادها نیز نتوانستند به صورت محکم، نقدینگی بازار را جذب کنند. شاید طی روزهای آینده این رویه ادامه یابد، اما به نظر می رسد با تکمیل اصلاح بزرگترها و تدام رشد نرخ ارز، نمادهای بزرگ بازار بار دیگر نقدینگی بازار را به خود جذب کنند و رشد بازار تداوم یابد. اتفاقی باید طی روزهای آتی رصد شود و با توجه به نوسانات ارزی و رشد شاخصها، پیش بینی آن بسیار دشوار شده است./هدف حافظ"
368,300330,"['خرید', 'فروش']","یوسف امین داور
منظر اول
صف های فروش امروز اصلا آن مقداری که فکر می کردیم نبودند. برای وبصادری که متوسط معاملات آن بالای یک میلیارد است، 1.5 میلیارد عرضه چیزی نیست.  یا برای شبندری که میانگین معاملات آن در سه ماه گذشته 125 میلیون سهم بوده، 180 میلیون فروشنده چندان دلهره ای به همراه ندارد. همچنین است مقایسه صف فروش 500 میلیونی فولاد با متوسط معاملات 300 میلیونی آن در هفته های قبل.
اضافه بر اینها باید در نظر گرفت که همین نزدیک بودن به زمان برگزاری مجامع و بسته شدن نمادها در این هفته، خودش باعث کاهش جذابیت خرید در این نمادها شده است. با این وجود در نمادی مثل شتران دیدیم که برای بیش از دو سوم صف فروش خریدار آمد و شاید اگر چند دقیقه دیگر به بازار وقت می دادند، صف فروش جمع هم می شد. در وتجارت و وبصادر نیز مشاهده کردیم که بیش از یک چهارم صف فروش خریدار آمد و همه این علائم نشان می دهد که هنوز در بازار خریداران فراوانند؛ و احتمالا فروشندگان امروز هدفشان شناسایی سود و ورود به نمادهای کوچک و متوسط بوده است.
منظر دوم
این زوج و فرد شدن بازار و زمان بندی نمادها علیرغم اینکه دردسری شده برای معامله گران و سبدگردانان، از سوی دیگر باعث شده سیگنالهای رفتاری ای که بین این دو بازار رد و بدل می شوند، قدرت پیش بینی فوق کوتاه مدت (کمتر از 24 ساعت) ما افزایش یابد. برای مثال چهارشنبه، بخش عمده ای از فشار فروش نمادهای بعد از ظهری به خاطر فروش آبشاری در نمادهای صبحی آنهم در اواخر وقت بازار بود. اما امروز که شاهد مثبت شدن شستا در وقت دوم بازار هستیم، می توان به مثبت بودن بازار در یکشنبه امیدوار بود، البته به شرطی که صف های فروش خودرو و خساپا حال بازاریان را خراب نکنند."
369,300481,['فروش'],با این نرخ دلار نیمایی آیا در صف فروش سهام دلاری رفتن صحیح است؟؟؟
370,300483,['فروش'],"دیروز صبا 40میلیون صف فروش داشت 
امروز صف خریده 
واقعا هیجان بر سر دارایی هاتون چه بلاهایی که نمیاره"
371,300495,['فروش'],اگر هسته سیستم معاملات همراهی کند، اکثر صفهای فروش بازار در حال جمع شدن است!
372,300502,['فروش'],✳️بازار امروز هم همچون روز گذشته باافزایش عرضه در نمادهای بزرگتر آغاز به کار کرد هرچند به نظر می رسد از فشار فروش تا حد زیادی کاسته شده است و معاملات در بسیاری از گروه ها همچون گروه بانکی متعادل تر از روز قبل در جریان است.
373,300505,['فروش'],وبصادر اون 1 میلیارد صف فروش نمی دونم یک مرتبه چطوری حذف شد
374,300507,"['خرید', 'فروش']",سفارش خرید های ما چطوریه با تاخیر به هسته میرسه ، ولی سفارش فروش های اونا در لحظه اجرا میشه ؟🤦‍♂
375,300519,['قیمت'],قیمت دلار حواله وارد کانال ۲۰ هزار تومانی شد!
376,300525,"['خرید', 'قیمت']","صراف‌ها: دلار ۲۵ هزار تومانی ماندگار نیست

🔹درحالی تنها ۳ روز به پایان مهلت صادرکنندگان برای بازگشت ارزصادراتی باقی مانده که قیمت ارز در بازار رکوردهای عجیبی را به ثبت رسانده اما بازاری‌ها معتقدند این نرخ‌ها ماندگار نیست و احتمالاً ورق بازار از مردادماه برمی‌گردد.
🔹حدود ۲۰ میلیارد دلار ارز صادراتی مربوط به سال ۹۷ و ۹۸ هنوز از سوی صادرکنندگان بازنگشته است و احتمالاً بعد از ۳۱ تیرماه باید شاهد برخوردهای جدی قضایی باشیم.
🔹بازاری‌ها می‌گویند علت جهش اخیر قیمت ارز افزایش تقاضا از سوی صادرکنندگان بوده است؛ چراکه گروهی از صادرکنندگان برای ایفای تعهدات خود مجبور به خرید ارز از بازار آزاد شده‌اند.
🔺بسیاری از بازاری ها پیش بینی می کنند که بزودی ریزش شدید قیمت‌ها در بازار ارز رخ خواهد داد.
منبع: تسنیم"
377,300554,['خرید'],صف خرید خودرو
378,300561,"['خرید', 'فروش']","خودرو دیروز 2 میلیارد صف فروش
 امروز 2 میلیارد صف خرید 

 وقتی افرادی بدون تحلیل و دنبال صف باشند همین میشه  ....."
379,300598,['قیمت'],در این دقایق شاهد افت قیمت دلار هستیم
380,300610,"['حمایت', 'سیگنال', 'خرید', 'فروش', 'قیمت']","♦️ بازارساز بر سر دو راهی نیما و بازار آزاد

🔹در حالی‌که تصور فعالان بازار از حمایت جدی بازارساز در عدم شکست و تثبیت کانال مهم ۲۵ هزار تومانی حکایت داشت، اما عملکرد و تصمیمات بازارساز تاکنون، سیگنال مطلوبی را به بازار مخابره نکرده است.

🔹 به نظر می‌رسد تردید رگولاتور در تعیین دو راهبرد اساسی و کوتاه‌مدت بازارسازی ارزی و اجرای ناقص در هر دو شیوه، وضعیت امروز را رقم زده است:

1️⃣ آزادسازی نرخ، بازار تبادل کوتاژ صادراتی و تزریق درهم در امارات: 

🔹 طرفداران این شیوه معتقدند که تک نرخی کردن ارز در نهایت منجر به تعادل قیمت می‌گردد و ایجاد یک بازار اعطای سوبسید از سمت صادرکنندگان به واردکنندگان به بهانه رفع تعهد هر کوتاژ، می‌تواند لنگر کاهش نرخ حواله ارزی باشد؛ اما نکته حیاتی این چرخه، تزریق درهم در بازار آزاد امارات است تا بتوان به تعادل بخشی قیمت ارز امیدوار بود که تا امروز به‌طور موثری اتفاق نیافتاده است.

🔹 اینکه بازارساز، تخصیص‌های واردات در مقابل صادرات را تایید نماید و از صادرکنندگانی که غالباً کوتاژ بدون ارز دارند بخواهد که در یک بازهء زمانی، رفع تعهد نمایند و در عین حال و از همه مهم‌تر، درهمی در بازار حواله امارات تزریق نکند، مسلماً نمی‌توان خروجیِ بهتر از این انتظار داشت.

2️⃣ سیاست انبساطی در نیما و بازارسازی در این سامانه:

🔹علاقمندان به این شیوه می‌گویند که بازارساز توانسته بود لااقل تا بهمن ۹۸، در این شیوه موفق عمل نماید و باید اذعان نمود که چرخه فروش مدت‌دار در این سامانه که گاهاً تا ۱۰درصد پایین‌تر از نرخ آزاد نیز قیمت می‌خورد، حکم لنگر نرخ ارز را داشت؛ اما متاسفانه عملکرد خارج از نُرم یکی از صرافی‌ها و نوع واکنش رگولاتور نسبت به این جریان، منجر به توقف این چرخه گردید. 

🔹برخورد بازارساز در مواجهه با این چرخهء مهم، دارای نقیصه مهمی بود: توقف یکبارهء چرخه و عدم معرفی چرخهء جایگزین؛ در حالی که می‌شد به‌تدریج فعالیت صرافی‌های درگیر را در این چرخه محدود کرد و به‌طور همزمان، چرخه اصلاح شده و کنترل شدهء دارای عملکرد مشابه را جایگزین آن نمود. 

🔹البته بازارساز توانست بخشی از چرخه را در قالب صرافی‌های بانکی مدیریت نماید، اما فقط به بخشی از تقاضاها پاسخ داده شد؛ از همین روی نیز تقاضاها در نیما، منقبض و محدود به کالاهای با اولویت گردید و در واقع سایر تقاضاها به بازار آزاد، جاری شد و برای آن تقاضاهای بیرون انداخته شده از نیما نیز تدبیر موثری در نظر گرفته نشد. 

🔹 بازارساز فکر می‌کرد بازگشت ارز حاصل از صادرات راهی درخور به تقاضاهای بیرون از نیما باشد، اما غافل از این‌که ارزهای صادراتی غالباً مصرف شده بود و در تنگنا قرار دادن صادرکننده، چیزی جز فشار خرید از بازار آزاد حواله -آن‌هم فقط در مدت کوتاهی- نبود.
  
🔹 اکنون که به‌نظر می‌رسد بازارساز با دستورالعمل جدید تصمیم گرفته راه پیشین خود در نیما را در پیش گیرد، برای لنگر نرخ ارز باید به‌طور جدی به اصلاح و راه‌اندازی چرخه‌ای مشابه چرخه مدت‌دار فکر کند و عمل نماید./ صرافخانه"
381,300676,"['خرید', 'سقف', 'قیمت']","۲۹ تیر ۹۹؛ نرخ ارزی که ناجی بازار شد!

بازار امروز با اتفاقات عجیبی همراه بود. هیجانات و نوسانات، بار دیگر بر بازار غلبه کرد و شاخص کل با رشد بیش از ۳ درصدی به رقم ۱ میلیون و ۸۶۴ هزار واحدی رسید. ارزش معاملات خرد نیز بالغ بر ۲۷ هزار میلیارد تومان بود که دومین رکورد ارزش معاملات خرد در تاریخ بازار سرمایه ایران بود. از طرفی امروز روند ورود نقدینگی حقیقی به بازار نیز پیشرفت قابل توجهی داشت و به رقم ۳۰۷۳ میلیارد تومان بالغ گردید. بهبود تقاضا در بازار از همان ابتدای وقت امروز مشهود بود. به تدریج این تقاضا در نمادهای بزرگتر بازار نیز تقویت شد و شاهد صفوف خرید تدریجی و پرحجم در اغلب نمادهای بازار اعم از بزرگ و کوچک بودیم. یکی از مهمترین دلایل اتمام اصلاح بازار در این مقطع زمانی، رشد نرخ ارز می باشد. نرخ ارزی که بنا به دلایلی از جمله پایان مهلت تسویه پیمان سپاری ارزی صادر کنندگان در ضرب الاجل پایان تیر ماه اینک ترمز بریده است و امروز به مقادیر ۲۶۰۰۰ تومان نیز رسید. گفته می شود تعدادی از صادرکنندگان در حال خرید ارز حواله واسکناس جهت واریز پیمان ارزی هستند و این وضعیت تا پایان این ماه ادامه دارد. البته همچنان دلایل دیگری از جمله رونق قاچاق و تقاضای خروج سرمایه نیز این روزها به قوت هر چه تمام به افزایش قیمت ارز دامن می زند که همگی ماحصل تحریم ها است. بنابراین عمده دلیل رشد نرخها تنها صادرکنندگان نیستند و صادرکنندگان تنها بخشی از مشکل هستند. اما امروز بعد از ظهر، برخورد قیمت دلار به نقاط مقاومتی بین ۲۵ تا ۲۶ هزار تومان باعث شد تا متحمل اصلاح شود. اصلاحی که چندان از ذهن ها دور نبود و با توجه به سقف کانال بلندمدت ۴۰ ساله دلار، کاملاً واکنشی قابل انتظار بود. قبلاً نیز بسیاری از تحلیلگران این نقاط را به عنوان سقف قیمتی شناسایی کرده بودند. اما نکته بسیار مهم و قابل تامل در این است که دلار بعد از برخورد به این نقاط به دلیل عرضه سنگین دلار توسط بازار ساز یعنی بانک مرکزی متحمل اصلاح نگردید، بلکه این خود بازار ارز بود که واکنش معکوس نشان داد. چرا که این نقاط مقاومتی برای شکسته شدن نیازمند اخباری قوی یا اتفاقاتی خاص است. رشد نرخ ارز که این روزها عموماً کاغذی و فردائی بوده است به دلیل معاملات واقعی صورت نگرفته بود. بنابراین ممکن است به همان سرعتی که رشد داشته است متحمل اصلاح گردد. هر چند تحلیلگران نقاط برگشتی در محدود ۲۰ تا ۲۱ هزار تومان را به عنوان یک نقطه حمایتی نسبتاً معتبر از نرخ ارز ترسیم می کنند، اما لزوماً و به دلیل انتظارات تورمی زیادی که در بازار وجود دارد ممکن است آنچنان هم که انتظار می رود سریع اتفاق نیفتد یا اصلا اتفاق نیفتد و تنها به صورت اصلاح زمانی رخ دهد. پر واضح است که حتی در چنین شرایطی نیز انتظار نمی رود بازار سهام اصلاح عمیقی را تجربه کند و سقف اصلاح احتمالی بازار را می توان ۲۵% تصور کرد. اصلاحی که با توجه به مومنتوم های قوی صعودی شکل گرفته در روز جاری بعید است که به سرعت رخ دهد. بنابراین اگر بازار ارز همچنان تا فردا اصلاحی باشد، انتظار می رود بازار فردا به شدت پر عرضه و البته مثبت ادامه یابد"
382,300735,"['حمایت', 'مقاومت', 'خرید']","متاسفانه خیلی ها سهم هاشون رو در بهترین شرایط میفروشند تا بروند در سهامی که صف خرید هست بنشینند !!
دوست عزیزم این سهامی که الان صف خریده مثل سهم شما که یه مدتی درجا زده 
به نظر بنده فقط زمانی مجاز به خرید هستیم که  سهم تکنیکال خوبی داشته باشه و در حمایت مناسبی باشه و قدرت خریدار ( دست خریدار ) مشهود باشه یا زمانی که یک مقاومت مهم شکسته شود آن هم به شرطی که قدرت خریدار مشخص باشد"
383,300748,"['خرید', 'قیمت']","سعی کنید پولی را وارد بازار سرمایه کنید که به آن نیاز ندارید و دید سرمایه گذاری دارید 
مثلا وقتی یک زمینی میخرید آیا هر روز میروید و نگاه میکنید که این زمین چه شده است؟ هر روز ار بنگاهی ها میپرسید که قیمت آن زمین چند شده است ؟ 
اما برخی از بورسی ها ، هر روز در ترس و لرز هستند !! چرا ؟ چون آموزش های لازم و کافی را ندیده اند ( بخصوص تازه وارد ها ) 
نگاهتان را به بورس چندین ساله کنید 
چند وقت پیش در گروه شاگردان عرض کردم فلان سهم را برای دید 10 ساله خرید میکنم ، جالب بود که بین شاگردایی که آموزش هم دیده بودند برایشان جالب بود که سهمی را برای 10 سال میخرم ، 
در صورتی که نگاه درست به بازار همین است"
384,300759,['قیمت'],"افزایش ۴۰۰درصدی قیمت میلگرد و ۲۰۰درصدی قیمت سیمان در ۱۰روز گذشته

البرز حسینی سخنگوی کمیسیون عمران مجلس: 
طی ۱۰روز گذشته قیمت میلگرد حدودا رشد ۴۰۰ درصدی و سیمان رشد ۲۰۰ درصدی داشته است. میلگرد از کیلویی ۴هزار تومان به ۱۲ هزار تومان رسیده، همچنین یک کیسه ۵۰ کیلویی سیمان از ۸ هزار تومان به  ۲۴هزار تومان افزایش داشته است.
این افزایش قیمت نگران‌کننده در حالی اتفاق افتاده که صفر تا صد زنجیره تولید دو محصول میلگرد و سیمان در داخل است و هیچ ارزبری ندارند. میلگرد مازاد بر مصرف در کشور تولید می‌شود به همین دلیل هیچ علتی برای گرانی و کمبود آن وجود ندارد."
385,300769,['خرید'],"گویا افزایش عرضه ها در برخی از سهام در این دقایق بازار، بابت تامین نقدینگی جهت ورود به صف خرید نمادهایی که در حال بازگشایی (همچون شپنا، خپارس، خزامیا و ...) هستند صورت گرفته است

همچنان صف محوری در بازار پدیده غالب است!"
386,300788,['خرید'],فولاد و ذوب باز هم به صف خرید رسیدند
387,300800,['قیمت'],کاهش ۲۵۰۰ تومانی قیمت دلار در یک روز
388,300812,['قیمت'],🔹بسیاری از کانالهای تلگرامی دلار و طلا که تا دیروز افزایش قیمت ارز، سکه و طلا را لحظه به لحظه گزارش می دادند، امرزو با کاهش سنگین قیمت دلار، در سکوت خبری فرو رفته اند و تنها به اعلام گزارش قیمتی از صرافی ملی و قیمتهای اول وقت بازار امروز بسنده کرده اند!
389,300861,"['مقاومت', 'سقف', 'هدف']","۳۰ تیر ۹۹؛ هدف بعدی شاخص کجاست؟

امروز شاهد رشد نسبتاً بالایی از شاخص کل بودیم، بطوریکه شاخص کل با بیش از ۳% رشد در سکوی ۱ میلیون ۹۲۴ هزار واحد ایستاد. ارزش کل معاملات نیز بیش از ۲۰ هزار میلیارد تومان تثبیت شد و روند ورود نقدینگی حقیقی نیز امروز هم تداوم یافت و شاهد تزریق ۳۱۱۱ میلیارد تومان پول تازه به بازار سهام بودیم. مطابق انتظارات با اصلاح نرخ ارز از سقف ۲۶ هزار تومانی آن، شاهد تشدید عرضه ها در بازار امروز بودیم. اما همانطور که گفته شد با توجه به اصلاح اخیر در بازار سهام، امروز بازار مورد توجه سرمایه گذاران بود و کاهش نرخ ارز باعث تضعیف خریداران نشد. چرا که تحلیلگران معتقدند که هم اینک که مقاومت ۱ میلیون و ۸۰۰ هزار واحدی شکسته شده است می توان به ارقام بیش از ۲ میلیون واحدی فکر کرد. اما بی شک در ادامه راه تشدید عرضه ها را خواهیم داشت و از این بعد نوسانات و فراز و فرودهای بازار بیشتر خواهد بود. این روزها که بازار رشد زیادی داشته است و اصطلاحاً نرخ های ارزی بالاتر را پیش خور کرده است، حساسیت زیادی به نوسانات ارزی خواهد داشت و هرگونه اصلاح ارزی، بازار را نیز با خود با اصلاح همراه می کند. اما همانطور که روز قبل نیز عنوان شد انتظار نمی رود بازار ارز و بازار سهام که البته بازار سهام دنباله رو بازار ارز است، اصلاح عمیقی را تجربه نمایند و حداکثر اصلاح هر دو می توان تا ۲۵% در حالت بسیار بدبینانه تخمین زده شود. با ریزش سریع نرخ ارز از قله ۲۶۰۰۰ تومانی، سناریو اصلاح زمانی نرخ ارز دیگر مطرح نیست و بازار ارز با همان شدت و حدتی که رشد کرده بود نزول کرد. روز گذشته نیز عنوان شد به دلیل اینکه این رشدهای فعلی ارز کاغذی بوده و ناشی از معاملات واقعی نبوده است، بنابراین از اطمینان کافی و وافی برخوردار نیست. بخصوص اینکه محدوده سنگین مقاومتی دلار در ۲۶ هزار تومانی مساوی است با محدوده سقف کانال ۴۰ ساله خود و برای شکستن آن نیاز به اخبار قویتری است. امروز اخباری قوی از افزایش عرضه ارز در سامانه نیما به گوش می رسید. اما فارغ از نوسانات ارزی که بازار امروز را پرعرضه کرده بود، شایعاتی در خصوص تاخیر مجدد در عرضه صندوق های دولتی موسوم به دارا ۲ و ۳ بود که انگیزه سرمایه گذاران برای سرمایه گذاری در نمادهای فلزی، پتروشیمی و پالایشگاهی را کاهش داد. در ماه های اخیر این نوع نمادها که به نمادهای دولتی مرسوم هستند، آماج تقاضا قرار گرفتند. چراکه همانطور که عنوان شد برخی معتقدند که دولت سهام خود را ارزان نمی فروشد و بنابراین با عنایت به این موضوع خریدار این نوع سهام بودند و هستند. البته این شایعه عصر امروز تکذیب شد. با عنایت به موارد فوق، انتظار بازاری مثبت و متعادل را از بازار فردا داریم./هدف حافظ"
390,300937,"['خرید', 'فروش', 'قیمت']","✍️ بازار دوشنبه کار خود را با افزایش تقاضا و رشد قیمت به ویژه در نمادهای بزرگ و شاخص‌محور آغاز کرد اما با گذر از نیمه‌های ساعت معاملات به مرور فشار عرضه‌ها بالا گرفت. در واقع شرایط کلی بازار مناسب بود اما صفوف خرید با شدت بالا عرضه شدند. به نظر می‌رسد عقب‌نشینی دلار و افزایش شناوری سهام در برهم خوردن ترازوی عرضه و تقاضا موثر بوده است. از طرف دیگر به 3 نکته مهم باید اشاره داشت. 

🔰 نخست اینکه بسیاری از معامله‌گران به دلیل در سود بودن، به راحتی دست به فروش می‌شوند و از سوی دیگر طی روزهای پایانی هفته، گزارش 3 ماهه و سپس عملکرد تولید و فروش تیر ماه شرکت‌ها خواهد رسید. به این موارد که رسیدن شاخص به منطقه مقاومتی 1.9 الی 2 میلیون واحدی را هم اضافه کنیم، می‌بینیم که بالا گرفتن فشار عرضه کاملا منطقی است. 

🔰 در واقع اگر تحولات روز یکشنبه سامانه نیما را فاکتور بگیریم، رفتار هیجانی در این روز رخ نمی‌داد و بازار به مسیر اصلاحی خود ادامه می‌داد. در جمع‌بندی موارد فوق می‌توان گفت که احتمالا بازار برای 2 روز باقی‌مانده از هفته، شرایط سختی داشته باشد اما نگرانی خاصی نیست و دست به دست شدن سهام می‌تواند عاملی برای جذب انرژی و برگشت به مدار رشد باشد. 

✅ در چنین شرایطی اصلاح پرتفوی و حرکت از سمت سهامی که طی مدت اخیر بازدهی سنگینی داشته‌اند، به سمت نمادهای کم بازده و یا اصلاح شده (به شرط دارا بودن شرایط بنیادی معقول) استراتژی مناسبی خواهد بود."
391,300950,"['خرید', 'فروش']","تقاضا در فولاد در حال رشد است و  فشار فروش گرفته شده است 
همین اتفاق نیز در لیدر های دیگر هم مشاده میشود 
بهتره با تحلیل خرید و فروش کنید و از رفتار توده ای بپرهیزید"
392,300959,['سقف'],"تکلیف جدید برای شرکتهای دولتی بورسی با شناوری ۱۰ درصدی
معاون وزیر اقتصاد گفت: بر اساس مصوبه دولت شرکتهای حاضر در بازار سرمایه، باید بخش بزرگ تری از سهام متعلق به سهامداران اولیه و سهامداران بزرگ یا اصطلاحا موسسین خود را به مردم بفروشند.معاون امور اقتصادی وزارت اقتصاد مصوبه اخیر هیات وزیران مبنی بر الزام دستگاههای اجرایی برای افزایش سهم شناور آزاد خود تا سقف حداقل 25 درصد و پیش بینی مکانیزم های تنبیهی برای این موضوع را، نشانه قطعی بودن تصمیم دولت برای تعادل بخشی از طریق افزایش عمق بازار سرمایه عنوان کرد./تسنیم"
393,300963,['فروش'],صف فروش صبا هم جمع شد
394,300989,['فروش'],صف فروش فاراک هم جمع شد
395,300995,['فروش'],"در بازار تقاضا در حال رشد است 
در فروش هاتون بیشتر دقت کنید 
لطفا دیدتان به بازار را بلند مدتی کنید و اگر تحلیل بلد نیستید به صورت مستقیم در بازار سرمایه گذاری نکنید و از صندوق ها  استفاده کنید و یا از نهاد های مالی  و شرکت های مشاوره  و یا سبد گردان که مجوز دارند کمک بگیرید"
396,301001,['حمایت'],مدیرعامل شرکت ملی صنایع پتروشیمی با تأکید بر تعیین تکلیف زمین‌های اختصاص یافته به طرح‌های پتروشیمی غیرفعال گفت: باید از شرکت‌هایی که عملیات اجرایی طرح‌ها را با جدیت انجام می‌دهند، حمایت شود.
397,301010,"['خرید', 'فروش']",وقتی شما هر روز کلی معامله خرید و فروش دارید همه خوشحال میشن ( دولت چون مالیات میگیره ، کارگزاری ها چون کلی کارمزد میگیرن )
398,301014,"['خرید', 'فروش']","الان اغلب تازه وارد ها این شکلی معامله میکنند که 
سهم صف خرید میشه میرن در صف خرید و بعد که عرضه صف زیاد میشه و سهمو میخرن و سهامدارش میشن  ، فرداش منفی میشه میرن در صف فروش و بعد در صف فروش میفروشن و  یهو سهامی که فروختن از صف فروش میشه صف خرید و ... 
این داستان ادامه دارد"
399,301127,['سقف'],"یک میلیون تُن مواد اولیه قیر برای بهسازی مناطق محروم تخصیص یافت

محمد مهدی مفتح، سخنگوی کمیسیون برنامه و بودجه مجلس گفت: با تصویب نهایی طرح تامین قیر رایگان قرار شد، تا سقف ۴ هزار میلیارد ریال معادل یک میلیون تُن مواد اولیه قیر در اختیار وزارت راه و شهرسازی و دستگاه‌های دیگر قرار گیرد و دولت تا پایان آذر ماه موظف به اجرای آن است."
400,301131,['خرید'],"مهدی رباطی، مدیرعامل کارگزاری بورس بیمه ایران:

🔹در تب خرید سهام صندوق‌های دارا و رشد عجیب آن‌ها در عین زیان‌سازی، بخش زیادی از بازار در ۱.۵ ماه گذشته یا افت کرده یا رشدی نکردند که بعضا وضعیت بنیادی مطلوبی نیز دارند. 

🔹تقریبا مطمئنم بزودی سهام کوچک و متوسط مورد توجه بازار قرار خواهند گرفت و انحراف بازدهی بورس بالانس خواهد شد."
401,301164,['قیمت'],"وارد مرداد ماه شدیم  این ماه هر روز به صورت مداوم یک مطلب را عنوان میکنم و آن اینکه : 

سعی کنید فقط و فقط پولی را وارد بازار سرمایه کنید که به آن احتیاج ندارید و به دید حداقل چند سال سرمایه گذاری کنید آن هم بر روی سهامی که قیمت تابلو اش حداقل با دارایی هایش و ارزش ذاتی اش بخواند"
402,301168,['خرید'],گزارش خوب روز گذشته در صبا باعث شد امروز این سهم در پیش گشایش صف خرید  باشد
403,301172,['خرید'],"۳صندوق ETF دولتی، در صف ورود به بورس

رئیس سازمان خصوصی سازی:

🔹دارا دوم در مرداد عرضه می‌شود.

🔹صندوق دارا سوم و دارا چهارم نیز به این ترتیب با حضور شرکت‌های بزرگ بازار سرمایه در آینده‌ای نزدیک پذیره‌نویسی خواهند شد.

🔹ثبت‌نام این صندوق نیز مانند دور قبلی، برای عموم آزاد بوده و خریداران به مدت ۲ هفته پس از ابلاغ زمان دقیق پذیره‌نویسی برای خرید آن زمان دارند."
404,301182,['سقف'],"📈در بازارهای جهانی با تصویب بسته حمایتی در حوزه یورو شاهد تقویت یورو در مقابل دیگر ارزها هستیم. 
طلا نیز از این رویداد استقبال کرده و همراه با نقره و دیگر فلزات سقف های جدیدی (در چند سال اخیر) را ثبت کرده اند. نفت نیز بالاتر رفته و فلزات اساسی هم مثبتند."
405,301197,['فروش'],"📌تغییر در برنامه ETF های دولت

به نظر می رسد دولت تصمیم دارد تغییراتی را در برنامه ETF های خود هم نظر محتوا و هم از نظر تقدم و تاخر اعمال کند؛ به طوریکه پالایشگاه های تبریز و بندرعباس به صندوق پالایشی ها اضافه شدند. همچنین دارا دوم که قرار بود فلزی و خودرویی باشد، به پالایشی تغییر کرد.
نخستین ETF دولت چندی پیش با نماد دارایکم عرضه شد که شامل سهام باقی مانده دولت در سه بانک و دو بیمه بود. در واقع پذیره‌نویسی نخستین صندوق که شامل باقیمانده سهام دولت در بانک‌های ملت، تجارت و صادرات ایران و بیمه‌های البرز و اتکایی امین می‌شد، اواسط اردیبهشت آغاز و معامله آن نیز تقریبا یک ماه پس از پدیذه‌نویسی تحت نماد دارایکم آغاز شد.
بر این اساس، مدیرعامل بورس تهران چندی پیش اعلام کرد که بین دو صندوق باقی‌مانده پالایشی و صنایع فلزی و خودرو، دومین صندوق قابل معامله که قرار است در بورس عرضه شود مربوط به صنایع فلزی و خودرویی است. البته درمورد زمان عرضه صحبتی نکرد و حتی رئیس سازمان بورس و اوراق بهادار اعلام کرد که هنوز دولت از این سازمان ETF جدید درخواست نکرده است.
از سوی دیگر معاون شرکت‌ها و قیمت‌گذاری بنگاه‌های سازمان خصوصی سازی نیز اعلام کرده بود که تصمیم اولیه دولت چهار پالایشگاه تبریز، اصفهان، تهران و بندرعباس بود. درحال حاضر طبق مصوبه هیات واگذاری، دو تا از پالایشگاه‌ها بلوکی عرضه می شود. پالایشگاه تبریز که آگهی شد و پالایشگاه بندر عباس هم به زودی آگهی می‌شود؛ بنابراین باقی مانده سهام دولت در پالایشگاه‌های نفت تهران و اصفهان، در قالب ETF پالایشی عرضه خواهد شد.
بر این اساس، درحالی که بر اساس گفته های صحرایی پیش بینی می شد دومین ETF دولت صنایع فلزی و خودرویی و طبق گفته های شمسی سومین ETF نیز فقط شامل پالایشگاه های نفت تهران و اصفهان باشد، آخرین گفته های عباس معمارنژاد در شبکه خبر حاکی از آن است که دارا دوم از گروه پالایشی تشکیل می شود، نه فلزی و خودرویی. همچنین صندوق پالایشی ها از پهار پالایشگاه تبریز، تهران، اصفهان و بندرعباس تشکیل خواهد شد.
به نظر می رسد از آنجاکه برای پالایشگاه تبریز که قرار بود به صورت بلوکی فروخته شود، مشتری پیدا نشد و همچنین برگزاری مجمع عمومی پالایشگاه بندرعباس باعث شد قابلیت اجرایی مصوبه هیات واگذاری درمورد فروش بلوکی این پالایشگاه از بین برود، قرار است این دو پالایشگاه نیز مجددا در سبد ETF دولت جا خوش کنند./اخبار بورس"
406,301200,"['سقف', 'قیمت']","جهش قیمت طلا به 1860 دلار به دلیل تشدید تنش های تجاری اقتصادهای بزرگ دنیا 

🔹تنش های تجاری  بین اقتصادهای بزرگ جهان منجر به جهش قیمت قیمت طلا و نقره شد. قیمت طلا در معاملات هفته جاری در یک روند صعودی به 1860 دلار افزایش پیدا کرده و قیمت نقره به 22.3 دلار رسیده است. قیمت طلا تا رسیدن به سقف تاریخی خود مسیر کوتاهی در پیش دارد که دور از انتظار نیست. 

🔹در راستای تلاش آمریکا برای متقاعد کردن کشورها در عدم استفاده از هوواوی، چین، اروپا را تهدید کرد. چین تهدید کرده است که از ادامه فعالیت دو شرکت نیکسون و نوکیا در چین در صورت همراهی اروپا با آمریکا در تحریم هوواوی، جلوگیری کند. آمریکا مجدداً 11 شرکت چینی را تحریم کرده است. نزدیک شدن چین به ایران، آمریکا و اروپا را مجبور به واکنش خواهد کرد. رئیس پنتاگون در همین راستا، قصد دارد به چین سفر کند."
407,301211,['قیمت'],"📢عرضه چهار پالایشگاه و ""فولاد، فملی، خودرو، خساپا "" با تخفیف تا ٣٠ درصدی
بورس پرس - معاون وزیر اقتصاد: در نیمه اول سال دو ETF دولتی دیگر با تخفیف ٢٠ تا ٣٠ درصدی بر اساس قیمت میانگین یک ماه آخر سهام در بورس منتهی به آگهی واگذاری به همه دارندگان کد ملی ایرانی واگذار می‌شود.
معمارنژاد گفت:  بر این اساس صندوق دارا دوم از گروه پالایشی ""شبریز، شپنا، شتران، شبندر"" و صندوق دارا سوم مرکبی از گروه فلزی و خودرویی ""فولاد، فملی، خودرو، خساپا"" است."
408,301235,['قیمت'],"روحانی: مردم هفته آینده شاهد بازار متعادل خواهند بود
 رئیس جمهور:
* باید برای شرایط بازار و گرانی‌های امروز که مردم را تحت فشار قرار داده چاره اندیشی شود.
* بانک مرکزی تلاش می‌کند قیمت ارز را به سمت قیمت تعادلی هدایت کند.
* صادرکنندگان باید با تمام توان به کمک بیایند و طبق مقررات ارزها را به سامانه نیما عرضه کنند.
* ارزی که در کشورهای دیگر به عنوان ذخیره داریم از آن ارز باید استفاده کنیم، حداقل با سه کشور در روزهای اخیر اقداماتی انجام شده است.
* ارز مورد نیاز در اختیار بانک مرکزی قرار می‌گیرد تا مردم شاهد یک قیمت متعادل در هفته‌های آینده در بازار باشند."
409,301317,['فروش'],"یادداشت رئیس‌کل بانک مرکزی در مورد برنامه‌های سامان‌دهی بازار ارز

سخنی بامردم عزیز و فعالان محترم اقتصادی

🔹این روزها بنا به دلایلی که مشخص است، و قبلاً نیز اعلام کرده بودم، بازار ارز دچار نوسان شده است. با اقدامات در دست اجرا به تدریج و در روزهای آینده بازار ارز به آرامش خواهد رسید.

🔹این تصور که بانک مرکزی و دولت برای کنترل بازار ارز اقدامی نمی کنند، یا اینکه تصور می شود برای تأمین کسری و یا دلایل دیگر، نرخ ارز را بالا می برند، بی اساس و یک برداشت و تصور کاملاً اشتباه است.

🔹دستورالعمل جدید در خصوص نحوه برگشت ارز به چرخه اقتصاد و تأمین ارز واردات کشور، چند روزی است عملیاتی شده است. در این دستورالعمل، عملاً زمینه ای برای ایجاد تراکم غیر عادی تقاضا و نيز سوء استفاده از ان باقی نمی ماند. 

🔹به همین دلیل متاسفانه در مقطع دو هفتهٔ اخیر، در کنار تعلل برخی صادر کنندگان برای عرضه ارز خود، برخی از سودجویان در صدد فروش ارز به واردکنندگان به نرخ های نامتعارف بوده اند.

🔹به واردکنندگان محترم توصیه می کنم که چند روزی را تحمل کرده و از چند روز آینده، بتدریج نیاز خود را از سامانه نیما تأمین نمایند. 

🔹از صادر کنندگان محترم نیز انتظار می رود در فرصت چند روز باقیمانده از فرصت ایفای تعهد، ارزهای خود را با نرخ های منطقی در بازار عرضه کنند تا خریدار لازم را داشته باشد.

🔹از صادرکنندگان عزیزی که تا امروز با برگرداندن ارز در خدمت تولید و اشتغال کشور بوده اند، قدردانی می کنم.

🔹مردم عزیز مطمئن باشند، بانک مرکزی برای ساماندهی بازار ارز و اعاده ثبات، و برگشت به نرخ های تعادلی تمام تلاش خود را بکارخواهد بست."
410,301319,"['خرید', 'کف', 'هدف', 'قیمت']",طی هفته کاری منتهی به روز کاری ۱۳۹۹/۰۵/۰۱ شاهد یکی از پرنوسانترین روزها طی  ۴ ماه گذشته بودیم ، بطوریکه نرخ دلار در بازار  آزاد در ابتدای هفته حتی نرخ ۲۶ هزار تومان را نیز تجربه کرد و با کاهش ۵ هزارتومانی به نرخ ۲۱۰۰۰ نیز در اواخر هفته رسید. نرخ سامانه نیما نیز وارد کانال ۲۰ هزار تومان شد ولی با تعدیل قیمت ها آخر هفته به کانال ۱۷ هزار تومان برگشت . تزریق ارز  بانک مرکزی در سامانه نیما و پایان یافتن مهلت برگشت ارزهای صادرکنندگان غیرنفتی که برای تامین ارز بیشتر اقدام به خرید ارز از کف بازار کرده و باعث افزایش بی سابقه قیمت ها شده بود و همچنین خبرهای مثبت سیاسی از جمله سفر ظریف به عراق و بالعکس سفر نخست وزیر عراق به ایران و... ودر بازار سکه نیز اوایل هفته نرخ سکه تا نیمه کانال ۱۱ میلیون پیش رفت که اواخر هفته حتی کانال ۹ میلیون تومان را نیز به خود دید البته لازم بذکر است اونس جهانی طلا با افزایش ۴۰ دلاری طی این هفته به ۱۸۵۰ دلار رسید. که کم کم خود را به هدف  پیش بینی شده خیلی از تحلیلگران ، یعنی ۲۰۰۰ دلار نزدیک می کند.
411,301332,"['خرید', 'کف', 'فروش']",فشار عرضه امروز نیز بازار عارض گردید و با اینکه بالغ بر ۱۱۳۴ میلیارد تومان ورود نقدینگی خرد و حقیقی را به بازار داشتیم، اما شاخص کل با افت محدود ۰.۷ درصدی مواجه شد و به ارقام نزدیکیهای محدوده ۱ میلیون و ۹۰۰ هزار واحد تنزل نمود. اما امروز ارزش معاملات خرد در محدوده ۲۰ هزار میلیارد تومان رقم خورد که نشان دهنده کاهش نوسانات و کاهش معاملات نسبت به روزهای قبل می باشد. امروز بازار تنها با یک موج عرضه از اوایل وقت همراه بود اما به تدریج بهبود یافت و شاهد افزایش تقاضا در اغلب نمادها بخصوص در نمادهای کوچکتر بازار بودیم. علیرغم اینکه از گوشه و کنار، ندای پایان رشد بازار شنیده می شد، اما رشد نرخ ارز از کف قیمتی ۲۱ تا ۲۲ هزار تومانی آن باعث شد تا فروشها در بازار سهام کاهش یابد و به وضوح کاهش میل به فروش دیده می شد. بنابراین انتظار می رود هفته آتی هفته ای توام با رشد ملایم بازار رقم بخورد. نرخ نیما که هم اینک در محدوده ۱۸ هزار تومانی قرار گرفته است به قدر کافی بالا است تا باعث شود فروش شرکتها در بورس کالا و فروش های صادراتی آنها متحول گردد. بنابراین بازار نیم نگاهی هم به این مساله دارد. شایعات در خصوص توقف عرضه ETF های دولتی نیز قویاً تکذیب شد و حتی از ETF های چهارم و پنجم نیز صحبت به میان آمده است. بنابراین بار دیگر نمادهای موجود در این نوع ETF ها هیجان خرید دیده می شد. ممکن است ارزش قیمتی نمادهای موجود در این ETF ها از ارزش ذاتی آنها فاصله گرفته باشد، اما با عنایت به توجه ویژه ای که بازار به نمادهای موجود در این ETF ها دارد، همچنان شاهد گسیل تقاضا به سمت آنها هستیم. اتفاقاً این مبحث یکی از مهمترین مباحثی است که در محافل به عنوان دلیل مهمی برای تداوم رشد بازار از آن یاد می شود که تا حد زیادی می تواند صحیح باشد. اینک به تدریج فصل مجامع در حال برگزاری است و تنها معدودی از نمادها مجامع خود را به تاخیر انداخته اند. اخبار متواتری که از تجدید ارزیابی ها، بلوکها یا طرح های توسعه ای شرکتها که از این مجامع رسوخ می کند، راه گشای بازار است. هر چند بازار این روزها پر عرضه و با احتیاط دنبال می شود، اما باید عنایت داشت که نقدینگی خرد جای بهتری از بازار ندارد و سایر بازارهای موازی ظرفیت و توانایی جذب این نقدینگی را ندارند. بنابراین فعلاً توجیهی برای ریزش بازار وجود ندارد./هدف حافظ
412,301512,['قیمت'],"این ماه هر روز به صورت مداوم یک مطلب را عنوان میکنم و آن اینکه : 

سعی کنید فقط و فقط پولی را وارد بازار سرمایه کنید که به آن احتیاج ندارید و به دید حداقل چند سال سرمایه گذاری کنید آن هم بر روی سهامی که قیمت تابلو اش حداقل با دارایی هایش و ارزش ذاتی اش بخواند"
413,301821,['قیمت'],"این ماه هر روز به صورت مداوم یک مطلب را عنوان میکنم و آن اینکه : 

1️⃣ سعی کنید فقط و فقط پولی را وارد بازار سرمایه کنید که به آن احتیاج ندارید و به دید حداقل چند سال سرمایه گذاری کنید آن هم بر روی سهامی که قیمت تابلو اش ، حداقل با دارایی هایش و ارزش ذاتی اش بخواند

2️⃣ فراموش نکنید که  بازار سرمایه یک محل برای سرمایه گذاری بلند مدت است پس حتما دیدتان را برای سرمایه گذاری بلند مدت کنید
."
414,301886,['فروش'],صرافی ملی نرخ فروش دلار را بدون تغییر ۲۰۳۰۰ اعلام کرد
415,301891,['قیمت'],"این ماه هر روز به صورت مداوم یک مطلب را عنوان میکنم و آن اینکه : 

1️⃣ سعی کنید فقط و فقط پولی را وارد بازار سرمایه کنید که به آن احتیاج ندارید و به دید حداقل چند سال سرمایه گذاری کنید آن هم بر روی سهامی که قیمت تابلو اش ، حداقل با دارایی هایش و ارزش ذاتی اش بخواند

2️⃣ فراموش نکنید که  بازار سرمایه یک محل برای سرمایه گذاری بلند مدت است پس حتما دیدتان را برای سرمایه گذاری بلند مدت کنید

3️⃣ هرگز سرمایه گذاری در بازار سرمایه را به عنوان شغل در نظر نگیرید و دید کوتاه مدتی و یا درآمد ماهانه و... را برای بازار سرمایه نداشته باشید ، چون همانطور که بازار روز های سبز دارد روزهای منفی و قرمز نیز خواهد داشت  پس واقع گرایانه بازار را ببینید"
416,301912,['فروش'],با تداوم افزایش عرضه ها در گروه سیمانی شاهد به صف فروش نشستن اکثر نماد ها در این گروه هستیم
417,301940,['خرید'],"عربستان خرید محصولات ساخت ترکیه را ممنوع کرد

🔹 دولت عربستان به طور جداگانه با کسب و کارهای مختلف در این کشور تماس گرفته و به آنها دستور داده با شرکت‌های ترک معامله نکرده و هیچ محصول ساخت ترکیه را خریداری نکنند.
🔹عربستان سعودی جهت تقویت تحریم غیر رسمی خود علیه ترکیه، فشار بر کسب و کارهای داخلی را برای عدم تجارت با این کشور و صنایع آن افزایش داده است.
🔹توقیف کامیون‌های حامل محصولات ترک، تنش‌ها بین دو کشور را شدیدتر کرده است.
🔹به گزارش مقامات ترکیه، عربستان سعودی مانع عبور کامیون‌های حامل میوه و سبزیجات تازه از مرز عربستان شده است."
418,301952,['هدف'],"راهبرد برجامی رقیب ترامپ

پیش‌نویس برنامه حزب دموکرات برای تغییر‌ سیاست‌های داخلی و خارجی ایالات‌متحده منتشر شد. در این سند ۸۰ صفحه‌ای که واشنگتن پست ابتدا آن را منتشر کرد، با انتقاد از خروج یک‌جانبه دونالد ترامپ، رئیس‌جمهور آمریکا از برجام، بازگشت به این توافق ضروری توصیف شده ‌است.

 با این حال دموکرات‌ها هدف از توافق هسته‌ای را آغاز دیپلماسی با ایران و نه پایان آن خوانده‌اند و از تلاش برای دستیابی به یک توافق جامع دیپلماتیک که شامل برنامه موشکی و منطقه‌ای ایران شود، سخن گفته‌اند.

 این برنامه در مقایسه با برنامه این حزب در سال ۲۰۱۶ لحن آشتی‌جویانه‌تری در برابر تهران دارد و از این زاویه با مخالفت شماری از گروه‌های اپوزیسیون و رسانه‌های هوادار برخورد تند با ایران روبه‌رو شده است.

 این متن هنوز پیش‌نویس است و برای تایید نهایی باید در نشست سراسری ماه آینده حزب دموکرات مطرح شود که به احتمال زیاد در آن نشست تصویب خواهد شد... 

روزنامه دنیای اقتصاد"
419,301953,"['حمایت', 'خرید', 'هدف']","پنج تفاهم نامه همکاری بین شرکت های بزرگ معدنی و هپکو با راهبری ایمیدرو به امضا می رسد

معاون وزیر صمت و رئیس هیات عامل ایمیدرو گفت: با واگذاری شرکت هپکو به سازمان تامین اجتماعی، رویکرد حمایتی ایمیدرو از این شرکت تغییر نکرده است.

به گزارش خبرگزاری تسنیم، معاون وزیر صمت و رئیس هیات عامل ایمیدرو گفت: با واگذاری شرکت هپکو به سازمان تامین اجتماعی، رویکرد حمایتی ایمیدرو از این شرکت تغییر نکرده و با توجه به ماموریت های توسعه ای این سازمان و نگاه ملی، در سال جهش تولید به طور حتم حمایت بخش معدن و صنایع معدنی از این تولیدکننده با سابقه و توسعه همکاری ها ادامه خواهد داشت.

رئیس هیات عامل ایمیدرو اعلام کرد: ایمیدرو به همراه شرکت های مبارکه، ملی مس، گل گهر، چادرملو، صندوق بیمه سرمایه گذاری فعالیت های معدنی و خانه معدن ایران، با هدف تحقق اهداف جهش تولید و حمایت از تولید داخل ، ۵ تفاهم نامه مجزا خرید محصولات و خدمات از شرکت هپکو امضا می کنند.

خداداد غریب پور افزود: ایمیدرو با راهبری و دعوت از شرکت های بزرگ معدن و صنایع معدنی در جهت حمایت از شرکت هپکو، طی ماه های گذشته جلسات بررسی مشکلات و هم اندیشی برای استفاده از ظرفیت های این تولیدکننده با سابقه را برگزار کرد.
وی با بیان اینکه نیازسنجی شرکت های معدن و صنایع معدنی به ماشین آلات و خدمات فنی در همکاری با هپکو انجام شده است، گفت: شرکت های فوق با برگزاری جلسات و بازدیدهای مستمر با مسئولان شرکت هپکو نیازهای خود را اعلام کرده اند که خرید محصولات این شرکت و همچنین ارایه خدمات فنی در این تفاهم نامه ها مورد توجه است.

برنامه امضا تفاهم نامه شرکت های بزرگ معدنی با هپکو
معاون وزیر صنعت، معدن و تجارت با بیان اینکه بزودی در همکاری بخش معدن وصنایع معدنی(با راهبری ایمیدرو) ۴ تفاهم نامه مجزا به امضا خواهد رسید، عنوان کرد: این تفاهم نامه بین شرکت های مبارکه، ملی مس، گل گهر و چادرملو با شرکت هپکو به امضا می رسد.
وی افزود: در تفاهم نامه فوق “تامین دستگاه های مورد نیاز شرکت های معدن و صنایع معدنی که شرکت هپکو قادر به ساخت آن است و همچنین تامین قطعات یدکی و تجهیزات مختلف ناوگان معدنی و خطوط تولید” دیده شده است.
غریب پور گفت: ظرفیت های هپکو در همکاری با حوزه معدن و صنایع معدنی شناسایی شده است و به طور مثال هپکو آمادگی خود را برای تعمیر تجهیزات شرکت ها همچون بیل مکانیکی، هیدروسیلندرها، غلتک ها و … اعلام کرده است.

ارایه تسهیلات توسط ایمیدرو
رئیس هیات عامل ایمیدرو با اشاره به دیگر تفاهم نامه معدن و صنایع معدنی با این تولیدکننده با سابقه، اعلام کرد: پنجمین تفاهم نامه به صورت سه جانبه بین خانه معدن ایران، صندوق بیمه سرمایه گذاری فعالیت های معدنی(مجموعه تحت پوشش ایمیدرو) و هپکو به امضا می رسد.
وی ادامه داد: در این تفاهم نامه خانه معدن ایران عهده دار اجرای برنامه نیازسنجی بخش معدن و صنایع معدنی به تجهیزات و خدمات فنی در حوزه معادن است.
غریب پور گفت: صندوق سرمایه گذاری فعالیت های معدنی نیز ارایه تسهیلات به متقاضیان استفاده از خدمات هپکو را در دستور کار قرار خواهد داد.
معاون وزیر صنعت، معدن و تجارت گفت: با توجه به نیاز معادن به دامپتراک، هپکو برای تولید این محصول نیاز به شریک خارجی دارد که این شرکت مذاکرات خود را با یک شرکت مطرح تولیدکننده دامپتراک آغاز کرده است"
420,301966,"['خرید', 'سقف', 'هدف', 'فروش']","۴ مرداد ۹۹؛ روزی که حقوقی ها به شدت عرضه کردند!

در اولین روز کاری هفته جاری بازار سهام علیرغم اینکه با تشدید عرضه ها مواجه شد، اما در همین شرایط نیز توانست با جذب ۴۱۷۷ میلیارد تومان نقدینگی حقیقی مواجه شده و با رشد نزدیک ۳ درصدی همراه گردد. بنابراین شاخص کل بار دیگر در کانال ۱ میلیون ۹۰۰ هزار واحدی قرار گرفت تا به سودای خود برای رسیدن به مقادیر بیش از ۲ میلیون واحد فکر کند. یکی از مهمترین دلایل بالا رفتن اعداد تزریق نقدینگی حقیقی در روز جاری به عامل انتقال حقوقی به حقیقی باز می گردد که امروز از شدت بالایی برخوردار بود. اما امروز قصد داریم چشم انداز بازار در نیمه اول سال را بررسی کنیم. شاخص کل که از ابتدای سال جاری بازدهی بیش از ۲۸۰ درصدی کسب نموده است همچنان در حال رشد بوده و به محدوده های ۲ میلیون واحد نزدیک شده است. نسبتهای مرسوم در ارزشگذاری سهام P/E, P/S, P/D همگی از مقادیر سقف تاریخی خود عبور نموده و چند برابر شده اند، اما همچنان شاهد تاخت و تاز بازار سهام هستیم. یکی از مهمترین دلایل رشد بازار در این مقطع زمانی، تغییر روش ارزشگذاری سهام به ارزش جایگزینی شرکتها، خصوصاً در شرایط تحریم که انتقال تکنولوژی تقریباً غیر ممکن شده است می باشد. حمایتهای دولتی از بازار با کاهش مداوم نرخ بهره انجام شد. یکی از مهمترین دلیل این حمایتها از بازار، افزایش جذابیت بازار به دلیل فروش دارائی دولت می باشد. شرایط تحریمی باعث کاهش شدید فروش نفت و درآمدهای دولت گشته است. بنابراین یکی از بهترین جایگزین ها برای پوشش این درآمدها، بازار سرمایه می باشد. عده ای معتقدند که دولت می توانست با افزایش نرخ بهره، اوراق در بازار بفروشد؛ اما این اتفاق با دامن زدن به رکود، باعث افزایش نارضایتی ها می شد. هر چند رشد محسوس شاخصها و قیمتها انتقادات بسیاری را به همراه داشته است، اما با این رویه، هم دولت به هدف خود فائق گشته است، هم موجب رضایتمندی سهامداران و سرمایه گذاران را باعث شده است. هنوز دولت صندوق های ETF خود موسوم به دارا دوم و سوم را به فروش نرسانده است. بنابراین انتظار تمام شدن رشد بازار در این مقطع زمانی وجود ندارد. اما فارغ از مساله فروش دارائی، ‌هم اینک انتظارات تورمی در جامعه در بالاترین حد خود قرار دارد و بازار سهام همچنان به عنوان بهترین بازار برای پوشش این انتظارات می تواند عمل کند. بخصوص اینکه این بازار،‌ پذیرای سرمایه گذاران خرد است. رشد نرخ از به عنوان مهمترین فاکتور ارزشگذاری سهام در این روزها عمل می کند. هر چند نرخ ارز این روزها نوساناتی در محدوده ۲۰ تا ۲۵ هزار تومان را تجربه نموده است،‌اما غاطبه سرمایه گذاران نه تنها انتظار نرخ های کاهشی بیشتر را از ارز ندارند،‌ بلکه حتی نرخ های بالاتری را برای آن متصورند. بنابراین بازار سهام که به شدت با انتظارات عمل می کند، ‌به این موضوع عنایت ویژه ای دارد و آن را در تحلیلهای خود برای خرید سهام لحاظ می کند. هنوز پتانسیلهای تجدید ارزیابی در بازار به طور کامل عیان نشده است و انتظار می رود این عامل نیز به خودی خود و به تنهایی بخش اعظم پتانسیلهای رشد بازار را شامل شود. رصد نقدینگی نیز در بازار همچنان تزریق سنگین حقیقی ها را، ‌حتی در روزهای اصلاحی و منفی، نشان می دهد. بنابراین انتظار می رود لااقل تا پایان شهریور ماه، همچنان رشد نوسانی همراه با افزایش عرضه ها را در بازار شاهد باشیم.

 "
421,301969,['قیمت'],"جدیدترین قیمت‌ها در بازار مسکن

✴️ بخش عمده معاملات مسکن طی یک ماه اخیر در محدوده کمتر از میانگین قیمت در هر مترمربع شهر تهران منعقد شده‌اند. آخرین آمار رسمی از تحولات بازار مسکن از قرارگرفتن میانگین قیمت در کانال ۱۹ میلیون تومان خبر می‌دهد.

✴️ با این حال فعالان بازار عنوان می‌کنند معدود متقاضیان مصرفی باقی مانده در بازار به دلیل کاهش شدید قدرت خرید، به معامله آپارتمان‌های کمتر از این کانال اقدام می‌کنند. گزارش رسمی بانک مرکزی نیز این موضوع را تایید می‌کند.

✴️ در ماه پایانی فصل بهار واحدهای مسکونی در دامنه قیمتی ۱۰ تا ۱۲ میلیون تومان به ازای هر مترمربع با سهم 10.4 درصد، بیشترین سهم از تعداد معاملات شهر تهران را به خود اختصاص داده‌اند و دامنه قیمتی ۱۲ تا ۱۴ میلیون تومان، با سهم 10.1 درصد در رتبه بعدی قرار گرفته است.

روزنامه دنیای اقتصاد"
422,302002,"['سیگنال', 'کف', 'فروش', 'قیمت']","♦️ چرا دلار رشد کرد؟

🔸به گفته فعالان، خریداران دلار به دو دلیل به بازار بازگشتند: اول، تصور اینکه قیمت این ارز به کف خورده و دوم اینکه، نرخ حواله درهم در ابتدای روز به آن ها سیگنال افزایشی داد.

🔸 در واقع پس از اینکه قیمت دلار به کانال 26 هزار تومان خورد و سپس با افزایش فروش ها به سوی کانال 21 هزار تومانی عقب گرد کرد، تعدادی از بازیگران بازار منتظر ایستادند که متوجه شوند، آیا قرار است بازارساز از این کانال نیز قیمت را پایین تر ببرد؟

🔸 روند آرام روزهای چهارشنبه و پنج شنبه به نظر می رسد، آنها را به این نتیجه رساند که دلار به کف قیمت خورده و فرصت آغاز خریدهای جدید را دارند. در این فاصله، نرخ حواله  درهم نیز با افزایش ابتدای روز به محدوده 6 هزار و 100 تومانی، آنها را دلگرم تر کرد که در موقعیت خریدار قرار بگیرند./دنیای اقتصاد"
423,302033,['قیمت'],"این ماه هر روز به صورت مداوم یک مطلب را عنوان میکنم و آن اینکه : 

1️⃣ سعی کنید فقط و فقط پولی را وارد بازار سرمایه کنید که به آن احتیاج ندارید و به دید حداقل چند سال سرمایه گذاری کنید آن هم بر روی سهامی که قیمت تابلو اش ، حداقل با دارایی هایش و ارزش ذاتی اش بخواند

2️⃣ فراموش نکنید که  بازار سرمایه یک محل برای سرمایه گذاری بلند مدت است پس حتما دیدتان را برای سرمایه گذاری بلند مدت کنید

3️⃣ هرگز سرمایه گذاری در بازار سرمایه را به عنوان شغل در نظر نگیرید و دید کوتاه مدتی و یا درآمد ماهانه و... را برای بازار سرمایه نداشته باشید ، چون همانطور که بازار روز های سبز دارد روزهای منفی و قرمز نیز خواهد داشت  پس واقع گرایانه بازار را ببینید"
424,302039,"['فروش', 'قیمت']","بازار روز گذشته بر خلاف انتظار از همان دقایق ابتدایی، با افزایش جدی تقاضا آغاز به کار کرد. در این مسیر شاخص کل با رشد 51 هزار واحدی، تا قله یک میلیون و 952 هزار واحدی پیشروی کرد و رکورد جدیدی را به ثبت رساند. 

  به نظر دلیلی به غیر از قدرت نقدینگی برای رشد بازار دیروز وجود نداشت؛ چراکه نه تحولی در بازار ارز رخ داده بود و نه بازارهای جهانی رخسار جالبی در روزهای پایانی هفته گذشته داشتند. البته با گذر از نیمه ابتدایی بازار فشار عرضه‌ها افزایش یافت و در صنایعی نظیر سیمان، غذایی، داروسازی، تایرسازی و ... شاهد افت قیمت در اکثر نمادها بودیم. 

  انصافا تحلیل بازار دشوار شده است. از یکسو، بسیاری از نمادها به دلیل اصلاح جدی اخیر، پتانسیل برگشت به مدار رشد را دارند و از سوی دیگر عدم اصلاح متناسب با رشد اخیر را در برخی از نمادهای بزرگ داریم که سبب دوگانگی در رفتار معامله‌گران شده است. برای بازار امروز، منطقا انتظار فشار فروش وجود دارد اما اگر دماسنج اصلی بازار تحت تاثیر توقف و بازگشایی برخی از نمادهای بزرگ، رنگ سبز گرفت، خیلی جای تعجب نیست !!"
425,302075,['خرید'],"چراغ سبز به یک خانه خالی

🏘 طرح مجلس برای خانه‌های خالی پیش از بررسی در صحن چکش‌کاری شد. کمیسیون اصلی رسیدگی به این طرح، فرمول محاسبه مالیات را به‌گونه‌ای اصلاح کرده که اشکال بی‌اثر بودن نرخ در قانون قبلی را رفع کند.

🏘 در فرمول جدید، مبلغ مالیات تقریبا به اندازه اجاره‌بهای یک‌سال آپارتمان‌ است. همچنین کسانی که تنها یک خانه خالی ملکی در اختیار دارند در صورت تصویب نهایی طرح مذکور به همین شکل، از پرداخت مالیات معاف خواهند شد.

🏘 دو فرضیه درباره علت این معافیت مطرح است. اول اینکه مجلسی‌ها به این واقعیت پی برده‌اند که در شرایط فعلی اقتصادی خانوارها از خرید ملک به‌عنوان یک سپر تورمی استفاده می‌کنند و در واقع چاره دیگری برای اینکه دارایی نقدی خود را از کاهش ارزش در امان نگه دارند، ندارند. در واقع این سرمایه‌گذاری ملکی خانوارها برای تامین آینده فرزندان توسط کمیسیون اقتصادی به رسمیت شناخته شده است.

🏘 دوم اینکه مقامات در محل زندگی قبلی (شهرستان محل سکونت) خود نیز علاوه بر پایتخت یک واحد مسکونی تحت مالکیت خود دارند و به همین خاطر ملاحظه لازم برای داشتن فقط یک واحد ملکی خالی مازاد بر محل سکونت را در اصلاحیه پیشنهادی قانون مالیات بر خانه‌های خالی لحاظ کرده‌اند.

روزنامه دنیای اقتصاد"
426,302423,['هدف'],"❇️گزارش انجمن جهانی فولاد از رشد ۵.۲ درصدی تولید ایران

به گزارش پایگاه خبری بورس پرس ، انجمن جهانی فولاد با انتشار گزارشی اعلام کرد: تولید فولاد ایران از ۱۲ دی سال گذشته تا ۱۰ تیر سال جاری با وجود بحران کرونا به ۱۳ میلیون و ۸۸۶ هزار تن رسید اما تولید جهانی حدود ۶ درصد کاهش یافت . 

تولید ایران همچنین در ماه ژوئن ( ۱۲ خرداد تا ۱۰ تیر) از ۲.۴ میلیون تن بیشتر شد که ۵.۲ درصد بیش از رقم تولید ماه مشابه سال گذشته میلادی بوده و در این میان چین هم رشد ۴.۵درصدی داشته است. 

تولید کنندگان بزرگ فولاد در آسیا از جمله ژاپن، هند و کره جنوبی با کاهش شدید تولید روبرو شدند و به ترتیب ۳۶، ۲۶ و ۱۴.۳درصد افت داشتند و همچنین آمریکای شمالی و اروپا نیز به ترتیب کاهش ۱۷.۶ و ۱۸.۷ درصدی را پشت سرگذاشتند. 

بر اساس این گزارش، سال گذشته مجموع تولید فولاد ایران به ۲۸ میلیون تن رسید و از این رقم کمتر از ۳۰ درصد راهی بازارهای هدف صادراتی شد و در سال جاری نیز تولید ۲۸ تا ۳۰ میلیون تن فولاد پیش بینی شده است."
427,302447,['قیمت'],"این ماه هر روز به صورت مداوم یک مطلب را عنوان میکنم و آن اینکه : 

1️⃣ سعی کنید فقط و فقط پولی را وارد بازار سرمایه کنید که به آن احتیاج ندارید و به دید حداقل چند سال سرمایه گذاری کنید آن هم بر روی سهامی که قیمت تابلو اش ، حداقل با دارایی هایش و ارزش ذاتی اش بخواند

2️⃣ فراموش نکنید که  بازار سرمایه یک محل برای سرمایه گذاری بلند مدت است پس حتما دیدتان را برای سرمایه گذاری بلند مدت کنید

3️⃣ هرگز سرمایه گذاری در بازار سرمایه را به عنوان شغل در نظر نگیرید و دید کوتاه مدتی و یا درآمد ماهانه و... را برای بازار سرمایه نداشته باشید ، چون همانطور که بازار روز های سبز دارد روزهای منفی و قرمز نیز خواهد داشت  پس واقع گرایانه بازار را ببینید"
428,302457,['فروش'],"❇️ ۱.۲ میلیون مشمول ۳۰ درصد سهام عدالت را فروختند/ ۹۰۰ هزار نفر در انتظار فروش.

به گزارش پایگاه خبری بورس پرس، مهدی نعمتی گفت: طبق آخرین آمارها دو میلیون و ۱۰۰ هزار نفر از مشمولان سهام عدالت ۳۰ درصد از سهام را به فروش رساندند. وی افزود: بطورکلی تا هفته گذشته یک میلیون و ۲۰۰ هزار نفر سهام را فروخته، تسویه و ۹۰۰ هزار نفر همچنان در فرآیند فروش سهام عدالت قرار دارند. 

از سه هفته گذشته برنامه‌هایی را سازمان بورس، شرکت سپرده گذاری و کانون کارگزاران طراحی کردند مبنی بر اینکه بانک‌ها و شرکت‌های کارگزاری بتوانند به سئوالات سهامدارانی که سهام را فروخته اند، پاسخ مناسبی دهند. نعمتی ادامه داد: قرار بود در مرحله اول از ۳۰ تیرماه بانک‌ها و کارگزاری‌ها دسترسی‌های لازم برای پاسخگویی به مردم را داشته باشند. 

در طول یک هفته گذشته رایزنی‌ها و جلسات مختلفی در سازمان بورس انجام و مقرر شد از امروز و تا قبل از اینکه مرحله دوم ۳۰ درصد آزاد سازی سهام عدالت آغاز شود، کارگزاران بتوانند دسترسی‌های لازم را برای پاسخگویی به سهامداران سهام عدالت انجام دهند.
."
429,302467,['حمایت'],امروز صبا هم خوب حمایت شد
430,302501,['فروش'],"🔵مدیرعامل بانک ملی: 51 درصد گروه توسعه ملی در بورس عرضه خواهد شد

✅محمدرضا حسین زاده، مدیرعامل بانک ملی در نشست خبری از فروش ۵۱ درصد سهام بزرگترین بنگاه اقتصادی این بانک در بورس خبر داد.
🔸 او گفت: بزرگترین بنگاه اقتصادی زیرمجموعه این بانک گروه توسعه ملی است که در اواخر تیر ماه از طریق بورس صددرصد سهام آن را برای فروش گذاشتیم اما به فروش نرفت اما قصد داریم با شرایط بهتر و از روز شنبه، ۵۰+۱ درصد سهام این بنگاه اقتصادی را از طریق بورس به فروش برسانیم. بنابراین مدیریت آن را نیز واگذار خواهیم کرد. فروش اموال مازاد بانک‌ها به شدت از سوی وزیر اقتصاد مورد مطالبه و پیگیری جدی است"
431,302530,['قیمت'],"❇️رشد ۵۰ درصدی هزینه تولید قطعات خودرو و احتمال اعمال نرخ طی ۲ ماه آینده.

به گزارش پایگاه خبری بورس پرس، مازیار بیگلو درباره بحث‌های مطرح شده مبنی بر ایجاد قطب سوم خودروسازی و مذاکره با برخی شرکت‌های خارجی به فارس گفت: بعید می‌دانم خودروساز خارجی باتوجه به شرایط فعلی حاضر به سرمایه‌گذاری در ایران باشد. 
در مورد چینی‌ها نیز تجربه نشان داده هر وقت در ایران حضور داشته‌اند اقدام خاصی برای داخلی‌سازی قطعات انجام نداده‌اند. 

وی درباره نامه‌نگاری شرکت ساپکو با قطعه‌سازان برای به‌ روزرسانی قیمت قطعات در قرارداد با ایران‌ خودرو نیز توضیح داد: جلسات در این خصوص در حال برگزاری است و قطعه‌سازان مدارک را ارائه کرده‌اند. با توجه به بررسی‌های در حال انجام امید می رود طی ۲ ماه آینده در مورد به‌روز رسانی قیمت قطعات ۱۶۰ شرکت به جمع‌بندی برسیم. 

این فعال صنعت قطعه سازی ادامه داد: البته این به‌روز رسانی قطعات بر اساس نرخ تولید تا پایان تیرماه است و پس از آن بر اساس نوسانات قیمت‌ نهاده‌های تولید اگر نیاز باشد مجدداً بازنگری صورت خواهد گرفت. قیمت قطعات برخی شرکت‌های قطعه‌ساز حتی برای سه ماهه آخر سال ۹۸ نیز به‌روز رسانی نشده است. به گفته بیگلو، قیمت مواد اولیه و ارز از ابتدای سال تا پایان تیرماه برای قطعه‌سازان ۴۰ تا ۵۰ درصد افزایش داشته که افزایش قیمت ۳۰ تا ۴۰ درصد باید بر روی قطعات اعمال شود. در عین حال این افزایش قیمت بر روی خودرو ۱۰ درصد کمتر از این ارقام خواهد بود."
432,302537,"['کف', 'فروش']","۸ مرداد ۹۹؛ اولین افت هفتگی شاخص کل پس از مدتها رخ داد!

بازار سهام امروز با تشدید سنگین عرضه ها مواجه شد و افت نزدیک ۲ درصدی را به ثبت رساند تا بار دیگر به نزدیکیهای کف کانال ۱ میلیون و ۹۰۰ هزار واحدی تنزل یابد. اما در همین شرایط نیز تزریق نقدینگی حقیقی و خرد قطع نشد و شاهد ورود ۹۴۴ میلیارد تومان پول تازه به بازار سهام بودیم. ارزش معاملات نیز در محدوده ۲۰ هزار میلیارد تومان بود. یکی از مهمترین دلایل تشدید عرضه ها در بازار امروز، به افزایش عرضه ای که منتسب به سهامداران عدالت است باز می گردد. گفته می شود بخش بزرگی از سفارشات جامانده از آزادسازی قبلی سهام عدالت، طی روز گذشته وارد سامانه معاملات شده است. فروش های دولتی در نمادهی دولتی نیز همچنان ادامه دارد و بخش بزرگی از عرضه های حقوقی، ناشی از این معاملات بود. این اتفاق یک ترس خاصی را به بازار عارض کرده است. هر چند در همین شرایط نیز بازار را اصطلاحاً خوب خریدند و حتی صف فروش فولاد نیز بارها جمع آوری شد اما خودروسازان، پالایشگاه ها و سایر گروه ها همچنان پرعرضه دنبال شدند. با اینکه طی هفته جاری شاهد افت محدود شاخص کل بودیم، اما برخی نمادها و صنایع بازار افتی بین ۱۵ تا ۲۰% را متحمل شدند. بنابراین می توان گفت اصلاحی که در انتظار آن بودیم عملاً رخ داده است. لذا می توان انتظار داشت که اگر اتفاق خاصی رخ ندهد، برای هفته آینده، به تدریج با برخورد قیمتها و شاخص ها به محدوده های حمایتی شاهد برگشت بازار باشیم. اما به نظر می رسد شاخص کل همچنان برای عبور از محدوده های روانی ۲ میلیون واحد نیاز به آمدگی بیشتر، اخبار بهتر، گزارشات قوی تر و معاملات پرحجم تری است. با اینکه امروز شاخص هم وزن عملکرد بهتری را از خود نشان داد اما همچنان معتقدیم که نمادهای کوچکتر بازار توانایی جذب نقدینگی کلان بازار را نخواهند داشت و با روند تزریق نقدینگی هفتگی مثبتی که وجود دارد، کار رشد بازار در این نقاط تمام نخواهد شد."
433,302581,['حمایت'],"نشست فدرال رزرو 

🔹براساس بیانیه امشب فدرال رزرو، چشم انداز اقتصاد آمریکا به مسیر کرونا ویروس، گره خورده است. 

🔹افزایش آمار مبتلایان نشان می دهد آمریکا وارد مرحله جدیدی از شیوع ویروس کرونا قرار دارد. نشانه ها حاکی از آن است که شیوع این بیماری بر اقتصاد سنگینی می کند. 

🔹پاول تاکید کرد که فدرال رزرو از تمامی ابزارها برای حمایت از اقتصاد استفاده خواهند کرد اما زمان می برد تا اقتصاد به قبل از شیوع ویروس کرونا برسد.
 
🔹براساس این بیانیه، فدرال رزرو قصدی برای افزایش نرخ بهره ندارد. تا زمان بازگشت اقتصاد به شرایط عادی، نرخ بهره در محدوده صفر باقی خواهد ماند. اما بسته های حمایتی ادامه پیدا خواهد کرد. در بیانیه فدرال رزرو، نگرانی از رشد قیمتها در نتیجه تزریق پول، وجود نداشت.

🔹بعد از بیانیه فدرال رزرو، شاخص دلار تحت فشار قرار دارد ، طلا هم در محدوده ۱۹۶۸ دلار قرار دارد."
434,302613,"['خرید', 'هدف', 'فروش', 'قیمت']","❇️ بورس در روزهای آینده چه می‌شود؟ / محتمل‌ترین سناریو برای سهام

🔸 « در چند ماه اخیر جریان نقدینگی به بازار وارد شده و احتمالا این روند ادامه خواهد داشت؛ در این شرایط بازار ،شاخص قطعا به رشد خود ادامه می‌دهد. » 🔸

به گزارش تجارت‌نیوز، در هفته اخیر هرچند شاخص بازار سهام نتوانست به دو میلیون واحد برسد اما یک روند با دامنه محدود نوسان را پشت سر گذاشت. اما آیا در ادامه شاخص بازار سهام روند رو به رشد خواهد داشت؟

سهیل کلاهچی، کارشناس بازار سرمایه در دنیای اقتصاد نوشته است: انتشار خبر فروش ۳۰ درصد دیگر از سهام عدالت و تاثیر این عامل بر بورس، همراه با نزدیک شدن شاخص کل به سطح روانی ۲ میلیون واحد، تا حدودی فشار عرضه را سنگین‌تر کرده و شاهد منفی شدن بیشتر سهام بازار، مخصوصا در شرکت‌های بزرگ هستیم.

نکته دیگری که در بازار مهم به نظر می‌رسد، فروش فعالان حقوقی بازار است که عمده این عرضه‌ها در سهم‌های بزرگ بازار اتفاق می‌افتد؛ این رویداد، موجب ایجاد ترس برخی از فعالان بازار شده و باعث می‌شود که این افراد بیشتر به سمت فروش سوق داده شوند.

بازار سرمایه در حالی عرضه‌های چند روزه را تجربه می‌کند که در روند دو تا سه هفته گذشته بیشتر به سمت درجا زدن و تعادل پیش رفته است.

در مجموع می‌توان برای بازار سه سناریو را در نظر گرفت؛ در سناریوی اول (سناریوی خوش‌بینانه)، شاخص کل پس از پایان استراحت (اصلاح زمانی) به رشد خود ادامه می‌دهد و به سمت سطح ۲ میلیون واحد حمله می‌کند. هدف تکنیکالی این حرکت، سطح ۲ میلیون و ۲۰۰ هزار واحد، ۲ میلیون و ۴۰۰ هزار واحد و ۲ میلیون و ۶۰۰ هزار واحد است.

در سناریوی دوم، بازار تا سطح یک میلیون و ۸۰۰ هزار واحد به‌عنوان هدف اول و یک میلیون و ۷۰۰ هزار واحد به‌عنوان هدف دوم اصلاح قیمتی خود را تکمیل می‌کند و پس از آن به رشد خود ادامه می‌دهد. طی سناریوی سوم (سناریوی بدبینانه)، بازار تا سطح یک میلیون و ۵۰۰ هزار واحد اصلاح می‌کند و رشد بعدی خود را به‌عنوان حرکت آخر بازار انجام می‌دهد.

از بین این سه سناریو، سناریوی سوم کمتر مورد انتظار است و فعلا جای نگرانی چندانی در بازار نیست. از یک طرف به نظر می‌رسد فروش‌ حقوقی‌ها بیشتر با هدف آماده کردن نقدینگی برای خرید در محدوده‌های مناسب‌تر بازار است و از طرف دیگر، هنوز دلایل کافی برای شروع ریزش بازار وجود ندارد و احتمال ادامه روند صعودی در بازار بسیار محتمل‌تر است.

نکته حائز اهمیت دیگر در شرایط این روزهای بازار، حجم و ارزش معاملات است که در حال همراهی کردن با بازار است و تا زمانی که این همراهی ادامه پیدا کند، جای نگرانی وجود نخواهد داشت و زنگ خطر تنها زمانی به صدا درمی‌آید که ارزش معاملات برای چند روز، کاهشی محسوس داشته باشد.

به هر حال، در چند ماه اخیر جریان نقدینگی به بازار وارد شده و احتمالا این روند ادامه خواهد داشت؛ در این شرایط، بازار شاخص قطعا به رشد خود ادامه می‌دهد.

درست است که قیمت سهام بعضی از شرکت‌ها بیشتر از ارزش ذاتی است، اما با در نظر گرفتن شرایط بازار ارز و انتظارات تورمی، بسیاری از شرکت‌ها به ویژه سهام بزرگ بازار همچنان جای رشد دارند."
435,302630,['حمایت'],"📌صعود بازارهای سهام با تعهد فدرال رزرو به حفظ پشتیبانی اقتصادی تا پایان همه‌گیری کرونا

🔹بازارهای سهام ایالات متحده روز گذشته با تاکید دوباره جروم پاول و دیگر مقامات فدرال رزرو بر حمایت اقتصادی تا پایان دوران همه‌گیری کرونا صعودی شدند.
🔹روز چهارشنبه بانک فدرال رزرو نرخ بهره معیار را بدون تغییر در نزدیکی صفر حفظ کرد و این مساله بر بازارها تاثیری مثبت بر جای گذاشت.
🔹شاخص داو جونز با ۰.۶۱، اس‌اندپی۵۰۰ با ۱.۲۴ و نزدک با ۱.۳۵ درصد افزایش معاملات روز چهارشنبه را به پایان بردند."
436,302637,['قیمت'],"قیمت سکه به ۱۱ میلیون و ۴۰۰ هزار تومان رسید

🔹قیمت سکه طرح جدید امروز ۵ شنبه ۹ مرداد ۹۹ در معاملات بازار آزاد تهران به ۱۱ میلیون و ۴۰۰ هزار تومان رسید.

🔹هر قطعه سکه تمام بهار آزادی طرح قدیم ۱۰ میلیون و ۷۰ هزار تومان، نیم سکه ۵ میلیون و ۵۸۰ هزار تومان، ربع سکه ۳ میلیون و ۳۰۰ هزار تومان و سکه یک گرمی یک میلیون و ۷۵۰ هزار تومان است.

🔹هر اونس طلا در بازارهای جهانی ۱۹۵۶ دلار و ۱۶ سنت و هر گرم طلای ۱۸ عیار ۱ میلیون و ۸۱ هزار و ۵۳۲ تومان است.

منبع: مهر"
437,302643,['فروش'],"❇️ ورود نقدینگی و استقبال از ETF پیش رو

مدیرعامل کارگزاری راهبرد سرمایه گذاری ایران عنوان کرد: به دلیل ادامه داشتن ورود fresh money از صندوق‌های دوم و سوم دولتی نیز مانند دارایکم استقبال خواهد شد.

وزن دادن به عرضه‌های دولت در قالب ETF‌های آینده را می‌توان تنها تحلیل فعالان بازار از بورس عنوان کرد. صندوق دارایکم از جمله صندوق‌های قابل معامله دولت بود که با استقبال خوبی روبرو شد. در واقع می‌توان تجربه موفق ETF اول (صندوق دارایکم) را فضایی برای تشویق دولت به انتشار صندوق‌های دارا دوم و سوم دانست.

حمید علیخانی، مدیر عامل کارگزاری راهبرد سرمایه گذاری ایران در خصوص ETF بعدی که به بازار عرضه می‌شود گفت: به دلیل روند ورود fresh money از این صندوق نیز مانند صندوق اول استقبال صورت خواهد گرفت. 

این کارشناس بازار سرمایه آزادسازی بخش دوم سهام عدالت را نیز بررسی و اظهار کرد: با توجه به اینکه در آزادسازی بخش اول علاقه‌ای به فروش از سوی سهامداران احساس نشد، بنابراین در مرحله دوم نیز حرکت سهامداران این سهام قابل پیش بینی بوده و بررسی روند قبل و کسب تجربه نشان می‌دهد که تاثیری بر بازار سرمایه نداشته باشد.
 
به گزارش بورس نیوز، دارا یکم در روز‌های اول بالاتر از ارزش NAV معامله میشد و اظهار نظر‌ها و دخالت‌هایی که در این مورد صورت گرفت و نیز تغییر زمان معاملات این صندوق، در منفی شدن این صندوق بی تاثیر نبوده  اما با توجه به رشد دارایکم، به نظر می‌رسد از دارا دوم استقبال خوبی به عمل خواهد آمد."
438,302668,['حمایت'],"🔹امروز پنجشنبه ۳۰ جولای شاخص های سهام در آسیا به باقی ماندن نرخ بهره نزدیک به صفر توسط فدرال رزرو به منظور حمایت اقتصادی ،  واکنش مثبت نشان دادند .
🔹امروز شاخص Nikkei ژاپن و کره جنوبی ۳/ ۰ درصد ، شاخص بورس استرالیا ۷/ ۰ درصد ، شاخص بورس هنگ کنگ ۲/ ۰ درصد و شاخص MSCI آسیا پاسیفیک برای خارج از ژاپن ۴/ ۰ درصد رشد یافتند . 
🔹بهای نفت بعد از کاهش سطح موجودی نفت خام ایالات متحده آمریکا افزایش داشته ، بطوریکه در تازه ترین معاملات امروز شاخص برنت به بشکه ای ۴۳ دلار و ۷۹ سنت و نفت خام سبک آمریکا به ۴۱ دلار و ۲۸ سنت در هر بشکه افزایش یافتند .
🔹طلا هم با ۴/ ۰ درصد کاهش به ۱۹۶۲ دلار در هر اونس رسیده است ."
439,302677,['قیمت'],"این ماه هر روز به صورت مداوم یک مطلب را عنوان میکنم و آن اینکه : 

1️⃣ سعی کنید فقط و فقط پولی را وارد بازار سرمایه کنید که به آن احتیاج ندارید و به دید حداقل چند سال سرمایه گذاری کنید آن هم بر روی سهامی که قیمت تابلو اش ، حداقل با دارایی هایش و ارزش ذاتی اش بخواند

2️⃣ فراموش نکنید که  بازار سرمایه یک محل برای سرمایه گذاری بلند مدت است پس حتما دیدتان را برای سرمایه گذاری بلند مدت کنید

3️⃣ هرگز سرمایه گذاری در بازار سرمایه را به عنوان شغل در نظر نگیرید و دید کوتاه مدتی و یا درآمد ماهانه و... را برای بازار سرمایه نداشته باشید ، چون همانطور که بازار روز های سبز دارد روزهای منفی و قرمز نیز خواهد داشت  پس واقع گرایانه بازار را ببینید"
440,302680,['فروش'],"❇️ ارزش سبد سهام عدالت نسبت به هفته گذشته چقدر تغییر کرد؟

در پایان این هفته ارزش سبد سهام عدالت ۵۳۲ هزار تومانی با افتی ۴ درصدی نسبت به اول مرداد ماه به ۱۸ میلیون و ۸۰۳ هزار تومان رسید.

به گزارش تجارت‌نیوز، در پایان معاملات بورس در هفته منتهی به ۹ مرداد، شاخص کل تنها ۰٫۱۶ درصد توانست نسبت به هفته گذشته رشد کند با این حال ارزش سهام عدالت در پایان معاملات روز چهارشنبه ۸ مرداد نسبت به هفته گذشته افتی ۴ درصدی را به ثبت رساند. بدین ترتیب در پایان هفته ارزش سبد سهام عدالت ۵۳۲ میلیونی با بیش از ۷۷۶ هزار تومان کاهش به ۱۸ میلیون و ۸۰۳ هزار تومان رسید. البته در این محاسبه حق‌تقدم سهام برخی شرکت‌ها در نظر گرفته نشده است که با احتساب‎ آنها ارزش سبد اندکی افزایش خواهد یافت.

با این حساب در پایان هفته، ارزش ۳۰ درصد سهام عدالت قابل فروش نسبت به چهارشنبه هفته گذشته حدود ۲۳۳ هزار تومان کمتر شده و به ۵ میلیون و ۶۴۱ هزار تومان رسید. این در حالی است که در ابتدای هفته ارزش ۳۰ درصد سهام قابل فروش به بالای ۶ میلیون تومان هم رسیده بود."
441,302682,['قیمت'],"❇️ سقوط ۹ درصدی ارزش دارا یکم در یک هفته

در پایان معاملات هفته منتهی به ۹ مرداد، ارزش ۲۰۰ واحد صندوق دارا یکم با افتی ۹٫۳ درصدی نسبت به هفته گذشته به ۴ میلیون و ۵۵۹ هزار تومان رسید.

به گزارش تجارت‌نیوز، در پایان هفته منتهی به ۹ مردادماه، ارزش هر واحد دارا یکم در مقایسه با هفته گذشته ۹٫۳ کاهش یافت و به ۲۲ هزار و ۷۹۷ تومان رسید. این در حالی بود که در ابتدای هفته ارزش این نماد ۲۵ هزار و ۶۴۱ تومان به ثبت رسیده بود.

بر این اساس ارزش ۲۰۰ واحد صندوق ETF دولتی دارا یکم که در ۱۴ تیر بیش از ۶ میلیون و ۵۷۵ هزار تومان ارزش داشت حالا به ۴ میلیون و ۵۵۹ هزار تومان رسیده که نشان از سقوط ۳۰ درصدی ارزش این صندوق نسبت به اوج خود دارد.
معاملات دارا یکم در حالی در این هفته به پایان رسید که در پایان روز چهارشنبه ۸ مرداد، خالص ارزش دارایی (NAV) این صندوق ۲۹ هزار و ۶۲۸ تومان محاسبه شد که حدود ۳۰ درصد بیشتر از قیمت پایانی این نماد در پایان هفته بوده است.
با این حال با توجه به روند صعودی این نماد در آخرین روز معاملاتی هفته و رشد ۱٫۳ درصدی آن در روز اصلاح ۲ درصدی شاخص، به نظر می‌رسد ممکن است ارزان‌فروشی سهامداران این نماد در هفته آینده به پایان برسد."
442,302732,"['فروش', 'قیمت']","📲حمایت همتی از تأمین کسری بودجه دولت با فروش سهام و انتشار اوراق بدهی


📌پست اینستاگرامی رئیس کل بانک مرکزی در خصوص متغیرهای پولی

🔹قضاوت در خصوص عملکرد بانک مرکزی بایستی در چهارچوب محیط اقتصاد کلان و شوک‌های وارده به اقتصاد و همچنین بر مبنای ابزارها، اختیارات و درجه استقلال بانک مرکزی باشد
🔹همه افزایش قیمت ها در بهار امسال، صرفا به رشد پایه پولی و نقدینگی مربوط نمی شود. افزایش انتظارات تورمی، متأثر از عوامل غیر پولی وعملکرد سایر بازارها نیزدرافزایش فشارهای تورمی نقش داشته اند."
443,302739,['قیمت'],"مالیات خانه های خالی در سال اول به طور میانگین ۵۰ میلیون تومان خواهد بود که در سال سوم هم، ۱۵۰ میلیون تومان خواهد شد

 سخنگوی کمیسیون اقتصادی مجلس: 
🔹مالیات خانه خالی در سال اول به طور میانگین ۵۰ میلیون تومان خواهد بود که به طور متوسط ماهی ۴.۵ میلیون تومان برای خانه‌های خالی مالیات دریافت خواهد شد
🔹 مالیات خانه خالی برای سال اول ۶ برابر مالیات بر درآمد اجاره است که در سال دوم ۱۲ برابر و در سال سوم ۱۸ برابر می‌شود 
🔹 البته اینها قیمت های منطقه بندی دارد و متناسب با مناطق قرار گرفتن خانه تغییر می‌کند"
444,302741,['قیمت'],✔️ قیمت نفت در بازارهای جهانی افزایش یافت. |قیمت نفت خام وست تگزاس اینترمدیت با ۴۵ صدم درصد افزایش به ۴۰ دلار و ۱۰ سنت رسید. |قیمت نفت خام برنت دریای شمال نیز با ۴۷ صدم درصد افزایش به ۴۳ دلار و ۱۴ سنت رسید.
445,302755,"['مقاومت', 'هدف']","📌گزیده سخنان اقتصاد سیاسی، رهبر انقلاب در روز جاری 

 🔹مقام معظم رهبری فرمودند:

⬅️ هدف بلند مدت دشمن به ورشکستگی کشاندن کشور است و هدف جنبی آنها اثر گذاری بر کمک های ایران به جبهه مقاومت است.

⬅️راه برداشتن تحریم، عقب نشینی در مقابل دشمن نیست. تنها علاج تحریم تکیه بر توانایی های ملی است.
اگر خواسته های دشمن را قبول کنیم، خواسته های جدیدی مطرح خواهد کرد.

⬅️ حرف آمریکا این است که صنعت هسته ای را به کلی کنار بگذاریم، امکانات دفاعی را به یک دهم تقلیل دهیم و اقتدار منطقه ای خود را رها کنیم.

⬅️ هسته ای نیاز قطعی کشور ماست و اگرچه در برجام خسارتهای فراوانی به ما وارد شد، اما اصل این صنعت در کشور حفظ شده است.

⬅️ بعد از خروج برجام اروپایی ها مدام ما را معطل می کردند و اقتصاد کشور شرطی شد.

⬅️ به وعده های اروپایی ها نباید اعتماد کرد. اروپایی ها بعد از خروج آمریکا از برجام هیچ کاری نکردند. باید کار خودمان را انجام دهیم.

⬅️ خلاصه اینستکس این است که ایران پول هایی را که طلب دارد را بدهد به اروپایی ها و آنها چیزی را که مصلحت می‎دانند بخرند و برای ایران بفرستند.

⬅️ آخرین ابداع اروپایی‌ها یک چیز چرندی بود به اسم اینستکس که همان را هم انجام ندادند."
446,302771,['قیمت'],"❇️ آنالیز بازارها در هفته اول مرداد ماه / بورس عقب‌تر از همه بازارها / طلا و سکه در صدر جدول بازدهی بازارهای مالی


در هفته‌ای که گذشت بورس کمترین بازدهی هفتگی خود را ثبت کرد اما طلا و سکه با رشد بیش از ۱۰ درصدی در صدر جدول بازدهی بازارهای مالی قرار گرفتند.

🔸طلا
بر اساس داده‌های اقتباس شده از شبکه اطلاع‌رسانی طلا، سکه و ارز، هر گرم طلای ۱۸ عیار در طول شش روز کاری این هفته ۱۳۲ هزار تومان افزایش قیمت داشت و بازدهی ۱۳٫۸ درصدی را به ثبت رساند.
این فلز ارزشمند در پایان هفته گذشته به‌ازای هر گرم ۹۵۲ هزار تومان معامله شد که با افزایش قیمت در این هفته دوباره به بالای مرز یک میلیون تومانی برگشت و براساس آخرین معاملات روز گذشته روی نرخ یک میلیون و ۸۴ هزار تومان خریدوفروش شد.

🔸سکه
پس از طلا، سکه با ۱۰٫۸ درصد بیشترین بازدهی را از آن خود کرد، سکه با افزایش قیمت یک میلیون و ۱۱۵ هزار تومانی از مرز ۱۱ میلیون تومانی عبور کرد.
قیمت سکه از ۱۰ میلیون و ۲۷۵ هزار تومان در پایان هفته گذشته به رقم ۱۱ میلیون و ۳۹۰ هزار تومان در پایان هفته‌ای که سپری شد رسید.

🔸دلار
میزان رشد قیمت دلار نسبت به بازار فلزات زرد رنگ کمتر است و در این هفته با افزایش قیمت ۵۰۰ تومانی بازدهی ۲٫۴ درصدی را ثبت کرد.
صرافی ملی آخرین نرخ دلار در روز گذشته را ۲۰ هزار و ۸۰۰ تومان اعلام کرد، این نرخ اعلامی در پایان هفته گذشته ۲۰ هزار و ۳۰۰ تومان بود.

🔸بورس
بورس کمترین بازدهی را نسبت به بازارهای دیگر و همچنین احتمالا نسبت به چند ماه گذشته خود در این هفته تجربه کرد، زیرا شاخص کل بازار سرمایه در این هفته تنها سه هزار و ۱۷۷ واحد رشد کرد که بازدهی ۰٫۱۶ درصدی را برای این بازار نشان می‌دهد.
براساس آمارهای سازمان بورس و اوراق بهادار، شاخص کل بورس که در هفته گذشته روی سطح یک میلیون و ۹۰۱ هزار واحد قرار داشت در این هفته با حدود سه هزار واحد رشد با قرار گرفتن روی سطح یک میلیون و ۹۰۴ هزار واحدی به کار خود پایان داد.

در پنج روز کاری بورس در این هفته، شاحص کل سه روز نزولی و دو روز صعودی بود.

در این هفته همچنین دو عرضه اولیه انجام شد که روز سه‌شنبه عرضه اولیه «بگیلان» با مشارکت بیش از پنج میلیون و ۲۰۰ هزار نفر انجام شد و در روز چهارشنبه نیز عرضه اولیه پرحاشیه «غزر» پس از دو مرتبه لغو سرانجام صورت گرفت که ارزش هر دو عرضه حدود ۲۵۰ هزار تومان است."
447,302775,['فروش'],"❇️ ارزش روز سهام عدالت ۱۰ مرداد ۹۹ / ۶۰ درصد سهام عدالت چقدر می‌شود؟

به گزارش تجارت‌نیوز، در پایان معاملات بورس در هفته منتهی به ۹ مرداد، ارزش سبد سهام عدالت ۵۳۲ هزار تومانی به ۱۸ میلیون و ۸۰۳ هزار تومان رسید. بدین ترتیب  ارزش ۳۰ درصد سهام عدالت قابل فروش به ۵ میلیون و ۶۴۱ هزار تومان رسیده است. 

در صورت آزادسازی ۳۰ درصد دوم سهام عدالت ارزش ۶۰ درصد سهام عدالت قابل فروش به ۱۱٫۲ میلیون تومان می‌رسد. آیا مردم می‌توانند منتظر واریز این میزان مبلغ باشند یا اینکه همچنان باید با مشکلات واریز وجوه مواجه شوند؟

در برگه‌های سهام عدالت یک میلیون تومانی نیز در صورت آزادسازی ۳۰ درصد دوم، صاحبان آن می‌توانند منتظر واریز مبلغی بیش از ۲۲ میلیون تومان باشند.

."
448,302778,['قیمت'],"🔰بلومبرگ گزارش داد؛ روند صعودی طلا تا کجا ادامه می‌یابد؟/ پیش‌بینی تحلیلگران حرفه‌‌ای از آینده اونس

▫️اقتصادنیوز: طلا در ماه جاری شاهد بیشترین میزان افزایش قیمت در چهار سال اخیر بوده و روز سه‌شنبه به رکورد تاریخی ۱۹۸۱.۱۷ دلار رسید. 

▫️با توجه به چشم انداز محرک‌های اقتصادی، گلدمن ساکس پیش‌بینی می‌کند قیمت اونس طلا تا ۲۳۰۰ دلار پیشروی کند و بانک مرکزی آمریکا از احتمال افزایش بهای طلا تا ۳ هزار دلار خبر داده است. 

▫️اما جی.پی.مورگان تخمین می‌زند سیر صعودی طلا در اواخر سال جاری متوقف شود.

▫️با این حال گروه بانکی استرالیا و نیوزلند در یادداشتی اظهار کردند امکان افزایش قیمت طلا وجود دارد، زیرا زمینه برای سیر  صعودی طلا همچنان مساعد است."
449,302782,"['خرید', 'فروش']","📌اتحادیه: کاهش تقاضا برای سرمایه‌گذاری حباب سکه را کاهش داد

کشتی‌آرای نایب رییس دوم اتحادیه طلا و جواهر تهران:
🔹در طول هفته اخیر، عرضه و تقاضا در تعادل بود؛ در حالی که در برخی روزها نیز عرضه بیشتر از تقاضا بود. شوک تقاضا یا شوک فروش در بازار نداشتیم و باتوجه به اینکه به ایام محرم نیز نزدیک می‌شویم، بازار در تعادل به سر می‌برد. ضمن اینکه کاهش تقاضا برای خرید سکه به جهت سرمایه‌گذاری سبب شد تا حدودا ۲۵۰ هزار تومان حباب سکه کاهش پیدا کند.
🔹در حالی که در ابتدای هفته حباب سکه حدودا ۹۵۰ هزار تومان بود، در پایان هفته به ۷۰۰ هزار تومان کاهش پیدا کرد که نشان می‌دهد، تقاضا در بازار برای خرید سکه که بیشتر جنبه سرمایه‌گذاری دارد، کاهش پیدا کرده است./ایسنا"
450,302809,['قیمت'],"🔹قیمت بیلت و اسلب صادراتی وارد کانال ۳۹۰ دلاری شد

◽️قیمت‌های منتشرشده توسط متال بولتن نشان می‌دهد که قیمت اسلب صادراتی ایران در هفته اخیر، به ۳۹۵ دلار به ازای هر تن بوده رسید که نسبت به هفته گذشته، رشد ۴.۶۴ درصدی را نشان می‌دهد. در این هفته، قیمت فوبِ بیلت صادراتی ایران به محدوده ۳۸۸ تا ۳۹۲ دلار به ازای هر تن رسید که میانگین این قیمت‌ها، ۳۹۰ دلار به ازای هر تن، رشد ۱.۹۶ درصدی را نسبت به قیمت‌های ۱ مرداد نشان می‌دهد.

🔹قیمت بیلت و اسلب در منطقه CIS هم صعودی است که می‌تواند پشتوانه خوبی برای رشد بیشتر قیمت فولاد صادراتی ایران باشد."
451,302850,['فروش'],صف فروش بانک صادرات در حال کم شدن است
452,302958,['حمایت'],"❇️ دامنه نوسان بورس کاهش نمی‌یابد / مجلس از بورس حمایت خواهد کرد


به گزارش تجارت‌نیوز، روز گذشته خبری مبنی بر بسته پیشنهادی سازمان بورس در مجلس منتشر شد که شایعاتی را به دنبال داشت.

ابتدا محسن علیزاده، عضو کمیسیون اقتصادی گفت: با توجه به رشد بورس و گرایش مردم نسبت به بازار سرمایه و نگرانی هایی که در رابطه با آینده بازار سرمایه وجود دارد، کمیسیون اقتصادی مجلس از مسئولان سازمان بورس خواسته، بسته پیشنهادی بهبود وضعیت بازار و جلوگیری از آسیب و زیان احتمالی مردم ارائه دهند.

به گفته وی این بسته قرار است در جلسه امروز مجلس شورای اسلامی طرح و بررسی شود.(تسنیم)

اما پس از انتشار این خبر، موضوع محدود شدن دامنه نوسان بورس این بار به صورت شایعه جان گرفته و سرمایه‌گذاران بورسی را نگران کرده است، اما عضو کمیسیون اقتصادی مجلس در گفتگو با تجارت‌نیوز این موضوع را تکذیت کرد.

🔸 محسن علیزاده در این خصوص عنوان کرد: فعلا هیچ طرحی مبنی بر کاهش دامنه نوسان معاملات بازار بورس و اوراق بهادار در دست نیست، هیچ تغییراتی بدون کارشناسی و تحقیق و بررسی انجام نخواهد گرفت.

🔸 این عضو کمیسیون اقتصادی مجلس تاکید کرد: رشد منطقی بازار سرمایه و حمایت از سرمایه‌گذاران در دستور کار مجلس قرار دارد.

موضوع محدود شدن دامنه نوسان به زمستان سال گذشته برمی‌گردد. پس از ترور سردار سلیمانی  برای اولین بار در چند سال اخیر دامنه نوسان بورس به دو درصد محدود شد اما دوباره به حالت قبل برگشت.

دوباره چند ماه قبل این موضوع مطرح و اجرا شد که پس از ابراز گلایه شدید سهامداران، با دستور مستقیم وزیر اقتصاد مجددا به حالت قبل برگشت.

این شایعات در فضایی در حال شکل‌گیری است که اقتصاددانان نسبت تاثیر رشد بورس بر انتظارات تورمی نگران هستند، آنها رشد نقدینگی و صعودی شدن نرخ تورم طی چند ماه اخیر را در نتیجه عملکرد بازار سرمایه می‌دانند.

."
453,303233,"['سیگنال', 'خرید', 'فروش']","خلاصه کلام اینکه بازار سرمایه یک بازار علمی برای سرمایه گذاریه 
نه یک قمارخانه 
بدون مشورت با افراد دارای صلاحیت وارد این بازار نشوید ، اگر تخصصی ندارید به صورت غیر مستقیم و از طریق صندوق ها وارد بازار سرمایه شوید 
کلیپ زیر را مشاهده کنید به شما کمک میکنه تا مشاوران و صندوق ها و شرکت های سبدگردانی مجاز را پیدا کنید 
در تلگرام دنبال سیگنال خرید و فروش نباشید"
454,303260,"['خرید', 'فروش']","کلا فاز خریدار و فروشنده های این روز های بازار رو نمیشه درک کرد !!
سهمه صف فروشه یهو صف خرید میشه 
صف خریده یهو صف فروش میشه 
دیروز صف خرید بوده گزارش مثبت با اهمیت از نوع الف میده منفی باز میشه 
چی به چیه ؟!  چه خبره؟"
455,303270,['ضرر'],"ناظر عزیز 
بخدا شما مسئولی ، سر ونوین من یکی از سهامداراش بودم و البته ماه ها پای این سهم نشستم 
یه عده سهم رو سلاخی کردند و خیلی ها با ضرر فروختند ، چراشو ما که نفهمیدیم اما چند میلیارد سهم رو از چنگ استراتوس و زیر مجموعه هاش در آوردن بعد سهمو بردن بالا 
اصلا چه معنی داره حقوقی اینجوری شیر فلکه رو روی سهم باز کنه ، چرا تذکر نمیدی؟ 
یا چرا بررسی نمی کنی به کی داره میفروشه و کی داره میخره ؟"
456,303403,"['خرید', 'قیمت']",اگر دقت کنید 4 تصویر جهت آموزش تابلو خوانی برای صبا فرستادم که قدرت خریدار نشان میداد سهم قابلیت رشد دارد و همین هم شد و و نماد از قیمت 3450 تومان به صف خرید در قیمت 4140 تومان در کمتر از 6 روز رسید و بیش از 20 درصد سود نصیب تابلوخوانان حرفه ای کرد
457,303466,['فروش'],"۱۵ مرداد ۹۹؛ تثبیت بازار در ۲ میلیون واحد!

امروز برای دومین بار، شاخص از مرز روانی ۲ میلیون واحدی عبور کرد. با اینکه ارزش معاملات نسبت به روز قبل حدود ۲۰% کاهش داشت و به مرز ۲۰ هزار میلیارد تومان رسید، اما روند تزریق نقدینگی حقیقی به بازار قطع نشد و شاهد ورود ۱۳۴۶ میلیارد تومان نقدینگی تازه به بازار بودیم. اما با اینکه هنوز زود است با قطعیت عبور سلامت شاخص از نقاط مقاومتی ۲ میلیون واحدی را اعلام کنیم اما به نظر می رسد این اتفاق طی هفته آینده قطعیت یابد. رفتار معاملاتی امروز بازار و نوسان اغلب نمادها از منفی به مثبت، نشان داد که هفته آینده می تواند هفته متفاوت بازار را بعد از مدتها رقم بزند. اما هنوز هم معتقدیم که رشد بازار زین پس آرامتر و همراه با عرضه های زیادی توام خواهد شد. اما هم اینک پرسشی که مطرح است این است که چرخش به یکباره بازار به چه دلیل رخ داد؟ از یک طرف، اصلاح قیمتی بسیاری از نمادهای بزرگ و کوچک طی هفته های گذشته، جذابیت سرمایه گذاری در آنها را بالا برده است. از طرفی در اوج فصل برگزاری مجامع هستیم. مجامعی که به خوبی در حال برگزاری است و اطلاعات مهمی در خصوص وضعیت بنیادی شرکتها از آنها مخابره می شود. یکی از مهمترین این اتفاقات، شفافیتهای بیشتر تجدید ارزیابی هاست. تجدید ارزیابی هایی که به مثابه یک پتانسیل بزرگ، یکی پس از دیگری منتشر می شود. اخیراً نمادهای کوچکتر بازار، عموماً از این پتانسیل خود استفاده کرده بودند اما در مقطع فعلی، شرکتهای بزرگ نیز تمایل خود را به استفاده از این قانون مهم نشان داده اند. امروز در مجمع فولاد به این موضوع اشاره شد. در مجمع فولاد گفته شد موضوع افزایش سرمایه از محل تجدید ارزیابی دارائی‌ها در دست بررسی است. همچنین از شستا نیز خبر می رسد این شرکت معظم در تدارک افزایش سرمایه از محل تجدید ارزیابی دارائیها از طبقه سرمایه گذاریهای خود می باشد. فروش دارائی نیز از دیگر محورهای مهم شرکتها به جهت بهینه سازی یا احیاناً خروج از زیان آنهاست. این روزها بار دیگر شایعات فروش بلوک پارسیان خودرو به تواتر شنیده می شود. مسائل و اطلاعات دیگری نیز وجود دارد که در این مقال نمی گنجد. به هر حال اینها همه پتانسیلهایی هست که در مقطع حساس فعلی می تواد سوخت رشد مجدد بازار باشد./هدف حافظ"
458,303859,['فروش'],"وقتی بدون دلیل و بدون تحلیل میفروشند همین میشود 
هفته پیش صبا رو در منفی ها و صف فروش  تا 3300 هم فروختند 
و امروز این سهم بالای 4300 تومان است و البته هنوز حجم خاصی نخورده است"
459,303920,['قیمت'],"کاهش تقاضا در قیمت ارز کاملا مشهود است...
امیدواریم این روند ادامه پیدا کند...."
460,303974,"['خرید', 'فروش']","بارها عرض کردم برای خریدتون دلیل تحلیلی داشته باشید 
برای فروشتون هم دلیل تحلیلی 
بازار قمارخونه نیست که دیروز صف خرید 100 میلی امروز صف فروش 100 میلی فردا صف خرید و پس فردا ..."
461,303992,['فروش'],صف فروش بانکی ها داره جمع میشه
462,304007,['فروش'],تقاضا در حال تقویت است و صف های فروش یکی یکی بلیعده میشود
463,304015,['خرید'],"شبندر داره صف خرید میشه 😂😂 
باور کنید هیچ جای دنیا همچین بازاری نداره"
464,304057,['قیمت'],فولاد خوزستان(فخوز) پس از برگزاری مجمع عمومی عادی سالیانه مبنی بر تقسیم سود نقدی بدون محدودیت نوسان قیمت با استفاده از مکانیزم حراج آماده انجام معامله می باشند.
465,304060,"['خرید', 'فروش']","دولت چگونه درآمد کسب کند ؟ 
اگر شما خرید و فروش نکنید که دولت مالیات نمیگیرد 😁😁 
پس اونم راه هاشو بلده 
جو سازی هاشو بلده 
اما هر سهمی راه خودش را میرود"
466,304080,['فروش'],"عجیب نیس؟؟؟
امروز خداروشکر با این همه فشار فروش و عرضه هسته معاملات تا این لحظه مشکلی نداشته😉😉😉......................"
467,304112,['هدف'],"زمان و جزئیات گشایش اقتصادی امروز مشخص می شود

رئیس کل بانک مرکزی: امروز در جلسه شورای عالی هماهنگی اقتصادی موضوع  گشایش اقتصادی مطرح می‌شود و موارد کارشناسی آن در دست بررسی است.
هدف اصلی آن هم مدیریت نقدینگی و تامین مالی در بازارهاست."
468,304179,"['خرید', 'سقف', 'فروش']","وزارت اقتصاد اعلام کرد:
تکذیبه مهم درباره شایعه توقف پذیره نویسی چهار پالایشگاه در صندوق دوم
وزارت اقتصاد با تکذیب شایعه توقف پذیره نویسی سهام ۴ پالایشگاه در صندوق دارا دوم اعلام کرد: دولت ملزم است طبق ابلاغ قانون، صندوق های دوم و سوم را پذیره نویسی کند.

به گزارش پایگاه خبری بورس پرس، وزارت اقتصاد با انتشار بیانه ای مهم اعلام کرد: شایعه توقف صندوق دارا دوم پالایش نفت قویا تکذیب می شود و عرضه بلوکی سهام شرکت های پالایشی یا آزادسازی فروش سهام عدالت هیچ ارتباطاتی با عرضه صندوق های دارا دوم و سوم ندارد و دولت ملزم است طبق ابلاغ قانون ، سهام متعلق به دولت را در قالب صندوق های دوم و سوم پذیره نویسی عمومی کند.

براساس این گزارش، خبر شبانگاهی شبکه سوم سیما از قول علیرضا صالح رئیس سازمان خصوصی‌سازی اعلام کرد پذیره نویسی دومین صندوق ETF دولتی موسوم به دارا دوم و شامل 15 درصد از سهام پالایشگاه های اصفهان ، بندرعباس، تبریز و تهران با سقف خرید پنج میلیون تومان از اوایل شهریور انجام می شود اما حسن علایی معاون صالح و سپس سازمان خصوصی سازی ، اقدام به تکذیب خبر صدا و سیما و عدم موافقت وزارت نفت با تشکیل دومین صندوق دولتی و برنامه عرضه بلوکی سهام این 4 پالایشگاه کردند."
469,304218,['قیمت'],"📌 قیمت جهانی فلزات اساسی و نفت امروز سه‌شنبه 21 مرداد 

آلومینیوم ⬇️
سرب ⬆️
روی ⬆️
مس  ⬇️
طلا ⬇️
نفت WTI ⬆️
نفت برنت ⬆️"
470,304292,['فروش'],صف فروش کگل هم جمع شد
471,304293,['فروش'],صف فروش حکشتی جمع شد
472,304298,['فروش'],صف فروش وبصادر مجدد جمع شد
473,304313,['قیمت'],"برای سومین بار 

صرافی ملی قیمت دلار را با افزایش ۲۰۰ تومانی ۲۱۸۸۰ تومان اعلام کرد"
474,304319,['هدف'],"📌وعده انتخاباتی ترامپ: توافق با ایران در ۴ هفته

🔹 رئیس‌جمهوری آمریکا در جمع خصوصی حامیان خود اعلام کرد که در صورت پیروزی در انتخابات آتی، ظرف چهار هفته به توافقی با ایران دست می‌یابد.
🔹این محفل خصوصی در شهر لانگ برنچ ایالت نیوجرسی تشکیل شده بود و هدف از آن جمع‌آوری کمک مالی برای ستاد انتخاباتی دونالد ترامپ بود.
🔹ترامپ حدود دو ماه پیش در گردهمایی انتخاباتی خود در شهر تولسا ایالت اوکلاهاما، با بیان این که قصد دارد یک توافق خیلی سریع و بهترین توافق ممکن را (با ایران) انجام دهد، هشدار داده بود: زمانی که در انتخابات پیروز شوم، ایران هزینه بسیار بالاتری خواهد پرداخت./ ایرنا"
475,304325,"['هدف', 'قیمت']","بازده بورس و بازده اقتصاد

✍️ رشد بی‌سابقه بورس، بازار انواع تحلیل‌ها را داغ کرده است. تحلیل‌هایی از این جنس که «چگونه در اقتصادی با رشد صفر یا منفی، بازدهی بورس چندصد درصدی می‌شود؟ »همچنین این تحلیل‌ها نیز مطرح شده است:

✍️ - خیلی از کسب‌وکارها به‌دلیل تحریم و مشکل تامین مواد اولیه با افت تولید مواجه خواهند بود؛ اما بورس بی‌اعتنا به این واقعیت‌های بیرونی همچنان می‌تازد.

✍️ - در شرایطی که تولیدکننده در بهترین حالت ۲۰ درصد سود سالانه کسب می‌کند، چند برابر شدن شاخص بورس قطعا توجیه ندارد و تنها انگیزه تولید را از بین می‌برد.

✍️ برای روشن شدن عیار این تحلیل‌ها بد نیست از یک مثال ساده شروع کنیم: فرض کنید عید امسال دو برادر هرکدام یک پراید به قیمت ۶۰ میلیون تومان می‌خرند و شروع به مسافرکشی می‌کنند. هرکدام (بعد از کسر هزینه‌ها) ماهی ۲ میلیون تومان کسب درآمد می‌کنند. یکی از دو برادر به همان شیوه سنتی پراید را به نام خودش می‌زند و مسافرکشی می‌کند؛ اما دومی که با بورس آشناست، از همان ابتدا شرکتی تاسیس می‌کند، پرایدش را به تملک شرکت درمی‌آورد و شرکت را وارد بورس می‌کند. 

✍️ بعد از چهارماه، هر دو نفر ۸ میلیون تومان درآمد ساخته‌اند. در این فاصله قیمت پراید هم به ۱۰۰ میلیون تومان رسیده است. اگر به برادر اول نگاه کنیم، ظاهرا طی چهار ماه فقط ۱۳درصد بازده کسب کرده (۸ تقسیم بر ۶۰)، اما اگر به برادر دومی نگاه کنیم، ارزش سهامش از ۶۰ میلیون به ۱۰۸ میلیون تومان رسیده؛ یعنی ۸۰ درصد بازدهی! 

✍️ برادر اول نمادی از «بخش واقعی اقتصاد» است که ظاهرا در این مدت، اتفاق ویژه‌ای برای وی نیفتاده و رشد قابل ملاحظه‌ای را تجربه نکرده، اما برادر دوم که تمثیلی از بورس است، در یک بازه چهارماهه ۸۰ درصد بازدهی داشته است.

✍️ هدف از این مثال روشن کردن خطای مشترک و بدیهی همه تحلیل‌های فوق است و آن اینکه، در شرایط فعلی اقتصاد کشور آنچه باید مورد توجه و معیار قضاوت قرار گیرد، متغیرهای اسمی است نه متغیرهای حقیقی. 

✍️ معیار قرار دادن متغیرهای حقیقی (مثل رشد اقتصادی) برای توضیح بازدهی متغیرهای اسمی (مثل بازده بورس) شاید در اقتصادهای باثبات و با تورم پایین معقول باشد؛ اما در شرایط فعلی اقتصاد ایران قیاس مع‌الفارق است.

✍️ آنچه پیشران اصلی رشد بورس بوده و هست، تغییر در انتظارات مردم در مورد متغیرهای اسمی اقتصاد همچون نرخ ارز و قیمت کالاها و دارایی‌هاست که به عقیده نگارنده، به‌دلیل تجربه حداقل دو شوک ارزی و رنج حاصل از ذوب شدن ثروت شخصی افراد در طی یک دهه گذشته، این بار بسیار سریع‌تر از دفعات قبل رخ داده است.

روزنامه دنیای اقتصاد"
476,304454,['قیمت'],قیمت دلار نیما با رشد قیمتی به 19 هزار تومان رسید خیلی جالب تر شد
477,304490,"['خرید', 'فروش']","بازار بسیار هیجانی رفتار میکند در کمتر از چند مین سهم از صف خرید به صف فروش می‌رود و برعکس.. 
این  هیجان اصلا برای بازار خوب نیست و فضای معاملاتی را مسموم میکند .."
478,304500,['خرید'],"از اول مرداد هر روز یک مطلب رو نوشتم و هر روز ریپلی کردم و تکرار کردم که بدونید بازار ، روز منفی هم داره و منطقی خرید کنید 
و دیدتون رو بلند مدت کنید  و سهامی بخرید که توجیه داشته باشه و بر روی بنیاد سهم و دلایل بنیادی تاکید فراوان کردم 
 اما کو گوش شنوا !!"
479,304517,['هدف'],"موضوع چهارم و آخرین موضوع  که در تاریخ 26 شهریور 98 سخنرانی شده است 
 هدف آمریکا این است که با فشار حداکثری مسئولین ایران را به پای میز مذاکره بکشاند"
480,304622,['فروش'],"دلار فروش صرافی ملی   22,050"
481,304824,['فروش'],"امروز چشم اهالی بازار  لیدر هاست ، اونها باید بازار رو برگردونند و آرام کنند 
 فولاد  اولین لیدری هست که انتظار دارم امروز بهتر معامله شود و بعد از فولاد وبصادر باید بتواند گروهش را از ریزش بیشتر نگه دارد  نماد بعدی کگل و ومعادن هستند که باید با افزایش تقاضا ، فشار فروش را از گروهشان بردارند 
و سرانجام کار به شپنا و شتران میرسد که بعد از همه نماد های بالا باید آرام آرام اعتماد را به بازار برگردانند"
482,304828,['حمایت'],خب بریم ببینیم فولاد به عنوان اولین نمادی که باید حمایت بشه چه میکنه
483,304830,['فروش'],لیدر ها باید بتوانند فشار فروش بازار را کنترل کنند
484,304837,['فروش'],در گروه پالایشی هم  صف های فروش در حال کاهش می باشند
485,304838,['فروش'],هیجان و فشار فروش باعث شد که شاخص  41 هزار واحد در کمتر از 15 دقیقه  سقوط کند
486,304843,['فروش'],صف فروش فولاد هم در حال جمع شدن است
487,304844,['فروش'],باید فشار فروش بازار امروز گرفته شود
488,304885,['فروش'],زمزمه هایی از جمع شدن بخشی از صفوف فروش بازار توسط صندوقهای دولتی در بازار بگوش میرسد...
489,304890,['خرید'],دراین خصوص سرانه خرید بازار در حال بهبود و نسبت خریدار به فروشنده بازار نیز کم کم در حال افزایش می باشد. این نسبت از 0.57 نیم ساعت گذشته به 0.63 طی این لحظه رسیده است.
490,304891,['فروش'],📈تحرکات نسبی به منظور جمع آوری صف فروش برخی از نمادها محسوس است.
491,304905,['فروش'],هی صف میچینن باز هی صف ها رو جمع میکنند ، فشار فروش رو گرفتند
492,305041,['فروش'],"حقوقی  که در صف فروش فولاد نشستی 

بهت دستور دادن بفروشی؟ اعتماد رو از بازار بگیری؟ امید رو کم کنی؟ که جناح اتو خوب نشون بدی؟
با هیچ روندی نمیشه جنگید ..."
493,305048,['حمایت'],شاید بتوان با یک تغیر مهره و حمایت از  شپنا بازار را بهتر حمایت کرد
494,305099,['فروش'],"شنیده ها حکایت از موج  قوی  حمایتی  دارد 

امیدوارم به صف فروش پالایشی ها بیشتر توجه کنند"
495,305101,['حمایت'],💰 شنیده می‌شود ۱۴ هزار میلیارد تومان منابع به صندوق توسعه بازار برای حمایت از بازار تزریق شده است/ بورس نیوز
496,305117,['فروش'],صف فروش کگل هم جمع شد
497,305120,['فروش'],با جمع آوری تعدادی از صف‌های فروش ارزش معاملات از ۸ هزار میلیارد گذشت
498,305128,['فروش'],"نامه مجلس و قوه قضائیه به رهبر انقلاب در مخالفت با تصمیم دولت درباره فروش اوراق سلف نفتی

«ابوترابی» نماینده مجلس: قوای مقننه و قضائیه در نامه‌ای به رهبر انقلاب ضمن اعلام مخالفت خود با تصمیم دولت مبنی بر فروش اوراق سلف نفتی در بورس عنوان کردند که این تصمیم مغایر با تصمیم متخذه در شورای اقتصادی سران سه قوه است.
/فارس"
499,305134,['فروش'],فولاد، فملی و فخوز از محدوده صف فروش فاصله گرفتند
500,305167,['قیمت'],قیمت دلار پایه برای محصولات  بورس کالا   188198 ریال اعلام شد
501,305237,['حمایت'],"امروز شاخص به حمایت نزدیک است .
 انتظار روز متفاوتی میرود . 
هیجانی رفتار نکنیم."
502,305245,['فروش'],کم حجم بودن صفوف فروش در بازار
503,305306,['حمایت'],رئیس دفتر رئیس جمهور از تدوام حمایت دولت از بازار سرمایه خبر داد
504,305308,['قیمت'],"زنگنه

قیمت خوراک پتروشیمی را کاهش داده و قیمت خوراک پالایشگاه را اصلاح کردیم که این موضوع باعث بهتر شدن وضعیت این شرکت‌ها در بورس می‌شود.تسنیم"
505,305322,['فروش'],⭕️ قرار بر این شده است که عرضه «سهام عدالت» به شکل بلوکی در نماد 2 زده شود و فروش خرد در بازار نداشته باشد
506,305409,['فروش'],"رحمانی فضلی، وزیر کشور:

رسانه‌ها به صورت کارشناسانه و دقیق به بورس بپردازند و از تهییج افکار عمومی پرهیز شود

🔹خط رسانه‌ای رسانه‌های خارج از کشور و ماهواره‌ها در چند روز گذشته تحریک و تهییج مردم و دعوت آنها برای فروش سهام خود بوده است.بورس نیوز"
507,305410,['فروش'],"در این دقایق مجددا یک هیجان فروش در بازار شکل گرفت که پس از افت سنگین دو هفته گذشته کاملا طبیعی به نظر می‌رسد

دست به دست شدن سهم‌ها برای بالاتر آمدن قیمت‌های تمام شده اتفاق خوبی است"
508,305413,"['فروش', 'قیمت']",صرافی ملی قیمت فروش دلار را با افزایش ۱۰۰ تومانی ۲۲۵۵۰ اعلام کرد
509,305416,"['فروش', 'قیمت']","بخشی از فشار فروش بازار از سوی نهادهای حقوقی مربوط به صندوق های درآمد ثابت است که اخیرا ملزم شده اند حد نصاب سرمایه گذاری در سهام را تا 5 درصد کاهش دهند. 
به نظر می رسد مبلغ فروش سهام از سوی این صندوق ها برای رعایت حد نصاب 5 درصدی حدود 15 هزار میلیارد تومان است که با توجه به شرایط خاص بازار سهام در این روزها، لازم است مهلت بیشتری به این صندوق ها (برای مثال 3 ماه) داده شود. در ماه آینده فرصت های بسیار بهتری برای فروش وجود دارد و نیازی به حراج سهام ارزنده در این قیمت ها نیست./ معیار"
510,305429,['فروش'],صف فروش شستا جمع شد
511,305431,['حمایت'],به نظر میرسد فعلا لیدر پالایشی ها هستند و باید این گروه حمایت شوند
512,305516,['تارگت'],بد نیست این پست ریپلی شده را که در مورد کانال هایی بود که تارگت های چند هزار درصدی میدادند مجدد مطالعه کنید 👆👆
513,305529,['کف'],"به نظر من که شاید اشتباه هم باشد 
این اصلاح به آخرای خود رسیده است ، البته اصلاح تمام شده بود اما تصمیمات بی برنامه باعث شد فشار مجددی بر بازار حاکم شود و حالا هی اون تصمیمات رو لغو میکنند ، کاش دیروز پالایشی ها رو بدون دامنه باز میکردند تا هرچه زود تر کف بازار مشخص شود 
اینجاست که مشخص میشود ما مدیران قوی کم داریم یا اصلا نداریم ، مدیرانی که بتوانند جسارت تصمیم گیری های بزرگ داشته باشند"
514,305553,['فروش'],برخی از صفوف فروش در حال کم شدن هستند
515,305581,['حمایت'],"امیدوارم این هفته خبر های خوبی به بازار مخابره شود و حمایت های خیلی سنگینی انجام شود  از نظر تحلیل زمانی بازار برای بازار بسیار مهم است 
چند سهم نیاز به حمایت قوی دارند"
516,305618,['قیمت'],🔸پیش‌روی قیمت جهانی فلز مس تا سطح تاریخی 6700 دلار
517,305655,"['حمایت', 'سقف']","رسما توسط سایت سنا تایید شد 
نصاب سقف سرمایه گذاری صندوق های سرمایه گذاری در اوراق بهادار با درآمد ثابت، به ۱۵ درصد افزایش یافت.

به گزارش پایگاه خبری بازار سرمایه(سنا)، سازمان بورس و اوراق بهادار در راستای حمایت از سهامداران  نصاب سقف سرمایه ­گذاری صندوق­ های سرمایه­ گذاری در اوراق بهادار با درآمد ثابت در سهام، حق تقدم سهام و قرارداد اختیار معامله سهام پذیرفته شده در بورس تهران یا فرابورس ایران، گواهی سپرده کالایی پذیرفته شده نزد یکی از بورس ­ها و نیز واحدهای صندوق ­های سرمایه ­گذاری را تغییر داد.

به این ترتیب، در جدیدترین مصوبه هیات مدیره سازمان بورس و اوراق بهادار، نصاب سقف سرمایه گذاری صندوق های سرمایه گذاری در اوراق بهادار با درآمد ثابت، ۱۵ درصد تعیین شد.

بر اساس این گزارش، سقف حدنصاب سرمایه گذاری صندوق های سرمایه گذاری با درآمد ثابت، در شهریور ماه سال ۹۵ معادل ۱۵ درصد بود که در آبان ماه ۹۷ این حد نصاب به ۲۵ درصد رسید.

در ابتدای سال ۹۹ و در فروردین ماه سال جاری، این حد نصاب ۱۰  درصد تعیین شد و در مرداد ماه سال جاری نیز طبق اعلام سازمان بورس و اوراق بهادار حدنصاب سرمایه گذاری در سهام این صندوق ها به ۵ درصد کاهش یافت.

امروز و در جلسه ای که هیات مدیره سازمان بورس و اوراق بهادار به منظور حمایت از بازار سرمایه،برگزار کرد، افزایش سقف سرمایه گذاری در سهام صندوق های بادرآمد ثابت به ۱۵ درصد افزایش یافت."
518,305678,['قیمت'],"🔰 ضریب تعدیل سهام به ۲۰ درصد افزایش یافت

 خدابخش، مدیر نظارت بر بورس‌های سازمان بورس و اوراق بهادار: ضریب تعدیل سهام در حساب تضمین مشتریان اعتباری از ۱۰ درصد به ۲۰ درصد افزایش یافت.

این مصوبه روز شنبه ابلاغ و از روز یکشنبه دوم شهریور اجرایی خواهد شد. با توجه به کاهش قیمت سهام شرکت‌ها در بازار سرمایه، این تصمیم مناسب و منطقی است./ مهر"
519,305698,['کف'],"⚫️السَّلامُ عَلَیْکَ  یا اَبا عَبْدِ اللهِ وَعَلَی الْاَرْواحِ الَّتی حَلَّتْ بِفِنائِکَ ، عَلَیْکَ مِنّی سَلامُ اللهِ اَبَداً ما بَقیتُ وَبَقِیَ اللَّیْلُ وَ النَّهارُ

اَلسَّلامُ عَلَی الْحُسَیْن

وَ عَلی عَلَیِ بْن الْحُسَین

وَ عَلی اَوْلادِ الْحْسَیْن

وَ عَلی اَصحابِ الْحُسَین

فرا رسیدن ماه محرم و ایام شهادت سرور و سالار شهیدان حضرت ابا عبدالله الحسین( ع) و هفتاد و دو تن از یاران مخلص و جان بر کف آن حضرت را به ساحت مقدس حضرت بقیه الله الاعظم ارواحنا له الفدا و تمام عاشقان و مریدان آن حضرت تسلیت عرض میکنیم"
520,305730,['هدف'],"عراقچی: درخواست آمريكا فاقد تاثير حقوقى است

سيدعباس عراقچى در توييتى نوشت:
🔹نامه درخواست آمریکا فاقد تاثير حقوقی است؛ ابلاغیه‌اى بی‌اعتبار و بی‌ارزش. 
🔹هیچ یک از اعضای باقی مانده در برجام به اجراى مفاد اعتقاد ندارند.
🔹اطمینان داریم که شورای امنیت به ایالات متحده اجازه نخواهد داد كه از قطعنامه ٢٢٣١ شورای امنیت سوءاستفاده كند تا به هدف اعلام شده خود یعنی نابودى این قطعنامه برسد."
521,305771,['فروش'],"🏡جزئیات پیش فروش مسکن در بورس کالا تشریح شد.

جواد فلاح مدیر مطالعات اقتصادی بورس:
🔹️ تا یک ماه آینده با انتشار اوراق سلف موازی استاندارد، مسکن در بورس کالا پیش فروش می‌شود.

🔹️ امید نامه اوراق سلف موازی استاندارد توسط شرکت سرمایه گذاری مسکن وابسته به بانک عامل حوزه مسکن تهیه و به بورس کالا تحویل شده است.

🔹️ افراد می‌توانند به صورت متری و در قالب هر واحد هر متر مربع مسکن خریداری کنند."
522,305811,['قیمت'],"🔰قیمت سنگ آهن به بالاترین سطح ۶ سال اخیر رسید

💢به گزارش سی‌ان‌بی‌سی، قیمت سنگ آهن این هفته به بالاترین سطح در چندین سال اخیر رسید.

🔸 مشوق‌های دولت چین باعث شد تا حتی با وجود بحران کرونا ساخت زیرساخت‌ها افزایش یافته و تقاضا برای سنگ آهن بالا برود.

🔸قیمت نقدی هر تن خشک سنگ آهن این هفته به ۱۳۰ دلار رسید که این بالاترین سطح از ۲۰۱۴ تا کنون است."
523,305833,['حمایت'],حمایت از بازار ادامه دارد
524,305929,['خرید'],تمپلتون بسیاری از موفقیت خود را مدیون توانایی اش در حفظ نظم بالا، جلوگیری از اضطراب و حفظ انضباط است. تمپلتون به خاطر فلسفه معاملاتی اش که “دوری کردن از رفتار گله ای” و ” خرید وقتی بازار در سرخی ریزش غرق شده است” شناخته شده است. او سودش را هم زمانی شناسایی میکرد که ارزش و انتظارات بالا بودند
525,305937,['قیمت'],حفظ آرامش برای یک معامله گر بسیار مهم است ، پرهیز از رفتار هیجانی و پایبندی به تحلیل و استراتژی از خصوصیات بارز یک معامله گر حرفه است ، برخی معامله گران حرفه ای معتقددند اخبار همیشه شما را فریب میدهند و تحلیل ها همیشه به شما کمک میکنند ، بازار وقتی بر میگردد که قیمت ها برای پول های بزرگ جذاب شود
526,305949,['قیمت'],"چه چیزی تغییر کرده که سهام ارزشمندتان را 40 درصد زیر قیمت یک ماه پیش میفروشید؟ 
چیزی ارزون شده ما خبر نداریم؟"
527,305959,['حمایت'],حمایت های قابل توجه حقوقی در صبا هم جالبه
528,305972,"['فروش', 'قیمت']",بازار به حالت ترس وارد شده است و پارامترهای بنیادی نقشی در تصمیم گیری فعالان در مقطع فعلی ندارد. به نظر می رسد با افت قیمت ها تمایل به فروش رفته رفته کاهش پیدا کند و همین موضوع مهم ترین انگیزه به منظور کاهش فشار با توجه به روند مثبت پارامترهای تاثیر گذار همچون نرخ ارز و قیمت های جهانی ها خواهد بود.
529,306003,"['خرید', 'فروش', 'قیمت']","📌سلاح‌ورزی، عضو شورای عالی بورس از مصوبات امروز این شورا گفت:

🔹اجازه به بانک‌ها برای خرید و فروش سهام عدالت 

🔹افزایش ضریب اعتباری ۵۰ درصدی کارگزاران

🔹اجازه تجمیع و فروش بلوکی سهام عدالت از طریق صندوق های توسعه و تثبیت بازار

🔹اجازه اخذ اعتبار توسط صندوق های سرمایه گذاری مشترک 

🔹اصلاح قیمت و عرضه ETF پالایشی"
530,306015,"['حمایت', 'خرید', 'سقف', 'کف', 'هدف', 'فروش', 'قیمت']","خبر فوری؛ تصمیمات مهم حقوقی ها به جهت حمایت از بازار فردا چه بود؟

به جهت حفظ انسجام بازار و حمایت از آن در یک اقدام کم سابقه، عصر امروز، حقوقی های منتسب به صندوق های فعال در بازار سرمایه (اعم از صندوق های با درآمد ثابت و صندوق های سهامی) و برخی دیگر از نهادهای مالی فعال در بازار سرمایه، تشکیل جلسه ای فوری دادند.

در این جلسه آقایان صحرائی مدیرعامل بورس تهران، آقای ابراهیمی عضو هیئت مدیره سازمان بورس، آقای قالیباف رئیس سازمان بورس، آقای خدابخش مدیر نظارت بر بورس‌های سازمان بورس و اوراق بهادار، آقای خواجه نصیری عضو هیئت مدیره بورس تهران نیز حضور داشتند.

همانطور که عنوان شد این جلسه به جهت حمایت از بازار برگزار شده بود. در خصوص جزئیات بیشتری از مفاد این جلسه آقای احسان حاجی علی اکبر، مدیرعامل شرکت مشاور سرمایه گذاری هدف حافظ، جزئیات بیشتری را عنوان نمود.

به گفته آقای حاجی، با توجه به اینکه در منفی های فردا قیمتها جذابیت زیادی پیدا کرده است، شاخص کل به محدوده ۱ میلیون و ۶۰۰ هزار واحدی می رسد که از لحاظ تکنیکال یک محدوده حمایتی بسیار قوی می باشد، از طرفی تصمیمات مهمی امروز گرفته شد. افزایش سقف اعتباری کارگزاران به ۵۰%، افزایش سقف خرید سهام صندوق های با درآمد ثابت به ۱۵% (البته به گفته آقای حاجی در جلسه عنوان شد که صندوق های با درآمد ثابت، به جهت حمایت از بازار، حتی می توانند از سقف یاد شده نیز برای خرید سهام فراتر روند و وحی منزل نیست!) به گفته آقای حاجی، محاسبات تحلیلگران شرکت مشاور سرمایه گذاری هدف حافظ نشان می دهد که اگر قرار باشد صندوق های با درآمد ثابت حتی به همان سقف ۱۵% نیز بسنده کنند می توانند چیزی بالغ بر ۲۲ هزار میلیارد تومان نقدینگی تازه به بازار تزریق کنند. همچنین محاسبات و آنالیز معاملات بازار امروز نشان می دهد که ۴۰ سهم برتر بازار با صفوف فروشی بالغ بر ۱۱ هزار میلیارد تومان مواجه بودند که نقدینگی تازه صندوق های با درآمد ثابت، می تواند به خوبی صفوف فروش را خرید نمایند. یعنی دو برابر صفوف فروش امروز نقدینگی تازه از فردا در دسترس بازار است. شایان ذکر است که تنها ۱۵۰۰ میلیارد تومان از صفوف فروش ۱۱ هزار میلیارد تومانی از آن شستا بوده است!

از لحاظ روانی خبر مهم دیگری که آقای حاجی به آن اشاره کرد در خصوص حمایتهایی است که قرار است در کف قیمتی منفی ۵% فردا از بازار سهام صورت گیرد. بخصوص اینکه شاخص کل در حمایت مهم خود در ۱ میلیون و ۶۰۰ هزار واحدی قرار دارد و دیگر جایی برای ریزش بیشتر ندارد. بنابراین تصمیم بر این شد که حقوقی های بازار فردا طبق لیست بندی مشخصی سهام بزرگ و شاخص ساز بازار را حمایتی خرید کنند. آقای حاجی گفت که قرار نیست این حمایتها تنها منحصر به بازار فردا باشد، بلکه مقرر شد که طی چند روز حمایتها از بازار سهام ادامه یابد. به عبارتی کف بازار سهام قرار است فردا بسته شود و اجازه داده نخواهد شد که قیمت سهام از کف حمایتی فردا طی روزهای آتی پایینتر رود.

موضوع بسیار جذاب بعدی که آقای حاجی از جلسه امروز دادند به نحوه ابطال صندوق های سهامی باز می گردد همانطور که مستحضرید بخش مهمی از فشار سنگین فروش این روزها به ابطالی صندوق های سهامی باز می گردد که باید به نوعی مدیریت شود. به گفته حاجی، مقرر شد که صندوق ها مجاز باشند از صندوق با درآمد ثابت خود در صندوق های سهامی خود صدور بزنند. در گذشته به دلیل مدیریت مشترک دو نوع صندوق ها در یک مجموعه، سازمان بورس چنین اجازه ای نمی داد، اما به دلیل حمایت از بازار نهایتاً سازمان بورس در جلسه امروز موافقت خود را با این موضوع اعلام کرد و از نظر سازمان بلامانع شد که بسیار کمک کننده است. این موضوع از دو جهت مهم است اول اینکه منابع نقدی که در دسترس صندوق های با درآمد ثابت است در صندوق های سهامی مجموعه متمرکز می شود. به عبارتی مدیریت دارائی در مجموعه صندوق سهامی متمرکز می شود. دوم اینکه این یک روش حمایتی بسیار مهم است. صندوق های سهامی نیازی به فروش ندارد. همانطور که عنوان شد به دلیل فشار ابطالی ها، صندوق های سهامی مجبور بودند جهت حفظ نقدینگی و پرداختی به سرمایه گذاران، اقدام به فروش سهام کنند که در این حالت نیازی به این کار نیست و نقدینگی لازم از طریق صندوق با درآمد ثابت و با صدور یونیت تامین خواهد شد. بنابراین درخواست فروش صندوق های سهامی در بازار حذف خواهد شد.

 ادامه در پست بعدی👇👇👇"
531,306016,"['حمایت', 'خرید', 'سقف', 'هدف']",جمع بندی نهایی صحبتهای مدیرعامل مشاور سرمایه گذاری هدف حافظ این موضوع است که در وهله اول حمایت مهم شاخص کل در محدوده ۱ میلیون و ۶۰۰ هزار واحدی وجود دارد. دوم اینکه بسیاری از نمادها بالغ بر ۴۰% افت داشته اند و به محدوده های بسیار جذابی برای خرید رسیده اند. سوم حمایت امروز سازمان بورس در خصوص دعوت از حقوقی ها به جهت حمایت از بازار، چهارم افزایش محسوس اعتبار کارگزاری ها به ۵۰% که درخواست خریدها در سیستم را بیشتر می کند، پنجم افزایش سقف سرمایه گذاری صندوق های با درآمد ثابت از ۵ به ۱۵% که قطعاً این عوامل به تدریج شرایط بازار را تغییر خواهد داد و به سمت متعادل شدن پیش خواهد برد.
532,306045,"['حمایت', 'سیگنال']","نرخ ارز نیما به نرخ ارز بازار نزدیک می شود/ سیگنال ارزی همتی به سهامداران بورس


▫️رییس کل بانک مرکزی در گفت و گوی تلویزیونی خود سه خبر مهم ارزی داد:نخست نزدیک کردن نرخ ارز در بازار نیما به نرخ ارز در بازار آزاد، حمایت از حذف دلار 4200 و سوم آمادگی این بانک برای یکسان سازی نرخ ارز پس از حذف ارز 4200."
533,306046,['کف'],❇️در بازار شاهد اردرهای حمایتی در کف قیمتی بسیاری از نمادها هستیم.
534,306050,"['حمایت', 'خرید', 'فروش']",از 4 هزار میلیارد تومان ارزش معاملات امروز و تا دقایقی قبل، 2000 میلیارد خرید توسط حقوقی انجام شده است. (50 درصد خریدها توسط حقوقی انجام شده است) ولی در سمت فروش 3800 میلیارد تومان حقیقی فروش داشته و حقوقی فقط 200 میلیارد تومان فروش داشته است. این یعنی حمایت ابتدایی توسط حقوقی ها از بازار انجام شده است.
535,306057,"['خرید', 'فروش', 'قیمت']",فوری دلار نیما از 20 گذشت ( فروشنده های عزیز در زمان خرید که هیجانی میخریدید حداقل در زمان فروش کمی شرایط تحلیلی را در قیمت ها  لحاظ کنید ... )
536,306065,['کف'],"هیچ رنج مثبتی در کار نخواهد بود بسیار حرفه ای دارند در کف قیمتی سهم ها رو جارو میکنند ، همین که بازار کف حمایتی اش مشخص شود برایش بسیار عالی خواهد بود 
حقوقی ها امروز خوب عمل کردند"
537,306136,"['حمایت', 'خرید']","خواجه‌نصیری در شبکه ۲:
🔹فردا هم حقوقی‌ها ۱۰ هزارمیلیارد تومان خرید خواهند کرد
🔹 تا ۱۰ روز آینده این برنامه ادامه خواهد داشت و این حمایت قطع نخواهد شد"
538,306169,"['حمایت', 'کف']","خدا رو شکر که بازار مثبت شده است اگر فقط 5 روز دیگر این نوع حمایت های هوشمند که فقط در کف قیمتی انجام میشود ، ادامه داشته باشد مطمئنا اعتماد مجددی به بازار سرمایه خواهد شد  
دوم شهریور براتون نوشتم که بازار چه خبره"
539,306175,"['خرید', 'فروش']","فاراک بعد از جمع شدن صف سنگینش امروز  به صفر تابلو نزدیک شد و خوب هم حجم خورده 
فجام مثبت 2.5 در حال دادو ستد هستش و چدن نزدیک دو درصد مثبت است فاما بالای 4 درصد در حال خرید و فروش می باشد"
540,306569,['قیمت'],"🔸افزایش قیمت مس

◻️تحلیلگران معتقدند افزایش قیمت مس که بسیاری را متعجب کرده، همچنان ادامه خواهد داشت. جوناتان بارنس از شرکت تحقیقاتی فلزات و مواد معدنی راسکیل انگلیس گفت: در شرایطی که تاثیرات همه گیری ویروس کرونا مصرف فلزات در سراسر جهان را 3 تا 4 درصد در سال جاری میلادی پایین آورده، کاهش تولید معدنی این فلز بیشتر بوده است.

🔸این وضعیت را میتوان به خوبی در کاهش ذخایر جهانی مشاهده کرد. مجموع موجودی مس در سراسر دنیا که شامل ذخایر چین هم میشود 40 درصد از ماه مارس تا پایان جولای کاهش یافته و به کمتر از 600 هزار تن میرسد. موجودی مس در در بازار فلزات لندن هم تا پایین ترین رقم در 13 سال گذشته کاهش یافته است.

◻️چین مسئول بیش از نیمی از مصرف مس در جهان است و با سرعتی بالا آن را خریداری میکند.

🔸چین تقریباً از تمام کشورها مس پالایش شده وارد میکند که نشان دهنده یک تغییر ساختاری است نه یک تغییر موقت."
541,306586,['قیمت'],"جهش نرخ فولاد در چین/ سنگ آهن صعودى

قیمت سنگ آهن ۶۲ درصد در چین در روز دوشنبه با 1.10دلار افزایش 124.50دلار معامله شد

به گزارش معدن ۲۴،قیمت سنگ آهن ۶۲ درصد با 1.10 دلار افزایش 124.50دلارمعامله شد. سنگ آهن عیار ۶۵ درصد با 2.65دلار افزایش 137دلارمعامله شد.

شمش فولاد درچین 10.03دلار افزایش 515.96دلار معامله شد.

شمش روی با 74.50دلار افزایش2529.50دلار قیمت خورد.

زغال‌سنگ بدون تغییر با همان میزان با 98.50دلار معامله شد."
542,306650,"['حمایت', 'قیمت']","سلام 
روز به خیر 
قبل از هر اقدام هیجانی چند نکته را عرض کنم 

۱- قیمت فلزات در بازارهای جهانی درحال رشده 
۲- دلار نیمایی با بالای ۲۱ هزارتومان رسیده 
۳- نمودار قیمت دلار آزاد در حال ساخت یک مثلث افزایشی هست
۴- بازار های موازی همگی صعودی هستند 
۵- شنیده های بنده حکایت از حمایت های هوشمند و جدی برای امروز از بازار را دارد"
543,306659,['فروش'],صف فروش فولاد و فخوز جمع شد و کگل مثبت شد
544,306675,['فروش'],صف فروش  وتجارت جمع شد.
545,306677,['فروش'],صف فروش فملی هم جمع شد
546,306689,['فروش'],صف فروش فولاد هم مجدد جمع شد
547,306785,"['خرید', 'فروش', 'قیمت']","📣اصلاح نحوه قیمت گذاری خوراک پالایشگاه ها
ایسنا-وزیر نفت گفت: نحوه قیمت گذاری نفت خام و خوراک پالایشگاه ها منصفانه اصلاح شد. بیژن زنگنه با اشاره به اینکه قیمت نفت خام و خوراک پالایشگاه ها درگذشته براساس قیمت فوب خلیج فارس تعیین می شد، گفت: الان قیمت های فوب خلیج فارس با واقعیت بازار ایران هم خوانی ندارد. وی کاهش قیمت خوراک پالایشگاه ها را انعکاس وضعیت بازار واقعی برای پالایشگاها خواند و گفت: آیین نامه نحوه محاسبه قیمت فروش نفت خام و خوراک به پالایشگاها و خرید فرآورده از آنها بگونه ای منصفانه که هم منافع دولت و هم منافع پالایشگاهها تامین شود، اصلاح شد."
548,306786,"['حمایت', 'خرید', 'هدف', 'قیمت']","صبح امروز پنجشنبه ۱۳ شهریورماه طی جلسه ای با حضور رئیس سازمان بورس و نهادهای حقوقی تصمیمات مهمی در راستای بهبود وضعیت بازار اتخاذ شد.

دکتر حسن قالیباف اصل با ارزیابی مثبت از نتایج این جلسه و حسن توجه و همکاری و حمایت حقوقی هایی که بیش از ۷۰ درصد بازار را در اختیار دارند به پایگاه خبری بازار سرمایه گفت: مقرر شد فرآیند جدید بازارگردانی با هدف افزایش رونق بازار و تسهیل نقدشوندگی آغاز شود و قطعا نتایج مثبت این امر به سرعت در بازار مشاهده می شود.

وی در خصوص اثرات مثبت سایر تصمیمات که با محور بهبود روند بازار اتخاذ شد، افزود: از دیگر تصمیمات اخذ شده افزایش دامنه فعالیت صندوق های سرمایه گذاری است و بر این اساس تسهیلاتی هم برای صندوق های سرمایه گذاری در سهام در نظر گرفته شده است.

رئیس سازمان بورس نیاز بازار سرمایه کشور به افزایش فعایت های بازارگردانی را ضروری دانست و گفت: بازارگردان عامل ایجاد تعادل در بازار است و با عرضه و تقاضای منطقی ضریب نقدشوندگی بازار سرمایه را افزایش می دهد.

دکتر قالیباف اصل یادآور شد: مقررات مربوط به بازارگردانی در بازار سرمایه از پیش تدوین شده و از روز شنبه بازارگردان ها فعال خواهند شد تا نوسانات کمتری را در بازار سرمایه شاهد باشیم. همچنین مقرر شده تا شرکت هایی که به تازگی وارد بازار سرمایه می شوند، بازارگردانی فعال و متناسب با ابعاد شرکت داشته باشند.

دبیر شورایعالی بورس در پاسخ به این سوال که این هفته سهام داران حقوقی تا چه میزان به حمایت از سهام پرداختند، گفت: حقوقی ها در این مدت تلاش کردند تا از سهام خود حمایت کنند اما با توجه به بزرگ شدن بازار، گاهی نیاز به حمایت چندین سهام دار و بازارگردان است. از همین رو باید صندوق های بازارگردان تقویت شوند. همچنین صندوق توسعه بازار هفته گذشته نقش خود را در خصوص نقدشوندگی ایفا کرد.

وی با اشاره به تصمیم دیگر این جلسه افزود: مقرر شد شرایطی فراهم شود تا قرارداد بازارگردانی ناشران و صندوق های بزرگ منعقد شود تا در شرایط نامتوازن و بر عدم تعادل از بازار حمایت بیشتری شود.   

رییس سازمان بورس با شایعه خواندن عدم حمایت دولت از بورس تصریح کرد: سازمان یک نهادعمومی غیردولتی است  و بازار سرمایه متعلق به عموم مردم است و دولت همچنان به بازار سرمایه به عنوان یک فرصت و با دید مثبت نظاره می کند.

دکتر قالیباف اصل یادآور شد:من مطمئنم که بازار سرمایه می تواند نقش خود را به درستی در اقتصاد کشور ایفا کند.

وی در پایان و در پاسخ به این پرسش که نقش نهاد ناظر در افزایش و افت قیمت سهم چیست تاکید کرد: سازمان بورس و اوراق بهادار نهاد ناظر است نه نهاد قیمت گذار. سهام داران باید هنگام خرید سهام به ارزندگی آن توجه داشته باشند و اطلاعات شرکت ها را به صورت دقیق مورد مطالعه قرار دهند./ سنا"
549,307056,['فروش'],❇️بازار شروعی پر عرضه داشته و فشار فروش بسیاری از نمادها را با صف فروش مواجه کرده است.
550,307063,"['حمایت', 'فروش']","مسئولین عزیز  و با سواد ، ای مدیران مدبر و فرهیجته 

1️⃣ آیا بهتر نیست حمایت را از سمت سهم های کوچک شروع کنید ؟!  پتانسیل رشد بیشتری دارند و جمع کردنشان سرمایه کمتری میخواهد 
یا
2️⃣  یک راهکار دیگر آن است که  برای یک روز هم شده دامنه نوسان را بردارید تا ببینیم این عزیزان فروشنده ! تا کجا فروشنده هستند 
یا 
3️⃣یک راهکار دیگه اوراق اختیار فروش صادر کنید"
551,307069,"['سیگنال', 'تارگت', 'قیمت']","آخه از کی گلگی کنیم !؟ 
هر روز اومدیم نوشتیم مراقب باشید ، هر پولی رو در بازار نیارید ، بورس رو به عنوان شغل قرار ندید ، به حرف های اون بی تجربه هایی که میگن فلان سهم چند ده هزار درصد رشد میکنه گوش نکنید فریبشونو نخورید هر روز گفتیم هر روز زیر تحلیل هامون هشدار دادیم  و مراقب باشید نوشتیم و هی به ما خرده گرفتند ... 
کل مرداد ماه هر روز نوشتیم که تورو خدا مراقب سرمایه هاتون باشد و کار به التماس کردن افتاده بود 
قبل اینکه بازار بریزه در مرداد ماه هر روز گفتیم پولی بیارید که بهش احتیاج ندارید و به دید چند سال سرمایه گذاری کنید اونم روی سهمی که قیمت تابلوش با دارایی اش  و ارزش ذاتی  بخونه یا اگه تخصصی ندارید غیر مستقیم سرمایه گذاری کنید 

اما حرف های امثال ما طرفدار نداشت و نداره و نخواهد داشت همه دنبال سیگنال های گوشه مانیتوری (شمال شرقی ) بودند و جالب تر  اینکه نوشتیم این افراد بی تجربه اند فریب شون رو نخورد اگر فرد استاد باشد هرگز تارگت های عجیب و غریب نمیدهد ، نگران سرمایه مردم است و  هرگز تحلیلش را عاری از غلط و اشتباه نمی داند ،  اما گوش نکردید و نکردید 
افراد بی تجربه آمدند ، آنهایی که آموزش ندیده بودند آمدند ، آنهایی که تخصصی نداشتند آمدند و همه فقط و فقط رویای پولدار شدن داشتند و قمار کردند !!
از کی گلگی کنیم؟  از سازمان بورس؟  هر روز کد معاملاتی صادر کردند ولی از همت برای آموزش خبری نبود؟ پیشنهاد دادیم که امکانات در اختیارمان بگذارید تا آموزش های گوناگونی را در تلویزیون ، رادیو و سایر رسانه ها شروع کنیم اما گوش نکردند و خودمان در این کانال کوچک با همراهی دوستان و اساتید بزرگوار کلیپ های آموزشی (هرچند کم ) درست کردیم تا شاید به درد کسی بخورد 
از کی گلگی کنیم ؟ از رسانه ملی که هر روز تشویق به بورس کرد ولی هر روز تشویق به آموزش نکرد! هر روز خبرهای بورسی را اعلام کردند اما هر روز به مردم هشدار ندادند که این بازار یک بازار تخصصی است یک بازار به همراه بالا و پایین های زیاد است 
و از دولت هم باید گله مند بود .... 

چه کسی پاسخگو است ؟
هر روز صد ها پیام داریم که سرمایه زندگی شان در حال از بین رفتن است و با وعده وعید ها و اعتماد به دولت و اعتماد به رسانه ملی وارد بازار شده اند  
راهکار چیست ؟ هر روز زجر ، هر روز استرس ، هر روز فشار عصبی !!"
552,307081,['هدف'],"این بازار بالاخره آرام خواهد شد اما یادتان نرود با زندگی مردم و با اعتمادشان  چه کردید 
از هر راهی که شد مردم را به نارضایتی رساندید همه کار کردید که اهداف دشمنان این کشور را محقق کنید 
گاهی فکر میکنم عده ای قصد دارند مردم را ناراضی تر کنند و این ها همه سناریو های تخریب است که مردم را ناراضی کنند تا به هدف های سیاسی شان برسند"
553,307116,['فروش'],🔹مهم؛ حسینی مقدم از انتشار اوراق اختیار فروش تبعی خبر داد
554,307159,['سیگنال'],"یه مطلب غیر بورسی بگذارم  که هم جالبه  هم از حال و هوای سرخ بازار رها میشیم 
عربستان سعودی رکوددار سرعت ۵G

شرکت اوپن سیگنال به تازگی به بررسی تجربه ۵G کاربران اپراتورهای تلفن همراه در سراسر جهان پرداخته است و کشورها در آسیا بجز چین، اروپا، خاورمیانه و شمال آفریقا را مورد بررسی قرار داده است. 
کاربران ۵G در عربستان سعودی سریع‌ترین میانگین دانلود را در سطح جهانی دارند. سرعت دانلود شبکه ۵G در این کشور ۴۱۴.۲ مگابیت بر ثانیه است."
555,307222,"['حمایت', 'خرید', 'ضرر', 'فروش', 'قیمت']","فکر کنم پارسال مهر ماه بود که نشستم ونوین رو تحلیل بنیادی و تکنیکالی کردم در قیمت حدود 430 یا 440 یک پله خرید کردم و حدود 385 تومن حد ضرر گذاشته بودم ، سهم یکمی اومد پایین نزدیک 400-410 تومن که محدوده حمایتی بودش حمایت شد و صف خرید شد بعدش یهو کله کرد و ریخت ، فرداش هم صف فروش شد هنوز حد ضررمو نزده بود که دیدم صف سنگینی شدش و خیلی سریع با صف فروش های پیاپی شروع به ریزش کرد ( نمیدونم ماجراشو میدونید یا نه اما حقوقی ها اومدن سهم های وثیقه استراتوس رو سلاخی کردند و برای اینکه بُز خری کنند سهم رو تا 280 تومن پایین کشیدند ).. 
خلاصه اینکه خیلی سریع سهم اومدش پایین و اصلا فرصت فروشی هم بهم نداد ، چون حد ضررمو وقتی بزنه و  من به استراتژیم پایبند بودم و هستم میفروشم ، اما اصلا نتونستم بفروشم ، فرصت فروشی بهم نداد و سهم اومد تا محدوده 310-330 تومن
یه چی حدود 40-50 درصد رفتم درضرر و کاری هم از من بر نمیومد همینجوری میفروختنش ( چند میلیارد سهم رو که وثیقه بود فروختند ) منم که با کلی بررسی بنیادی سهمو خریده بودم ( سهم ترازش هر ماه بهتر میشد ، مدیریتش خوب عمل کرده بو و... ) گفتم خب یه مدتی کاری باهاش نداشته باشم ، دیگه از جونم و اعصابم که مهم تر نیست ، به خودم گفتم هم پولم بره هم اعصاب و روانم ! 
سهمو نگه داشتم حدود فروردین ماه بود که مجدد به قیمت سر به سر من رسید و بعدشم یه رشد خوب کردش و من سهمو با سود فروختم  اما یه عده از دانشجو هایی که سهمو خریده بودند با ضرر در همون 300 فروختند ، یه عده هم فروختند و سهم دیگه ای خریدند و سود کردند ، یه عده ای هم نگه داشتن و سود کردند 
اما تفاوت ماها این بود که ...
اما تفاوت ماها این بود که ... من سود کردم استرسی هم نکشیدم ، گاهی ناراحت میشدم و همش میگفتم آخه چرا باید با سرمایه مردم برای پر کردن جیبشون اینجوری بازی کنند اما ، سودی برام نداشت .. فقط باعث بالا رفتن تنش و استرسم میشد ... 
اما خیلی ها با استرس هاشون ، اعصاب و روان خودشون و خانواده اشونو داغون کردن"
556,307354,['قیمت'],"ما بورسیا انقد قانعیم که نگو و نپرس 
۵۰ درصد قیمت سهم هامون میریزه بعد تا یه مثبت ۵ میخوره شروع میکنیم تبریک گفتن و شادی کردن 
واقعا از بورسی بهترم هست ؟ 
بعد اون کاناله از مهمان هاش میپرسه که اگه خانوم بودی با بورسی  ازدواج میکردی
از خداشون باید باشه که با بورسی ازدواج کنند 😉😉
بورسیا قانع باحال خندان شاد با روحیه و همیشه دنبال کار خیر هستند از اون سفته باز بگیر تا پایین 
همه خیّر و دست و دلباز"
557,307403,['حمایت'],"🔺دژپسند: ۲ تصمیم مهم دولت برای حمایت از بازار سرمایه

🔹وزیر امور اقتصادی و دارایی روز چهارشنبه در حاشیه جلسه هیات دولت گفت: نه فقط دولت که حکومت و قوای دیگر هم از بازار سرمایه حمایت خواهند کرد. در این زمینه دولت ۲ تصمیم مهم گرفته است که در روزهای آینده اجرا خواهد شد."
558,307410,['قیمت'],"پراید  گران نیست؛ باید ۱۲۰ میلیون تومان باشد!

🔹نجفی منش رئیس انجمن صنایع همگن قطعه‌سازی در پاسخ به پرسشی درباره قیمت پراید گفت:

▪️من کمی عقب می‌روم. دلار وقتی هزار تومان بود، پراید چقدر قیمت داشت؟ حدود ۶ میلیون تومان، یعنی ۶ هزار دلار و هنگامی که دلار به ۳۲۰۰ تومان رسید، پراید ۲۰ میلیون تومان شد و در نتیجه باز هم در محدوده ۶ هزار دلار بود. 

▪️حالا، اما پراید چند است؟ ۹۳ میلیون تومان و دلار چقدر قیمت دارد؟ اصلا شما ۲۰ هزار تومان در نظر بگیرید، می‌بینید که پراید باید ۱۲۰ میلیون تومان باشد و از این روست که بازار خطا نمی‌کند و پراید را می‌خرد، چون می‌داند قیمتش کمتر است./خبرآنلاین


پ ن : من نمیدونم چرا در ذهن بعضیا هیچی حباب نداره جز بورس"
559,309844,['فروش'],این عکس رو برای بررسی بیشتر ، در آبان ماه بالا میارم  که ببینیم آیا بنده به عنوان تحلیلگر اشتباه تحلیل کرده ام یا نه ، به نظرم فروش در این نقطه با شرایط بازار و سود سازی سهم اشتباهه ، باید دید آیا این تحلیل درست خواهد بود یا خیر
560,309858,['هدف'],ختوقا هدف تا بهمن؟
561,310072,['خرید'],چکارن  خرید ۱۰۰۰ تومن     فولای خرید ۵۰۰۰ تومن
562,310449,"['حمایت', 'مقاومت']","در تمامی تحلیل ها خط قرمز و آبی مقاومت و حمایت استاتیک می‌باشد
و خطوط سفید حمایت و مقاومت داینامیک 
موفق باشید🌺"
563,310595,['خرید'],سرمایه گذاری، خرید بلند مدت حداقل یکساله در سهام فارس.
564,310951,"['خرید', 'فروش']",هر چند نمادهای فرابورس بسته هستند ولی بعد از هفته ها این اولین بار است که ارزش صفوف خرید از صفوف فروش بیشتر می شود. این اتفاق همراه با ورود پول حقیقی بوده و بنظر اتفاق مثبتی در روند معاملات در حال بروز است.
565,310960,"['هدف', 'فروش', 'قیمت']","افزایش سرمایه جذاب 100 درصدی آریا به زودی، افزایش 50 درصدی فروش در طرح توسعه جدید رقم خواهد خورد
✅مدیرعامل آریا ساسول:

🔸 افزایش سرمایه از محل سود انباشته به میزان حدود ۱۰۰درصد در دست بررسی است که پس از نهایی شدن و تصویب هیات مدیره اطلاع‌رسانی از طریق کدال انجام خواهد شد.
🔸  به طور کلی بهبود نرخ های جهانی محصولات در کنار رشد نرخ تسعیر ارز سبب رشد قابل توجه قیمت محصولات شرکت و در نتیجه سودآوری جذاب در شش ماهه خواهد شد.
🔸 با هدف افزایش سودآوری از طریق تکمیل زنجیره ارزش و با توجه به حاشیه سود پلی اتیلن و همچنین برخورداری از معافیت‌‌های مالیاتی، احداث یک واحد جدید پلی اتیلن با ظرفیت تولید سالانه ۳۰۰ هزار تن با رویکرد مشابه سازی از واحد پلی اتیلن سنگین موجود در دستور کار قرار گرفت با انجام این طرح سودآوری شرکت سالانه حدود 100 میلیون دلار افزایش می‌یابد /بورس 24"
566,311103,['حمایت'],"ترامپ در توئیتر از توقف کامل مذاکرات با کنگره حول بسته چهارم حمایتی خبر داد!

دموکراتها بر ارزش ۲.۴ تریلیون دلاری اصرار دارند
کاخ سفید مبلغی فراتر از ۱.۶ تریلیون دلار را نمیپذیرد

مذاکرات شکست خورده و تا بعد از انتخابات ریاست جمهوری خبری از بسته حمایت مالی از اقتصاد نیست !

پ ن : همزمان با انتشار توئیت ترامپ، ریزش شاخص‌ها شدت گرفت."
567,311162,['خرید'],"1.شپدیس
2800 خرید
میان مدت🙏"
568,311166,['تارگت'],یه وای پی بود تارگت 1700تومن برای ولساپا می داد به نظرتون می رسه بهش؟
569,311212,"['سیگنال', 'خرید', 'فروش']","سلام ، سپاس
گروه هزار تحلیل به هیچ عنوان سیگنال خرید یا فروش صادر نمیکند"
570,311213,"['حمایت', 'مقاومت', 'سقف', 'تارگت']","311% برای یک سهم پیش بینی کردن؟
دوست عزیز سهم هنوز به سقف قبلی خودش نرسیده
چنین تارگت هایی مورد تایید هیچ تحلیلگری نیست. سهم به تازگی حمایت شده و مقاومت مرزروانی و استاتیک 500تومن رو پیش رو داره"
571,311216,"['حمایت', 'مقاومت', 'خرید', 'فروش']","گروه هزار تحلیل به هیچ عنوان پیشنهاد خرید و فروش و نگهداری نمیدهد
سهم رو هشتگ # سرچ بفرمایید همکاران به تازگی حمایت و مقاومت مشخص کردن"
572,311232,['مقاومت'],سرچ بفرمایید دقیقا تو نقطه ای که گفته بودم برگشته و مقاومت هایی که گفتم رو پیش رو داره
573,311443,"['خرید', 'ضرر']","سلام 
لطفا درباره مقاومتهای وپارس بفرمایید
۵۲۹ خرید کردم و دیدم کوتاه مدتی است. الان هم حدود ۲۰ درصد در ضرر هستم؟ با سپاس"
574,311623,['سیگنال'],فیوچر نوامبر اوره خاورمیانه تا ۲۷۰  دلار افزایش یافته. مس تا ۶۷۷۰ دلار هم افزایش یافته. رشد دلار به همرات بازار های جهانی سیگنال مثبت تقویت بازار داخل است.
575,311683,['حمایت'],👆خیلی جالبه که روی حمایت های خوب سهم را با رنج منفی میفروشند !!
576,311688,['فروش'],"در برنامه های آتی شستا عرضه اولیه هاش و چشم انداز رو نوشته بودند و جالب اینکه  خیلی از شرکت هایی که قراره عرضه اولیه بشوند سهامدار اصلی یا صبا تامین بود که شستا مالک صبا تامین هست یا صبا تامین سهامدار درصدی اون شرکت هاست ... 
مطمئنا این موارد آثار خیلی خوبی در صورت های مالی صبا دارند ، تکنیکال خوبی هم داره ، دلیل فروش رو من هنوز متوجه نمیشم ؟ تنها دلیلی که برای خودم متصورم اینه که با ترس به سرمایه خود آسیب میزنند"
577,311861,['قیمت'],با این قیمت دلار و رشد بازار های موازی واقعا جایگاه سهامی که ارزنده و ارزشمند هستند کجاست؟
578,311868,['قیمت'],"چرا انقد میترسید؟
دلار بازار آزاد رو نمی بینید؟ قیمت ها رو نمی بینید؟ 😐🤦‍♂️"
579,311923,['مقاومت'],وسپهر به مقاومت رسیده عایا؟؟؟
580,311925,['مقاومت'],مقاومت ۱۶۰۰ شاخص
581,312060,"['خرید', 'قیمت']","یک دو دوتای ساه انجام بدید متوجه میشوید که با این قیمت دلار و با این رشد طلا و مسکن یکی از کم ریسک ترین بازار ها همین بازار سرمایه است 
اما به دید بلند مدت و به شرط خرید سهام ارزنده ( نه هر سهمی ) 
این هیجانات هم خیلی زودتر از آنچه فکرش رو کنید تمام میشود"
582,312073,['فروش'],"چند روز پیش یه جلسه ای بود برای دلار یه راهکار به عنوان طنز ارائه کردم اینجا هم عنوانش میکنم 
عرض کردم دلار باید بیاد در بورس ، چون بورسی ها هیجانی ترین افراد هستند و با یک هیجان سه سوت دلار 30 هزار تومنی رو صف فروش میکنند و در  صف فروش 1 هزار تومن میفروشند و از این فروش هم خوشحال و راضی هستند"
583,312084,['فروش'],"انقد تابلو فریب نخورید !! 😅
صف های فروش سهام ارزنده دارن جمع میشن  که نوید بازار بهتری را برای فردا میدهند"
584,312100,['قیمت'],"🔵بازار متشکل ارزی راه اندازی می شود

✅بر اساس اطلاعات دریافتی، پس از آماده سازی زیرساخت ها، انجام تست گرم و فعالیت آزمایشی بازار متشکل ارزی، شرایط برای آغاز فعالیت رسمی این بازار فراهم شده و به زودی شاهد افتتاح آن خواهیم بود.

🔸بازار متشکل ارزی مکانی برای عرضه و تقاضای بی‌واسطه ارز است که بر معاملات آنی و نقدی اسکناس متمرکز است و نرخ‌ها دستوری نیست. 

🔸خریداران و فروشندگان با سازوکاری مانند بورس، پیش از آغاز معاملات، تقاضاهای خود را به صورت آنلاین در سامانه مربوطه ثبت کرده و در نهایت بر اساس نزدیک‌ترین قیمت، معاملات انجام خواهد شد. با شروع روز کاری، از طریق قیمت‌های پیشنهادی فروشندگان و پیشنهادهای مختلف خریداران مبنای قیمت روز تعیین می‌شود."
585,312230,"['حمایت', 'مقاومت', 'سقف', 'فروش']","بازار  امروز چه میشود  ؟!

✍️ بورس تهران معاملات سومین روز کاری هفته را تحت تاثیر عرضه‌های سنگین دقایق پایانی بازار یکشنبه و همچنین نزدیک شدن شاخص به مقاومت یک میلیون و 630 هزار واحدی با فشار فروش آغاز کرد و در این راستا شاهد عقب‌گرد شاخص کل تا ارتفاع یک میلیون و 579 هزار واحدی بودیم. به نظر بحث فروش سهام عدالت به شکل خرد آن هم در شرایطی که بسیاری از حقیقی‌ها و حقوقی‌ها قصد حمایت از بازار را دارند، عامل اصلی وضعیت فعلی باشد.

🔰 دو سناریو درخصوص شاخص کل میتواند مطرح باشد ، سناریوی نخست گذر از مقاومت یک میلیون و 630 هزار واحد و آغاز روند صعودی با در نظر گرفتن یک اصلاح از محدوده یک میلیون و 750 هزار واحد و سناریوی دوم عدم گذر از مقاومت یک میلیون و 630 هزار واحدی و یک برگشت به عقب موقت در راستای جذب انرژی برای شکست سقف کانال اصلاحی. 

🔰 به نظر می‌رسد سناریوی دوم محتمل‌تر باشد اما دوره اصلاح فعلی نمی‌تواند چندان طولانی باشد. فراموش نکنیم که تا زمان انتخابات ریاست جمهوری آمریکا تنها 13 روز کاری باقی مانده و قرار نیست تا این تاریخ بازار روند کاهنده داشته باشد. همانطور که طی 2 هفته اخیر هم بارها اشاره شد، روند کلی بازار تا این رویداد سیاسی نوسانی خواهد بود. نکته مهم اینکه با خاتمه یافتن هفته جاری، بازار به استقبال گزارش‌های 6 ماهه خواهد رفت. انتظار می‌رود با رسیدن این گزارش‌ها، اصلاح در بسیاری از نمادهای ارزنده که اصلاح خوبی را هم تجربه کرده‌اند، تمام شود.

🔰 بنابراین توصیه می‌شود بیش از اینکه به دنبال خروج‌های هیجانی باشید، به دنبال اصلاح پرتفوی در راستای جبران زیان اخیر باشید. برای امروز بازاری نوسانی با رگه‌های منفی مدنظر است. انتظار می‌رود از ابتدای هفته آتی روند معاملات سر و شکل بهتری بگیرد. /منبع بورس بیمه"
586,312234,['خرید'],"دیروز بانک پاسارگاد رو در 4 منفی میفروختن و امروز داره صف خرید میشه 
 واسه همین گفتم خدا صبرمون بده"
587,312253,['کف'],"دلار در اوج و  سهام دلاری در کف !! 
عجب ماجرایی"
588,312487,"['فروش', 'قیمت']","🔵مجلس با عرضه محصولات ایران خودرو و سایپا در بورس کالا موافقت کرد

✅سخنگوی کمیسیون صنایع مجلس از 👈مخالفت با فروش محصولات ایران خودرو و سایپا به نرخ ۵ درصد کمتر از قیمت بازار و 👈موافقت با عرضه محصولات در بورس کالا خبر داد.

🔸به گزارش پایگاه خبری بورس پرس، حجت‌اله فیروزی درباره تصمیمات جلسات مشترک اعضای کمیسیون صنایع و معادن، وزارت صنعت و خودرو سازان به خانه ملت گفت: در این جلسات راهکارهای کاهش قیمت خودرو مطرح و بررسی شد. در وهله نخست خودروسازان و وزارت صنعت خواستار فروش خودرو با قیمت 5 درصد کمتر از قیمت بازار بودند که نمایندگان مجلس به صراحت مخالفت کردند.

🔸وی افزود: راهکار نمایندگان برای ساماندهی بازار خودرو ، فروش خودرو در بورس کالا بود که موافقت و مقرر شد طرح ساماندهی که اکنون در کمیسیون صنایع و معادن در حال بررسی است به عنوان راهکار بلندمدت برای بهبود شرایط صنعت خودرو و کاهش قیمت‌ها در نظر گرفته شود.

🔸این نماینده مجلس ارائه راهکارهای کوتاه مدت برای ساماندهی بازار خودرو را یکی دیگر از موضوعات مورد بررسی در جلسات برشمرد و ادامه داد: مقرر شد سیاست قیمت‌گذاری توسط دو خودروساز طبق ضوابط قیمت‌گذاری کالای تولید داخل (ضوابط هیأت تعیین و تثبیت قیمت‌ها) بصورت ماهانه تعیین و ملاک فروش خودرو قرار گیرد و به عنوان راهکار کوتاه مدت در نظر گرفته شود.

🔸فیروزی عنوان کرد: از آنجایی که موضوع فوق باید در قالب یک ماده واحده تصویب شود در صورتی که بصورت طرح یا لایحه در مجلس بررسی و تصویب شود زمانبر خواهد بود که می توان از دو مسیر شورای عالی سران قوا یا تبصره یک ماده 45 آیین نامه مجلس مصوب شود."
589,312498,"['حمایت', 'فروش']",با حمایت حقوقی ، صف فروش فاراک جمع شد
590,312507,['قیمت'],قیمت دلار در صرافی ملی
591,312603,['قیمت'],"واگذاری باقیمانده سهام دولت در بانک های ملت، تجارت و صادرات در قالب صندوق (ETF) دارا سوم

🔹در جلسه امروز، هیئت دولت با واگذاری باقیمانده سهام دولت در بانک‌های ملت، تجارت و صادرات در قالب صندوق (ETF) دارا سوم موافقت کرد.
🔹حداکثر سرمایه‌گذاری هر شخص حقیقی در این صندوق ۵۰ میلیون ریال تعیین شد.
🔹میزان تخفیف واگذاری سهام دولت در صندوق سرمایه گذاری قابل معامله (ETF) دارا سوم ۲۰ درصد تعیین شد.
🔹مبنای محاسبه قیمت برای اعمال تخفیف، قیمت متوسط سهام در ۳۰ روز قبل از شروع پذیره نویسی خواهد بود و قیمت پس از اعمال تخفیف، نباید از ۷۰ درصد قیمت پایانی روز معاملاتی قبل از شروع پذیره نویسی کمتر باشد."
592,312728,"['خرید', 'قیمت']",باسلام استاد محترم # فولاد میان مدت قیمت خرید ۱۹۹۰ ت
593,313044,['خرید'],سلام ختوقا 448 تومان خرید ودید سرمایه‌گذاری میان مدت
594,313108,"['خرید', 'قیمت']","پیش بینی بازار فردا
بازار در هفته گذشته با تعادل نسبی همراه بود و شاهد بهبود روند معاملات بودیم و گردش نقدینگی در گروه ها نیز محسوس بود. همچنان بازار میل به خریدهای سنگین ندارد و صرفا نوسان گیری چند روزه تا کاهش ابهام های موجود ادامه دارد. 
در بازارهای جهانی نیز کاهش دامنه نوسانات ادامه داشت و به نظر می رسد در هفته های پیش رو نیز وضعیت نوسانی تا مشخص شدن نتیجه انتخابات امریکا ادامه داشته باشد.  
در بازار ارز، دلار همچنان روندی صعودی دارد و صرافی ملی و سامانه نیما نیز در تعقیب بازار آزاد هستند و همچنان افزایش بی حد و مرز و پرسرعت نرخ ارز ادامه دارد و البته تبعات منفی این رشد حتی در صورت کاهش بعدی در بازارهای کالایی نیز ادامه دار می باشد. 
 بازار سهام اما تنها بازاریست که رشد نرخ ارز را باور ندارد و در حالی که تمامی بازارهای وابسته در حال همراهی نرخ ارز و صعود پرشیب قیمت ها هستند، در بازار سهام نقدینگی میل به خرید ندارد و در بسیاری از گروه ها شاهد عقب نشینی قیمت ها علیرغم رشد افسارگسیخته نرخ ارز هستیم.  نقدینگی در گروه های بزرگ در حال گردش است و در پایان هفته نوبت به پالایشی ها رسید و این در حالی بود که به موعد بازگشایی دومین ای تی اف دولتی در پالایشی ها نزدیک میشویم. احتمالا روند صعودی این گروه در ابتدای هفته ادامه داشته باشد و در ادامه شاهد اقبال مقطعی بازار به گروه های دیگر باشیم.
در گروه های کوچکتر نیز وضعیتی مشابه حاکم است و با تغییر روند نماد خودرو و خساپا شاهد افت یکدست گروه در پایان هفته بودیم و به نظر می رسد در این گروه ها نیز گردش نقدینگی محتمل ترین سناریو باشد. 
به صورت کلی بازار سهام برعکس ماههای ابتدایی سال در مقایسه با بازارهای رقیب عملکردی جذاب نداشته و همین موضوع سرعت خروج پول به سمت بازارهای رقیب را افزایش داده است. 
بازارهای مالی در آستانه تحولی قابل توجه هستند و بحران های اخیر که مهم ترین آنها همه گیری بیماری تنفسی بوده است بر رویدادهای سیاسی و پیش بینی پذیری آنها نیز تاثیرگذار خواهد بود. تا حدودی می توان دغدغه سهامداران در مقطع فعلی را درک نمود، اما باید توجه داشت که بررسی وضعیت بنیادی و گزارش های پیش رو می تواند تا حدودی زیادی به غربالگری در بازار کمک نماید. 
فعالان بازار سهام در ماندگاری نرخ های کنونی در بازار ارز تردید دارند و به همین دلیل دست به عصا تر اقدام به خرید می نمایند و بازار سهام که طی چند سال اخیر به محلی برای تامین نقدینگی دولتی تبدیل شده بود حالا با تمایل اندک خریداران به حضور در بازار، صرفا با فروشنده ای قوی دست و پنجه نرم میکند. 
باید توجه داشت که رشد نرخ ارز در مقطع کنونی اثرات زیانباری را برای اقتصاد به همراه دارد که حتی در صورت افت های سنگین نیز قابل جبران نخواهد بود. شایان ذکر است که پیروزی حزب دمکرات در انتخابات پیش رو در امریکا هرچند ممکن است که از لحاظ روانی بازار ارز را تحت تاثیر قرار دهد اما گشایش های سیاسی-اقتصادی ناشی از این تحولات زمانبر خواهد بود و در کاهش قابل توجه ها محدودیت ها در کوتاه مدت تردیدی جدی وجود خواهد داشت. لذا فروشندگان افراطی در بازار سهام باید نگاهی منطقی به سناریوهای پیش رو در فضای بین الملل داشته باشند و روند اخیر بازار در جذابیت قیمت ها را در نظر داشته باشند.
نرخ بهره بانکی نیز از دیگر ریسک های بازار سهام بوده است که با توجه به ساختار شکننده بانک ها و تجربه خلق نقدینگی سنگین که هم اکنون اقتصاد با آن دست به گریبان است، احتمال اجرای ناگهانی آن چندان زیاد نخواهد بود و پیاده سازی پله ایدر میان مدت با احتمال بیشتری همراه می باشد. /منبع کارگزاری آبان"
595,313164,"['خرید', 'سقف', 'فروش', 'قیمت']","🔵چرا ارز بانک مرکزی در بازار خریدار ندارد؟

🔶پیگیری‌ها از بازار متشکل ارزی نشان می‌دهد برخی شرایط مانع از خرید بیشتر توسط صرافی‌های عضو این بازار می‌شود. یکی از این شرایط، محدودیت 3 روزه فروش ارز خریداری شده است. هر صراف بعد از خرید ارز در بازار متشکل ارزی موظف است حداکثر در 3 روز کاری ارز خریداری شده به متقاضی ارز بفروشد. با این شرایط صرافان اقدام به خرید‌های عمده ارز نمی‌کنند و به میزانی ارز می‌خرند که امکان فروش آن در مدت 3 روز وجود داشته باشد.

🔶مساله دیگر در این بازار، عدم امکان فروش ارز به صراف دیگر است. این مساله موجب شده صرافان در صورت کمبود مقطعی منابع نتوانند با یکدیگر معامله کنند و همین مساله بر میزان خرید ارز از بازار متشکل تاثیر گذاشته است.

🔶نکته دیگری که صرافی‌ها را از خرید بیشتر ارز منصرف می‌کند، محدودیت عرضه ارز در بازار است. براساس چارچوبی که بانک مرکزی برای تخصیص ارز توسط صرافی‌ها تعریف کرده است، صرافی‌ها در قالب مصارف 24 گانه ارزی در طول یک سال فقط می‌توانند 2 هزار و 200 دلار به هر نفر بپردازند. یعنی فردی که سقف 2200 دلار را دریافت کرده باشد، دیگر نمی‌تواند در طول سال ارز از صرافی‌های مجاز خریداری کند. با توجه به اینکه خریداران ارز افراد محدود و مشخصی هستند، خود به خود این محدودیت موجب کاهش و محدود شدن فروش ارز نقدی توسط صرافی‌های مجاز شده است. باتوجه به بازه زمانی 3 روزه صرافی‌ها برای فروش ارز خریداری شده از بازار متشکل ارزی و دو محدودیت دیگر ذکر شده، موجب شده است با وجود افزایش سقف خرید روزانه در بازار متشکل ارزی از 300 هزار دلار به 500 هزار دلار، اقبال چندانی به عرضه‌های بانک مرکزی در این بازار نشود.

👈البته نباید از یاد برد که اساسا مشکل ارزی کشور نه در بازار نقد و اسکناس، بلکه در بازار حواله است و در ماه‌های اخیر کمبودهای این بخش است که به افزایش قیمت ارز منجر می‌شود. اگرچه زمانی نیز وجود داشت که بازار نقدی و فردایی داخلی در افزایش قیمت ارز پیشرو و تاثیرگذار بود. نقشی که این روزها تا حدودی به بازار فردایی هرات منتقل شده است./فارس"
596,313167,"['خرید', 'فروش', 'قیمت']","🔵روش کار صندوق‌های اختصاصی بازارگردانی اعلام شد

✅رضا نوحی، سرپرست اداره امور صندوق‌های سرمایه گذاری:

🔶این صندوقها در محدوده موضوع فعالیت مشخص تعریف شده مجاز به فعالیت هستند. یعنی وظیفه بازارگردانی نمادهای تعیین شده را با رعایت مقررات موجود بر عهده دارند. بنابراین باید ابتدا توسط این صندوق ها نمادهای موضوع عملیات بازارگردانی تعیین شود.

🔶بازارگردانان ملزم هستند همواره تا زمان ایفای تعهدات حداقل معامله روزانه، سفارشهای خرید و فروش اوراق بهادار موضوع عملیات بازارگردانی در دامنه مظنه را در سامانه معاملات حفظ کنند. بدین معنی که در صورت اجرا شدن هر طرف از سفارشها، سفارشهای سمت دیگر را تامین کنند.

🔶وجود پارامتر دامنه مظنه، باعث اثر بخشی بیشتر عملیات بازارگردانی میشود. دامنه مظنه محدوده ای است متغیر که حاصل تفاوت بین کمترین قیمت خرید در سفارش‌های خرید و بیشترین قیمت فروش در سفارش‌های فروش صندوق است."
597,313344,['قیمت'],ادامه رشد قیمت های جهانی فلزات
598,313490,['فروش'],بازار با  فشار فروش در اکثر گروه ها و نمادها آغاز به کار کرده است.
599,313498,"['خرید', 'فروش']","نقش سینی گردان ها چیشد پس؟

پ ن : سینی گردان همان بازارگردانی است که بجای اینکه نقد شوندگی و هیجانات سهم را کنترل کند ، خودش در هیجان بیشتر سهیم شده و وقتی سهم صف خرید است در صف خرید و وقتی سهم صف فروش است در صف فروش میرود و سهام را در سینی گذاشته و دور میچرخاند"
600,313500,['خرید'],"صف های خرید بازار 
صرفا جهت بالا بردن روحیه خودمان به این معنا که صف خرید هم داریم خدا رو شکر"
601,313517,['فروش'],صف فروش لپارس کی میریزه لطفا تحلیل کنید
602,313521,['خرید'],سکرد خرید ۱۵۷۵۰ ریال کوتاه مدت ومیان مدت
603,313608,['قیمت'],مهم  فوری مدیر کل دفتر صنایع معدنی وزارت صمت در گفتگو با همفکران ابلاغیه قیمت گذاری دستوری فولاد را تکذیب کرد
604,313655,['فروش'],"دلار وارد کانال 26 شده و همچنان داره میریزه 
من از همه بورسی هایی که باعث شدن دلار بریزه تشکر میکنم
قدرت ما بورسی ها مثال زدنیه ، بریم سراغ وسایل نقلیه  ، پراید و پژو و... رو هم صف فروش کنیم بعد میریم سراغ لوازم خانگی ، من قبلا هم در جلسه مربوط به بررسی ارز گفتم ، دلار رو به بورسی ها بسپارید 4 تا صف فروش میچینن که تا عمر داره یادش بره صعود کنه"
605,313673,['فروش'],"چی میشد طلا و سکه و دلار مثل بازار سهام 70 درصد میریخت بعد بازم صف فروش میموند
سینی گردان ها هم میومدن برا فروش دلار"
606,313723,"['کف', 'فروش']",ارزش صف فروش در این لحظه 4 هزار 300 میلیارد است برای اکثر سهام در کف قیمتی تقاضا نشسته است و به تدریج شاهد کاهش ارزش صفوف فروش خواهیم بود.
607,313735,['حمایت'],"براتون از انتهای این اصلاح بگم که 
ما در ریز موج 5 از C هستیم و  دوتا حمایت مهم برای این اصلاح وجود داره یکی 1416 هستش که امروز بهش رسیدیم و بعدی 1345 

باید دید از 3 آبان بازار بهتر میشود یا خیر 
من منتظر این روز هستم"
608,313769,['حمایت'],حمایت بعدی شاخص کل ۱۳۹۰
609,314621,['حمایت'],"شاخص کل حمایت بسیار محکمی در محدوده 1345000 دارد  و انتظار میرود در این محدوده  قدرت خریدار رشد نماید
پ ن : محدوده اعلامی انتهای موج 5 از c می باشد و انتظار میرود موج اصلاحی این محدوده تمام شود"
610,314792,['حمایت'],"شاخص بر روی حمایت بسیار قوی قرار دارد و اکثر سهم های شاخص ساز نیز بر روی حمایت های خود قرار دارند 
این گروکشی های بازار سرمایه هم تمام خواهد شد و بازار به روال منطقی خود برخواهد گشت"
611,314962,['قیمت'],"من به وزارت اطلاعات و اطلاعات سپاه پیشنهاد میدهم این رنج منفی های بازار سرمایه رو رصد و بررسی کنند  به احتمال بالا یک نفوذ بسیار قوی شبیه همون ماجرای توماس کاپلان در حوزه طلا و .... در این حوزه هم شکل گرفته است 
 از هر کارشناسی در بازار سرمایه بپرسید به شما خواهد گفت این رنج منفی ها با این حجم در این قیمت ها عجیب و بسیار بسیار مشکوک است 
امیدوارم که پیگیری کنند"
612,315109,['سقف'],اصن بورس برمیگرده؟ شاخص سقف قبلیو میشکونه؟
613,315482,['ضرر'],سلام ایا سهامی که بنیاد خوبی داشته باشه ولی بالای ۵۰ درصد ضرر باشیم ایا نگه داریم یا بفروشیم در اولین فرصت با توجه به این که دید گاهها بلند مدت هست؟؟
614,315486,['خرید'],پیشروی خساپا پس از بازگشایی تا مرز 2500 ریال و جابجایی 400 میلیون سهم نشان از بازگشت صف خرید ملیاردی خساپا و لیدر شدن این سهم در بازار را دارد .
615,315496,['خرید'],غفارس خرید ۱۷۰۰ میان مدت لطفا.
616,315629,['ضرر'],"سلام و درود
آیا در این روز ها هر  مثبتی فرصت خروج است ؟ میشه امید وار بود  تا عید ضرر بیشتر سهم ها جبران بشه"
617,316217,['حمایت'],شاخص به حمایت مهمی رسیده و به این راحتی ها این حمایت را از دست نمی دهد ولی در کل پیشنهاد میکنم به شاخص کل کاری نداشته باشید و روند سهمتان را بررسی کنید.
618,316251,['حمایت'],نزدیک حمایت معتبر قرار داشتند و روز چهارشنبه همگی حمایت شدند. باید منتظر واکنش بازار در هفته آتی نسبت به انتخابات آمریکا باشیم.
619,316269,['قیمت'],شنبه احتمالا باز بشه. پس از بازگشایی و کشف قیمت بهتر میشه در موردش تصمیم گرفت.
620,316273,"['حمایت', 'مقاومت']",مدیر حمایت 1000 تومان و مقاومت 1180 تومان را درپیش دارد.
621,316403,['حمایت'],شاخص حمایت شده و برمیگرده ان شاء الله.
622,316447,"['خرید', 'فروش', 'قیمت']","ریزش قیمت شبانه خودرو 

طی گزارشی از گروه ها و سایت های خرید و فروش خودرو تهیه کرده است دلالان و بنگاه داران اقدام به کاهش قیمت شبانه خودرو کرده اند /مجله خودرو"
623,316474,['فروش'],"اون قدرتی که میتونه بازار سرمایه رو اینطوری صف فروش کنه 
هدفش اینه که پول های پارک شده که از سمت دلار و خودرو و طلا خارج میشه به سمت  بازار سرمایه نیاد
چه دست قدرتمندی پشت این ماجراست نا مشخصه"
624,316527,['حمایت'],سلام حمایت سرو
625,317577,['مقاومت'],مقاومت خودرو و خپارس
626,317947,"['سیگنال', 'خرید', 'فروش']",با توجه به حمایتها و مقاومتهای نماد تصمیم گیری کنید. به هیچ وجه در این گروه و کانال هزار تحلیل سیگنال خرید یا فروش صادر نمی شود.
627,318282,['خرید'],کروی تا الان چند درصد ریزش داشته برا خرید مناسبه
628,318382,['تارگت'],سلام وی ای پس تارگت خودرو رو 1200تومن داده تا عید به نظرتون میرسه؟
629,318617,"['سیگنال', 'خرید', 'فروش', 'قیمت']","تکنیکالیست ها معتقدند که ، تکنیکال همواره جلوتر از اخباره ، اگر به نمودار نمادهای فولادی ، مثل فخوز ، کاوه ، فولاد و... نگاهی بیاندازید میبینید که همگی به شما میگویند روند جدیدی در حال شکل گرفتن است و آن روند مطمئنا نزولی نیست ، پس انتظار خبر بدی برای این گروه ندارم... بلکه برعکس انتظار دارم هفته آتی قیمت برای این سهم ها مناسب تر باشد و حتی رشد قیمتی داشته باشند  
قیمت فولاد هم اکنون 1245 و کاوه 1750 و فخوز 3405 تومان می باشد و همگی هم منفی دادو ستد میشوند باید هفته آتی مجدد قیمت ها را بررسی کرد تا صحت این نظریه مورد بازبینی قرار گیرد

پ ن : این مطلب صرفا یک نظر در خصوص روند می باشد و به هیچ وجه به معنای سیگنال خرید یا فروش نیست  و چون بر مبنای تحلیل تکنیکال و احتمالات است  میتواند غلط باشد"
630,318850,['حمایت'],تحلیل قبل معتبر است و نماد از روی حمایت 590 تومان برگشته است.
631,318875,['حمایت'],متاسفانه داده کافی برای تحلیل تکنیکال وجود ندارد ولی به نظر می رسد حمایت مهم نماد 1110 تومان باشد.
632,318944,['ضرر'],حد ضرر بذارید برای هر سهم. امیدوارم به زودی ضررهاتون جبران بشوند.
633,319102,"['حمایت', 'قیمت']",طلا حمایت 1800 رو شکست و اکنون اُنس در قیمت 1793 دلار معامله میشود
634,319105,['فروش'],"میشه گفت انس صف فروش شده 😅😅 
ده دلار دیگه هم ریخت به 1783 دلار رسید"
635,319195,"['سقف', 'قیمت']",از نظر تکنیکالی هم اگر بالاترین سقف قیمتی را موج A  در نظر بگیریم به نظر بنده موج B صبا در قیمت 712 تومان تمام شده است و سهم به سمت اهداف موج C حرکت میکند البته به شرط آنکه قیمت به زیر 712 تومان برنگردد
636,319322,"['مقاومت', 'سیگنال', 'خرید']",وقتی امروز شاخص 1400 شکست و سهم های بزرگ مثل فارس و شستا صف خرید شدند ، یک سیگنال به حرفه ای ها داد که شاخص مقاومت ها خواهد شکست ( ان شاءالله)
637,319331,"['فروش', 'قیمت']","اگر بخوام در خصوص بنیاد فولاد مبارکه و پتانسیل سود سازی و رشد قیمت های جهانی و طرح های توسعه این شرکت و ... صحبت کنم باید ساعت ها مطلب بنویسم (فراموش نکنید فولاد محصول استراتژیک است )
و باید دید این سهم در چه قیمتی ارزنده است اما  اینکه امروز با این هیجان در قیمت 1330 تومان و  منفی میفروشند رو اصلا متوجه نمیشم !! (علت فروش هیجانی رو متوجه نمیشم )"
638,319454,['قیمت'],"بزرگترین ریزش قیمت ماهانه طلا در چهار سال اخیر رقم خورد
🔹قیمت طلا در معاملات روز دوشنبه بازار جهانی کاهش یافت و تحت تاثیر خوش بینی بازار به ساخت واکسنهای موفق و بهبود اقتصادی سریعتر ، در مسیر ثبت بزرگترین کاهش قیمت ماهانه در چهار سال اخیر قرار دارد.
بهای هر اونس طلا برای تحویل فوری 1.2 درصد سقوط کرد و به 1766 دلار و 26 سنت رسید. بهای معاملات این بازار از ابتدای نوامبر تاکنون 5.9 درصد کاهش داشته که بزرگترین کاهش ماهانه از نوامبر سال 2016 تاکنون است./ اقتصاد آنلاین"
639,319498,['قیمت'],سلام دوستان،امروز سهم بپیوند رو تو قیمت ۲۸۲۰ خریدم،به نطرتون میره بالا؟
640,319589,"['خرید', 'ضرر']","یک رفتار شناسی مالی در بازار سرمایه خدمتتون عرض کنم
وقتی فردی وارد ضرر میشود و میبینید که سایر  سهم ها در حال رشد هستند و سهم آن فرد در حال درجا زدن چون طاقت ضرر را ندارد  و دوست دارد سریع ضررش جبران شود ، سعی میکند سهمش را بفروشد و سهمی بخرد که ضررش را با سرعت بالایی جبران کند

مطالعات نشان داده که اغلب افراد در خرید سهم جدید بدون برنامه و بسیار احساسی عمل میکنند و اغلب در سهم جدید هم زیان میکنند
پس در خرید سهامتان منطقی عمل کنید"
641,319914,['کف'],سلام استاد. وتوس روتو کف قیمتی خریدم متاسفانه منفی 5 درصد زیان زده. معاملات‌ رو هم باطل نکردن چهارشنبه خریدم فکر کنم اشتباه کردم. شنبه اگه نوسان داد بفروشمش یا امیدی یه برگشتش هست؟
642,319944,['حمایت'],در صورتی که حمایت یا مقاومتهای گفته شده در تحلیل بی اثر شدن تحلیل آپدیت خواهد شد.
643,320164,"['خرید', 'فروش']","تنها نکته ای که باید بهش توجه کرد این موضوع است که : ورودی پول به بازار بسیار قویه و از طرفی حجم های قابل ملاحظه ای در خیلی از سهم ها دیده میشود 
اگر منصف باشیم خواهیم دید  که قدرت خریدار بسیار بالاست و صف فروش قوی در هیچ یک از نماد های ارزنده بازار دیده نمیشود و بالعکس در بسیاری از سهم های ارزنده حقیقی و حقوقی خرید میکنند و حتی رنج های 4-5 درصدی میزنند"
644,320176,['قیمت'],چند وقت پیش در خصوص صبا یک مطلبی نوشتم که چرا بازار داره در قیمت 800 تومن این سهم رو میفروشه و این سهم با رشد قیمتی به 990 تومان رسیده است و همچنان رو به رشد است در پست بعد در خصوص شستا مینویسم
645,320177,['قیمت'],"نماد شستا دارایی های بسیار زیادی دارد که در تصویر فوق مشاهده میکنید  و همونطور که چندی پیش خود شرکت گفته بود بسیاری از شرکت های زیر مجموعه اش را امسال و سال آینده در بورس عرضه خواهد کرد  امروز در قیمت 2900 تومان p به e حدود 10 دارد  و p به  e گروهش نزدیک به 14 است و nav این سهم در حدود 67 درصد می باشد 
نکته قابل توجه آن است که این روزها در قیمت های زیر 3000 تومان حجم های خوبی میخورد
توجه شما رو به زیر مجموعه های دارویی و سرمایه گذاری این شرکت  جلب میکنم که این روزها این گروه ها مورد توجه بازار میباشند"
646,320178,['قیمت'],برای نمونه یکی از زیر مجموعه های شستا تاپیکو  میباشد که عمده پرتفوی بورسی شستا از این سهم است خود این سهم (تاپیکو ) نیز عمدتا سهم فارس را داراست. با توجه به پیش بینی مثبت از قیمت نفت و به تبع افزایش سودآوری شرکت های پتروشیمی، انتظار بر این است که تاپیکو تا انتهای سال جاری بازدهی مناسب و معقولی داشته باشد
647,320831,['قیمت'],ثبات قیمت دلار نیمایی
648,320832,['قیمت'],"مس جهانی ۷۷۴۸

رشد دوباره  قیمت مس به بالای  ۷۷۰۰ دلار"
649,320910,['هدف'],"جو بایدن قصد دارد در برنامه‌های تحریمی وزارت خزانه داری آمریکا بازبینی گسترده ای انجام دهد. بلومبرگ 

گفتنی است ایران در دوران ترامپ به میزان زیادی هدف این تحریم‌ها قرار گرفته است."
650,321039,['قیمت'],جهش قیمت نفت برنت به کانال 51 دلار
651,321071,"['خرید', 'فروش']",با سلام آیا از نظر تکنیکالی ومهان وقت فروش است؟ آیا بجهرم وقت خرید است؟
652,321081,"['حمایت', 'مقاومت']",حمایت و مقاومت وثوق🙏🙏🙏
653,321417,['قیمت'],"یکی از عجیب ترین حرکت های هیجانی اهالی بازار سرمایه اینه که خیلی راحت و بدون دلیل و فقط و فقط بخاطر ترس از ریزش سهم های بنیادی رو میفروشند 
مثلا به این تصویر نگاه کنید ، دیروز گزارش یکی از زیر مجموعه های صبا به اسم هامون شمال  ارائه شد  که سود شش ماهه اش 202 میلیارد تومان بود در حالی که سود یکساله 98 همین شرکت 74 میلیارد تومان بود ، اما ترس باعث شد امروز 2.2 منفی بفروشند 
سهامدار آموزش ندیده بدون توجه به گزارش های شرکت ها ، بدون توجه به قیمت های جهانی بدون توجه به اثرات بنیادی و تکنیکالی فقط بخاطر هیجانات اشتباه های زیادی میکند"
654,321595,"['خرید', 'قیمت']","سلام وقت بخیر
ثفارس
قیمت خرید 1160 تومان
دید میان مدت تا خرداد سال بعد
تشکر"
655,321609,['خرید'],ولپارس - کوتاه مدت - خرید 790
656,321613,"['حمایت', 'مقاومت']","ونیرو
لطفا
خواهشن نقطه حمایت و مقاومت"
657,321802,['حمایت'],تحلیل قبل معتبر است و نماد حمایت خط روند را از دست داده است. 👇👇👇
658,321822,"['حمایت', 'خرید', 'فروش']",تحلیل شاخص کل مشکلی از شما حل نمی کند شما شاخص را خرید و فروش نمیکنید که بهتر است نماد خود را از نظر بنیادی و تکنیکال تحلیل بفرمایید و حمایت و مقاومتهای آن را پیدا کنید. همونطور که می بینید خیلی از نمادها صف فروششان سه شنبه و چهار شنبه جمع شد ولی پالایشی ها ممکنه شنبه یا یکشنبه این اتفاق برایشان بیفتد چون آن روز به حمایت مهم خودشان می رسند.
659,322469,['فروش'],"فولاد
رکورد شکنی فروش فولاد در آذر
فولاد مبارکه اصفهان در آذرماه با رشد 4 درصدی نسبت به ماه گذشته 78,370 میلیارد ریال فروش گزارش کرده که این مبلغ بیشترین مبلغ فروش ماهانه شرکت بوده و 50 درصد از متوسط فروش 8 ماه گذشته بیشتر است. نرخ فروش ورق گرم 12 درصد، ورق پوشش دار 7 درصد و ورق سرد 9 درصد از ماه گذشته بیشتر بوده است. 
در مجموع نه ماهه منتهی به آذر 99 فولاد 494,552 میلیارد ریال فروش محقق کرده که 67 درصد از مدت مشابه سال گذشته بیشتر است."
660,322655,['حمایت'],معتبر است و آپدیت تحلیل ریپلای شده به صورت زیر است که کندلها در نزدیکی حمایت خط روند پایینی می باشند. 👇👇
661,323364,['قیمت'],"✅ نماد صبا يكي از پايين ترين P/NAV هاي بازار سرمايه را دارد. 

⭕️همانطور كه در تصوير مشاهده ميكنيد، تخمین ارزش دارایی های بورسي و غیر بورسی اين نماد براساس قیمت هر ریال حقوق مالکانه نشان میدهد که قیمت این سهم در بازار 69% (P/NAV) ارزش روز خالص دارایی های شرکت است. /منبع نوآوران امین

پ ن : بانک ملت و بانک تجارت در پرتفو بورسی صبا مشهود است ۱۳ درصد از پرتفو بورسی صبا بانک تجارت و ۹ درصد از پرتفوی بورسی اش به بانک ملت اختصاص دارد"
662,323558,"['حمایت', 'کف', 'هدف']","اونچه مشخصه بازار در سهام بزرگ به حمایت های معتبر رسیده 
این مطلب رو یادتون باشه در سهام بزرگ ما به حمایت های بسیار معتبری رسیده ایم و بازار هیچ ریسک داخلی ندارد ، یعنی در اکثر سهام بزرگ هیچ گونه حبابی وجود ندارد و با توجه به رکود در بازار های موازی ، بازار سرمایه اگر مدیریت شود میتواند تنها بازار هدف پول های هوشمند باشد 
البته  تنها ریسکی که متوجه بازار است ریسک های سیاسی است که این ریسک ها همیشه و در تمام سال ها بر بازار بوده است و خواهد بود 
امروز رو در خاطرتون داشته باشید ، اگر ریسک سیاسی به بازار تحمیل نشود ، امروز کف سهم های بزرگی خواهد بود  که هیجان فروشنده هایشان تخلیه شده و از طرفی محرک های بنیادی  بسیار خوبی برای رشد دارند 
ان شاء الله"
663,323954,"['حمایت', 'کف']",معتبر است و حمایت کف کانال را دارد.
664,324355,['قیمت'],منکه خنده ام میگیره از این قیمت برای این سهم  ، بعد ها این عکس رو میارم بالا و میگم چرا توی این قیمت فروختن؟ دلیلشون چی بود؟
665,324416,['ضرر'],مقصر ضرر سهامداران در بورس هیچکس جز خود سهامداران نیست که بدون مطالعه و بررسی می خرند و می فروشند
666,324905,"['خرید', 'قیمت']",چکاپا قیمت خرید ۷۹۱
667,325102,['ضرر'],"دیر یا زود این بازار برخواهد گشت و مطمئنا این کثافت کاری ها و این فساد به زودی تمام میشود ، من ازتون خواهش میکنم اگر سهمی دارید که ارزنده هستش ، کمی صبر کنید تا حداقل گزارش های فصلی و ماهانه بیادش اون موقع بهتر میتونید تصمیم بگیرید ، میدونم از اینکه در ضررید ناراحتید میدونم خسته شدید میدونم فشار زندگی و گرونی روی تک تک شما مردم عزیز وجود داره ولی حرف بنده رو به عنوان کسی که سالهاست در این بازاره و هم پایین و هم بالای این بازار رو دیده گوش کنید 
اگر سهمی دارید که از نظر بنیادی ارزنده است از امروز یک حد ضرر معقول بگذارید و حداقل 10 روز کاری صبر کنید تا 3 بهمن 
این بازار تنها ریسکی که دارد ریسک خارج از بازار و ریسک سیاسی است که ان شاء الله این ریسک هم به زودی از بین میرود و کم رنگ میشود 

مژده ای دل كه مسیحا نفسی می‌آید
كه ز انفاس خوشش بوی كسی می‌آید
از غم هجر مكن ناله و فریاد كه دوش  
زده ام فالی و فریادرسی می‌آید

🌹"
668,325565,"['هدف', 'قیمت']","رنج های منفی هماهنگ در بازار آن هم در این قیمت ها فقط و فقط هدف نا امید کردن مردم از آینده و بزخری کردن است 
وگرنه

فولاد 1125 تومانی 
فملی 1223 تومانی 
بانک ملت 435 تومانی 
  شستای 1885 تومانی 
صبا 700 تومانی 

از نظر بنده فقط فرصت است 

20دی ماه 1399"
669,325905,['کف'],"صبا نیز در محدوده حمایتی قرار دارد که در تحلیل ریپلی شده مشاهده میکنید که این محدوده میتواند کف دوقلوی این سهم باشد 
با توجه به کورولیشن بین صبا و شستا ، صبا نیز مورد توجه قرار خواهد گرفت"
670,326599,"['حمایت', 'مقاومت']","مقاومت 608 تومان و 555 تومان 
حمایت 494 تومان و 400 تومان"
671,326851,['قیمت'],"کرمان
 قیمت خرید۱۲۰۰۰ تومان
 کوتاه مدت"
672,329083,"['حمایت', 'مقاومت']",در تحلیل های بنده خطوط آبی حمایت ها و خطوط قرمز مقاومت ها میباشند
673,329331,"['حمایت', 'مقاومت', 'خرید', 'فروش']","بارها گفته شده که شاخص کل قابل خرید و فروش نیست بهتر است به جای اینکه دنبال تحلیل شاخص باشید دنبال پیدا کردن روند و حمایت و مقاومت نمادتان باشید. با این حال به نظرم تاریخهای 18 و 29 بهمن یک روز عقب جلو برای شاخص مهم هستند و احتمال میدم در این دوهفته شاخص مثبت باشه و با احتمال ضعیفتر میتونه در این بازه منفی باشه.نظر شخصی خودم این هست که شاخص تو این بازه و تا قبل از عید میتونه در بازه 1400-1600 قرار بگیره.
مهمترین مقاومت شاخص در حال حاضر 1350 هست. حمایتهای مهم را هم قبلا عرض کردم میتونید سرچ بفرمایید."
674,330288,['خرید'],سلام ملت. خرید ۱۶۱۰۰. کوتاه مدت
675,330289,"['مقاومت', 'کف']","سلام
وقت بخیر
با توجه به مقاومت های مهم پیش روی شاخص.
آیا باز برگشتی به کف 1050 تا 1100 خواهیم داشت؟"
676,330302,"['حمایت', 'مقاومت', 'فروش', 'قیمت']",هر چیزی ممکن است ولی توجه داشته باشید برای رسیدن به عددهای گفته شده با توجه به دامنه نوسان منفی 2 شاید زمانبر باشد. بهتر ست روی حمایت و مقاومت سهمهایی که دارید تمرکز کنید و توجه داشته باشید که از شنبه اگر نمادی را 4% پایینتر از قیمت پایانی میفروشید یعنی نماد باید دو روز صف فروش بماند و حجم مبنا را پرکند تا به آن قیمت برسد و اگر روز سوم صفش جمع شد شما میتونستید در قیمت بالاتری از سهم خارج شوید.
677,330704,['خرید'],"اتکام
خرید ۵۹۸ت
کوتاه مدت"
678,331026,['ضرر'],"سلام
سهم کالا برای بلند مدت 
35درصد تو ضرر هستم."
679,332192,['خرید'],از سیمانی ها کدوم برای خرید خوبن
680,332217,['حمایت'],معتبر است و حمایت 735 تومان را دارد.
681,333090,['قیمت'],با این قیمت موقع ورود برکت هست؟
682,333094,"['مقاومت', 'سقف']","اینم بروزرسانی همان تحلیل.
میبینید که در نزدیکی مقاومت استاتیک سقف قبلی است."
683,333829,"['خرید', 'قیمت']","دارایکم قیمت خرید ۱۴/۸۶۰
کوتامدتی"
684,334170,"['فروش', 'قیمت']",چطوری میتونه در قیمت صف فروش پس فردا بفروشه؟
685,334171,['فروش'],این نوع فروش ها به نظر بنده بخاطر تسویه اعتباری هاست
686,334172,"['خرید', 'فروش']",واقعا معیار خرید و فروش خیلی ها رو در این بازار تشخیص نمیدم
687,334173,['ضرر'],حاضرند 70-80 درصد ضرر کنند اما تا 10-15 درصد میرن در سود نگران میشن
688,334174,['ضرر'],استراتژی بدی که خیلی ها دارند اینه که : در ضرر صبور و در سود عجول
689,334175,['ضرر'],حد ضرر همیشه معیار خوبی برای سود کردنه و جلوگیری از ضرر بیشتره
690,334178,['ضرر'],"فرض کنید شما سهمی رو 100 تومن خریدید که این صد تومن یک PRZ قوی است و در همون محدوده برگشت اندیکاتور ها و کندل ها و.... رو داریم 
و شما نسبت به سود انتظاریتون و دید سرمایه گذاریتون یک حد ضرر میگذارید"
691,334179,['ضرر'],خب وقتی حد ضرر زده شد باید بفروشید اینکه نمیفروشید علتش چیه؟
692,334180,['ضرر'],وقتی هم سهمتون از 100تومن رشد کرد و شد مثلا 130 تومن حد ضرر رو بیارید بالاتر مثلا 115 تومن
693,334190,['ضرر'],بعدم میرن ضرر و مقصر رو دولت و ... میدونن
694,334200,['قیمت'],وقتی سهمی رو در قیمت مناسب با تحلیل درست بخرید هرگز به بازار و ... اعتراض نمی کنید
695,334211,['خرید'],بجای اینکه اصولی خرید کنید
696,334214,"['سیگنال', 'خرید']","همش دنبال این هستید که کدوم کانال سیگنال میده و ....
منطقی ترید نمی کنید ، منطقی خرید نمی کنید ،  یه سود تپل ببرید"
697,334217,['ضرر'],و همین تاثیر مستقیم باعث شد که مردم به طمع سود با دعوت همین مسئولین بیان و الان کلی ضرر کنند
698,334220,"['خرید', 'فروش', 'قیمت']","باور کنید اگر از تک تک اعضای گروه بپرسم که مثلا فلان سهم رو چرا در این قیمت خریدید؟ دید سرمایه گذاری تون چی بوده ؟ علت بنیادی یا تکنیکالی تون چی بوده و.... و بعد حد ضررتون کجا بوده 
پاسخی ندارند شاید کمتر از 2 درصد منطقی خرید کنند و اغلب حقیقی ها با روشی غلط خرید و فروش میکنند"
699,334222,"['حمایت', 'مقاومت', 'ضرر']","وقتی کسی سهمی رو میخره باید بدونه که این سهم رو با این دلایل بنیادی + تکنیکالی+... خریده ام 
با این حد ضرر 
با این حد سود 
با این مقاومت ها 
با این حمایت ها و...."
700,334231,['ضرر'],بازار سرمایه همراه با ریسک است و این ریسک نتیجه اش میتواند سود یا ضرر باشد و شما با یادگیری اصول تنها این ریسک رو کمتر میکنید اما همواره ریسک وجود داره و به همین علت حد ضرر باید وجود داشته باشه
701,334233,['ضرر'],امیدوارم منطق رو دور نندازیم و منطقی ترید کنید و از امروز برای هر خریدمون توجیه علمی داشته باشیم و حد ضرر و حد سود بگذاریم
702,334240,"['حمایت', 'مقاومت', 'خرید', 'ضرر', 'قیمت']","بازم تکرار میکنم در زمان خرید یک سهم موارد زیر رو باید پاسخ دهید 
1- آیا این سهم در این قیمت توجیه بنیادی دارد؟
2- آیا روند سود سازی سهم منطقی است قابل تکرار است ؟ 
3- آیا قیمت به سود شرکت میخواند ؟ 
4- آیا این سهم در گروه خود و در صنعت خود پیشرو میباشد یا آیا روند حرکتی قیمت سهم نسبت به گروه توجیه پذیر است
5- آیا در حمایت معتبر خرید انجام میشود و یا آیا بعد شکست یک مقاومت بسیار مهم ؟
6- حد ضرر کجاست؟ حد سود چطور
7- ورود پول به سهم وجود دارد یا خروج پول؟
8- آیا بنیاد سهم  روند تکنیکالی سهم را توجیه میکند یا این یک حباب است؟
9- دید سرمایه گذاری برای خرید این سهم چقدر است؟
10- استراتژی خرید در برخورد به مقاومت ها ویا زمان بر شدن روند حرکتی چیست؟
11- دارایی های فیزیکی و ...  شرکت به قیمت کنونی و تعداد سهام اصلا میخونه ؟یا خیر 
  12-و...."
703,334250,['فروش'],تو بازاری که صف فروش دستوری ساختن و نمیتونی سهم رو عوض کنی یا اصلا نقد کنی هیچ تحلیلی به درد نمیخوره...... تو صف فروش خودت چیکار کردی جز انتظار؟؟؟؟؟ اینجا فارکس نیست که دو طرفه باشه و تحلیل هم جواب بده
704,334252,['فروش'],کدوم سهم رو منطقی خریدید و در صف فروش موندید؟
705,334255,['فروش'],اگر غیر این خریده باشید مطمئنا روزها در صف فروشش میمانید اگر غیر این باشد ، حتی اگر بازار هم بر روی سهم تاثییر بگذارید مطمئنا وقتی حد ضررتون رو بزنه به شما فرصت فروش خواهد داد ( اگر ارزنده باشد )
706,334256,['خرید'],سلام شستا امروز برای افزایش سرمایه بسته میشه.به نظر اساتید مناسب برای خرید هست؟؟
707,335245,['تارگت'],"در ویو روزانه نیز تا زمانی که خط زرد رنگ به سمت پایین شکسته نشود تارگت های صعودی و بلند مدتی انس پا برجا خواهند بود 
البته یک نکته جالب نیز وجود دارد و آن اینکه ایندکس دلار نیز به محدوده حمایتی وارد شده است و میتوان منتظر تحرکات آن نیز بود ..."
708,335629,['قیمت'],سلام شگویا به دید میان مدت  قیمت خریدم ۱۱۷۰ بوده است
709,335721,"['خرید', 'فروش', 'قیمت']","یه بدی که خیلی از تازه واردان (کسانی که از سال 98 به بعد وارد بازار سرمایه شدند ) دارند اینه که خیلی هاشون 
1- دنبال سود های عجیب غریب ورویایی هستند (یه شبه پولدار شن ) و
2-  بسیار عجول معامله میکنند 
3- و سراغ یه سهم هایی میرن که نه بنیاد درستی داره نه ارزش !!
4- و اغلب در حال خرید و فروش هستند 
5- و وقتی ازشون میپرسی این سهم رو چرا خریدی یا حد ضررت کجاست و یا دلیل بنیادی خریدش چیه و یا اینکه این سهم اصلا در این قیمت توجیه نداره چرا بررسی نکردی ، هیچ جوابی ندارند !!!"
710,336399,"['ضرر', 'فروش']","یه توضیح ساده بدم خدمتتون شاید این حرف رو خیلی ها کاملا درک کنند 
باهامون کاری کردند که بعد 70-80 درصد ریزش و زیان و ضرر حاضریم فقط سهمو ازمون بخرن و از این قفل بودن صف فروش خسته شدیم ، یعنی انقد قشنگ روی مغزمون کار کردن و روانشناسی مون کردن که با جون و دل حاضریم سهمی که 70-80 درصد ریزش کرده و حسابی هم ارزش داره رو مفت بدیم بره بعد کلی هم خدا رو شکر کنیم که خدایا ممنونم بالاخره فروختمشششششششششش
چیکار کردید با ماهاااااا
این بار روانشناسی قفل بودن سهم ها در صف فروش خیلی سنگینه و عواقب جالبی هم نداره

دوستان عزیزم سعی کنید هیجانی نشوید گزارش های تولید و فروش و دید اقتصادی همه مثبته ، اگر سهمتون ارزنده است سعی کنید حد ضرر بگذارید و نگرانی رو از خودتون دور کنید"
711,336990,['خرید'],"سلام
ولساپا
خرید ۸۰۰
کی میشه میانگین کم کرد"
712,337300,['فروش'],داروییها دو ماهه صف فروش هستن🙁
713,337613,['مقاومت'],به نظر میرسه که انس آخرین ریز موج خودش رو تکمیل کرده باشه و داره برای شکست مقاومت مهم 1755 آماده میشه
714,338202,['خرید'],سلام دوستان ، پیشنهاد میکنم غگلپا رو برای خرید بررسی کنید
715,338234,['قیمت'],به نظر بنده اکثرشون نسبت به قیمتشون ، نمی ارزند و به نظر بنده در این قیمت بنیاد با قیمت همخوانی نداره
716,338236,['فروش'],"ارزنده نیستند بجز کیسون مابقی هیچ معامله ای ندارند فقط توی بازار صعودی خوب هستن این سری سهم ها 
تا مدت های دیگه این سهما اکثرا صف فروش میمونند"
717,338253,"['هدف', 'قیمت']","بستگی داره رفیق
به این بستگی داره که تو چه قیمتی و با هدف نگه داری تا چه مدتی قراره باهاشون همراه باشی
اینکه بدون اطلاع از قیمت ورودت و سایر پارامتر ها بخوایم بگیم ارزندس یا نه. اشتباهه
در ضمن سبدت خیلی شلوغه عزیز کاش سبدی متشکل از 2 یا 3 سهم با بنیادی قوی تر تشکیل میدادی"
718,338459,"['کف', 'قیمت']",انس پس از تشکیل یک الگوی سروشانه کف ادامه دهنده  در تایم فریم یک ساعته در حال شکست خط گردن می باشد و گویا سودای رسیدن به 1800 را دارد قیمت کنونی 1788 می باشد
719,338461,['مقاومت'],انس دقیقا طبق تحلیل پیش میره  چند تا مقاومت داره یکی مرز روانی 1800 اما مهمترینش محدوده 1818 هست فعلا 1796 دادوستد میشه
720,338464,['فروش'],"یه صحبتی دارم با دوستانی که  با 70-80 درصد ریزش هنوز در بازار مانده اند 
اگر سهمی که دارید ارزنده است یعنی قیمتش به سودش و تولیدش و پروژه هاش میخونه مطمئن باشید این سهم بهتون دین اش رو ادا میکنه ، اما مدتی زمان خواهد برد 
خیلی از سهم ها در بازارمون ارزنده شده اند و خیلی از پول های پارک شده منتظرن که به این بازار هجوم بیارن ، ریسک های سیاسی یکی پس از دیگری داره از بین میره ، ریسک جنگ ، ریسک تحریم ، ریسک توقف صادرات و... بازار به ثبات رسیده شرکت ها دارن خیلی خیلی بهتر عمل میکنند و هر روز هم ارزنده تر میشوند 
پس 
سعی کنید به حرف افرادی که میخوان نا امیدی رو بهتون القا کنند توجه نکنید 
همه این حرف ها رو زدم تا بگم مطمئن باشید کوچه ما هم عروسی میاد اما این دلیل نمیشه که فراموش کنیم چه بلایی سرمون آوردن ما حق خودمونو مطالبه میکنیم اما در فروش سهام ارزنده خودمون عجله نمی کنیم"
721,338611,"['خرید', 'قیمت']","اپرداز 
قیمت خرید ۲۹۵۰۰ ریال
دید کوتاه مدت"
722,338717,['قیمت'],"مس با رسیدن به قیمت ۹۵۴۹ دلار به رکورد ۱۰ ساله خود نیز رسید.
از عوامل افزایش قیمت مس می توان به انتظار رشد تقاضای مس ناشی از سیاستهای بایدن، رشد واردات چین، انتظار تقاضای جهانی و تضعیف دلار نام برد."
723,338967,"['خرید', 'قیمت']",بنده اخیرا وصنعت خریدم به علت پی ای پایین نزدیک به ۳ در قیمت ۷۰۰ تومان خریدم و الان زیر ۵۷۹ است. چرا با این پی ای پایین سهم افت می کند اما برخی سهام مانند غگیلا با پی ای نزدیک ۵۰ صف خرید هستند آیا مشکلی در پی ای وجود دارد؟
724,339086,['قیمت'],"قیمت جهانی مس به بالای 9900 دلار رسید!

صعود قیمت روی هم شدت گرفت."
725,339346,['قیمت'],✅ قیمت جهانی مس از ۱۰ هزار دلار بر تن فراتر رفت
726,339450,['قیمت'],"سلام
به نظر شما با این کاهش قیمت دلار بازار میتونه از وضعیت فعلی نجات پیدا کنه یا همچنان در رکود میمونه"
727,339453,['ضرر'],سلام استاد چرا دامنه را باز نمی کنند تا ما با ۸۰ درصد ضرر بفروشیم و فرار بکنیم
728,340037,"['خرید', 'فروش']","اسیلاتورها و اندیکاتورها برای پیش بینی روند نماد به کار برده می شوند و به تنهایی معیار مناسبی برای خرید یا فروش سهم نیستند ولی می توانند نشان دهنده وضعیت کلی نماد باشند. بسیاری از این اندیکاتورها در بازه خاصی نوسان می کنند مثلا 0 تا 100 و یا منفی 100 تا مثبت 100 و ... برخی هم حول خط صفر بالا و پایین می روند مانند مکدی، وقتی زیر خط صفر میله بلندتر زده می شود یعنی نماد تمایل به اصلاح بیشتر دارد (البته باید نوع کندلی که زده شده حجم معاملات و خیلی چیزهی دیگر هم بررسی شوند) و وقتی میله کوتاهتر میزنه یعنی تمایل به رشد دارد (با درنظر گرفتن معیارهای دیگر). در مورد اسیلاتورهای دیگر وقتی منحنی اسیلاتور رو به پایین هست یعنی ادامه اصلاح و وقتی برگشت می کند رو به بالا می تواند نشانه تمایل به رشد سهم باشد.

به هر حال بهتر است برای درک بهتر رفتار اسیلاتورا یا در کلاسهای آموزشی ثبت نام کنید و یا کمی در اینترنت سرچ بفرمایید. در این متن نمیتونم بیشتر و بهتر از موارد بالا شما را راهنمایی کنم."
729,340741,"['حمایت', 'فروش']","تا جایی که بنده شرکت های لبنیاتی زیر مجموعه صنایع شیر یا همون پگاه رو بررسی کردم دیدم که صنایع شیر ( سهامدار عمده ) در دی ماه و بهمن ماه 99 در اغلب سهم هاش فروشنده بوده و هنوز هیچ حمایتی نکرده است  توجه کنید که  اغلب شرکت های زیرمجموعه اش  صف فروش های سبکی دارند 
مثلا حدود 3 میلیون سهم در  غگلپا از 8 دی تا 14 بهمن فروخته است صف فروش کنونی200 هزار سهم 
یا
  حدود 2 میلیون سهم در غپآذر از 8 دی تا 5 بهمن فروخته است صف فروش کنونی 926 هزار سهم
و ... 
امیدوارم که مطالبه گری رو یاد بگیریم 

میگن سهامدار باید مطالبه گر باشد ، باید سهامداران و حتی سازمان بورس از سهامداران عمده درخواست کنند که در این بازار از سهم هاشون حمایت کنند


پ ن : از کانال ها و سهامداران و فعالان بازار سرمایه در خواست میکنم که این گونه مطالب رو با اسم خودتون پخش کنید تا شاید سهامداران عمده حرکتی زدند(نیازی به ذکر منبع هم نیست)"
730,341188,"['مقاومت', 'قیمت']","خب انس همانطور که تحلیل کردم حدود 200 دلار رشد کرد و اکنون به بازه بسیار حساس و مقاومت سخت 1871-1874 رسیده است که پیشنهاد میدهم بایر ها در این محدوده بسیار مراقب باشند 
اسکلپر ها هم  دقت کنند ( میشود سل گرفت )چرا که  در تایم فریم 15 دقیقه یک ستاره شامگاهی (evening star ) زده است 
قیمت کنونی 1867 میباشد"
731,341208,"['مقاومت', 'سقف']","در ویو روزانه ، انس مقاومت سقف کانال صعودی کوتاه مدت خود را دارد که این مقاومت  مقارن با سقف کانال نزولی میان مدت نیز می باشد ( برای دیدن مقاومت سقف کانال میان مدت تحلیل ریپلی شده را مشاهده فرمایید  ) که تقارن این دو مقاومت ، عبور از محدوده 1871-1874 را سخت تر میکند 
تا زمانی که از این محدوده عبور نکند و بالای آن تثبیت نکند بهتر است بایر ها احتیاط کنند ،  به نظر میرسد کم کم سلر ها قوی شوند"
732,341446,"['حمایت', 'مقاومت']",انس با برخورد به مقاومت مطرح شده ریزش کرد و با رسیدن به حمایت 1855 حمایت خوبی شد و اکنون به محدوده 1889 رسیده است چنانچه بتواند بالای 1885 تثبیت کند مقاومت مرز روانی 1900 و 1921 و 1955 مقاومت های بعدی است و گرنه حمایت های 1871 و 1855 را در پیش دارد
733,341646,['ضرر'],خودرو ۲۵درصد ضرر سربه سر ۲۲۰
734,341800,['فروش'],در غگلپا فروش ماهانه بیش از دو برابر شده ولی سهم  صف فروش کوچک 270 هزارتایی دارد و امروز هم حقوقی و حقیقی تلاش کردند و یکبار صف فروش را جمع کردند باید دید مجدد اقدامی برای متعادل شدن سهم میشود یا خیر
735,341889,['فروش'],"سلام ,خگستر,خساپا و خودرو تا چه زمانی به این فروش فرسایشی ادامه داده و شروع به رشد خواهند کرد?"
736,342130,['فروش'],دلیل فروش این حقوقی های اشغال تو سهم غکورش چی بود همین ی عرضه اولیه خواست پول ی کیلو گوجه در بیاره نذاشتن کارگزاری‌ها
737,342288,"['حمایت', 'مقاومت', 'کف']",حمایت کف کانال نزولی را از دست داده است. حمایت خطوط سفید رنگ و مقاومت خطوط زرد رتگ را در پیش دارد.
738,342390,"['خرید', 'فروش']","در خصوص خرید یا فروش هر سهمی سعی کنید دقیق بررسی کنید نه تنها به تکنیکال اکتفا کنید و نه تنها به بنیاد سهم ، 
تکنیکال + بنیاد و تابلو خوانی رو بررسی کنید"
739,342391,"['حمایت', 'مقاومت', 'خرید', 'ضرر']","وقتی هم تصمیم به خرید سهمی گرفتید باید به این موضوع پاسخ دهید که چرا میخواهید سهم را بخرید و مقاومت ها حمایت ها و حد ضرر و حد سودتون کجاست 
در ضمن باید بدانید قرار است این خرید را برای چه مدتی داشته باشید 
دلایل خریدتون رو بنویسید و حتما حد ضرر و مدت سرمایه گذاری خود را یادداشت کنید"
740,342392,"['خرید', 'فروش']",با جوگیر و یا جو دهی افراد خرید و فروش نکنید اگر سهمی که انتخاب میکنید روندی منطقی و بنیاد خوبی داشته باشد مطمئن باشید سود خوبی به شما میدهد
741,342520,"['خرید', 'فروش']",تحلیل در مورد صندوقها درست نیست و صندوقها را بهتر است با توجه به ناو شون خرید و فروش کنید زیر ناو بخرید و بالای ناو بفروشید.
742,342882,"['خرید', 'فروش']",تحلیل در مورد صندوقها درست نیست و صندوقها را بهتر است با توجه به ناو شون خرید و فروش کنید زیر ناو بخرید و بالای ناو بفروشید.
743,342883,['حمایت'],طبق تحلیل پیش رفت و به حمایت مشخص شده واکنش نشان داد
744,342885,"['خرید', 'فروش']",تحلیل در مورد صندوقها درست نیست و صندوقها را بهتر است با توجه به ناو شون خرید و فروش کنید زیر ناو بخرید و بالای ناو بفروشید.
745,342937,"['حمایت', 'کف']","تحلیل تکنیکال نسبت  شاخص هم‌وزن به شاخص کل (۸ تیر ۱۴۰۰)

همانطور که روی نمودار قابل ملاحظه است روند نزولی میان مدت به سمت خط روند صعودی بلند مدت می‌رود و در صورت حمایت شدن، روند صعودی بلند مدت همچنان ادامه خواهد داشت. به عبارت دیگر در صورت تشکیل کف جدید بالاتر احتمال ادامه صعود و تشکیل سقفی بالاتر نیز وجود خواهد داشت.  به صورت کلی صعود این نسبت به معنای بازدهی برتر شاخص هموزن نسبت به شاخص کل است و نزول آن حالت عکس را نشان می‌دهد./منبع کارگزاری بانک صنعت و معدن"
746,342994,['حمایت'],تحلیل قبل معتبر است و دقیقا از روی آخرین حمایت مشخص شده برگشته است.
747,343068,['فروش'],"بررسی P به E و  P به S گروه لبنی ( زیر مجموعه صنایع شیر ) در تاریخ 13 تیرماه 1400 (مرتب شده بر اساس P به E ) :

همانطور که در تصویر مشاهده میکنید کمترین P به E را غشان دارد ولی P به S اش نسبت به غشصفا و غگلپا بیشتر است و غگلپا در این جدول جایگاه دوم را دارد اما P به S  آن از غشان که در جایگاه اول است بهتر است و نکته قابل توجه در خصوص غگلپا آن است که عمده فروش شرکت محصول پنیر میباشد که بین لبنی ها حاشیه سود خوبی دارد"
748,343072,['قیمت'],"جالبه که غگلپا منفیه اما خیلی از سهم های زیر مجموعه صنایع شیر که EPS  کمتر و  P به S  بالاتر دارند در مثبت های 3-4  دادو ستد میشوند !!
و جالبتر اینه که قیمت کاه و یونجه و همه چی داره رشد میکنه و مطمئنا قیمت شیر هم با توجه به رشد این موارد و همچنین کم آبی امسال بالاتر میرود و این رشد قیمت شیر باعث میشه رشد قیمت در لبنی ها رو داشته باشیم ، دقت کنید خود شیر حاشیه سود بالایی نداره (متاسفانه ) ولی وقتی این شیر به محصولاتی مثل پنیر و ماست و ... تبدیل میشه سود بیشتری به دست می آید"
749,343073,"['فروش', 'قیمت']",به گزارش فروش غگلپا در خرداد ماه دقت کنید ( هنوز افزایش نرخ محصولات لبنی نیامده است ) عمده فروش شرکت همانطور که مشاهده میکنید پنیر است ، اگر فروش شرکت را بدون افزایش قیمت محصولات لبنی به صورت خطی برای یکسال همین محدوده فروش در خرداد ماه در نظر بگیرم P به S این سهم با قیمت های امروز به زیر 1 میرسد
750,343207,['قیمت'],سلام و تشکر ،وارین میانگین خریدم ۳۹۰تومان و به دید میانمدت  و حفاری قیمت خریدم ۷۳۰ تومان به دید میانمدت ببالا ،
751,343213,['قیمت'],"سلام 
1:سهام وتجارت قیمت خرید3686ریال
2:کوتاه مدت"
752,343687,['حمایت'],سلام روز خوش.بی زحمت خکار رو میگید حمایت و مقاومتش رو
753,343743,"['خرید', 'فروش']",تحلیل در مورد صندوقها درست نیست و صندوقها را بهتر است با توجه به ناو شون خرید و فروش کنید زیر ناو بخرید و بالای ناو بفروشید.
754,344066,"['حمایت', 'مقاومت']",خطوط حمایت آّبی رنگ و خطوط قرمز رنگ مقاومت
755,344498,"['سیگنال', 'خرید', 'فروش']","یکی از چیز های عجیبی که در بازار ما رخ میده اینه که بدون تحلیل و فقط چون یه سهمی مثبته یا یه کانالی میاد میگه ، میرن اون سهم رو میخرند
یه مقایسه ساده بین غگلستا و غشان بکنید p به e غگلستا 58 و p به e غشان 29 هستش ، یعنی تقریبا نصف غگلستاست و جالبتر اینکه pبهs غگلستا 2.6 هستش و p به s غشان 1.9  از طرف دیگه غگلستا افزایش سرمایه هاشو داده و ... خب حالا چرا غگلستا مثبته و غشان صف فروش؟
دوستان عزیز دقت کنید این متن به عنوان سیگنال خرید و سیگنال فروش نیست فقط جهت مقایسه و آموزش این مورد عرض میکنم که سهامداران این روزها ساده ترین موارد تحلیلی رو هم در نظر نمی گیرند"
756,344597,['سیگنال'],غگلپا هنوز سیگنال خریده ؟
757,344914,['خرید'],🔸بانکی ها معاملاتی مثبت دارند وبصادر، وپارس دارای صف خرید هستند دیگر نماد های گروه نیز معاملاتی مثبت و روان دارند.
758,344915,['خرید'],🔸امروز گروه سرمایه گذاری ها مورد توجه بوده و اکثر نماد های گروه با تقاضا همراه هستند صبا ،وصنعت، وهامون، وپویا ،وبوعلی،وساپا دارای صف خرید هستند
759,344917,['خرید'],"🔸در خودرویی ها شاهد عرضه صف های خرید خساپا و خودرو هستیم
خساپا با961 میلیون سهم و خودرو با 805 میلیون سهم دارای بیشترین حجم معاملات در بازار امروز بوده اند"
760,344930,"['سیگنال', 'خرید', 'فروش']","سلام
با تشکر از زحمات جنابعالی
سهم فلات را حد بسیار کم (حدود 500 تومان ) برای اینکه جلوی چشمم باشد دارم
پروژه معدنی وی در شرف بهره برداری است و تولید بشدت بالا میرود
الآن هم صف فروش است و توسط بعضی ها سیگنال شده و حقوقی هم خرید میکند که روند آن رو به رشد است 
ولی یک نکته دارد و اینکه گویا هزینه هایش بالاست و عدد بین هزینه و آید و فروش کم است و... جای تامل دارد
ولی خرید حقوقی آنهم هر روز قابل توجه است
دید بنده برای خرید بلند مدت است
ممنون میشود تحلیل فرمایید"
761,344948,['مقاومت'],"تاپیکو (ویو هفتگی)
مقاومت ها امکان دارد ناخوانا باشد به ترتیب 1760-1850-1980 تومان می باشد"
762,344981,['ضرر'],"باعرض سلام و دورود
(لپارس )    از ٤٠٠٠تومن خريدم ويه تعداد١٢٥٠٠تومن و يه تعداد ٢٥٠٠٠تومن الان كلا تو ٤٤درصد سود هستم ولى ميدونم  خيلى ضرر كردم و دوباره امروز باز منفى ٥خورد ديگه نميدونم كى بايد بفروشم يا نگه دارم سهم رو  كلاديد سرمايه گذارى بلند مدت رو دارم ولى با اين حجم ضرر و بلد نبودن كار در بازار فكر كنم پولم  رو درست سرمايه گذارى نكرده باشم لطفا راهنمايى بفرماين سپاس"
763,344985,['قیمت'],"صحبت های مهم وزیر پیشنهادی جهاد کشاورزی

ساداتی نژاد، وزیر پیشنهادی جهاد کشاورزی در صحن مجلس: 

🔸ما مخالف قیمت گذاری دستوری هستیم
🔸ما نباید از جیب کشاورز یارانه بدهیم
🔸ما نباید با قیمت گذاری دستوری ، کشاورز را نابود کنیم
🔸همه ی زمین های کشاورزی را سنددار خواهیم کرد.
🔸ما باید دست واسطه ها را حذف کنیم
🔸باید سرمایه گذاری در بخش کشاورزی توسعه یابد."
764,345090,['مقاومت'],از نظر من انس دوتا مقاومت مهم داره یکی 1805 و دیگری 1819 ، اخبار امروز و سخنرانی پاول خیلی مهمه و میتونه روند رو به کل برعکس کنه ( روندی که از دیروز شروع شده و صعودی بوده ) پس اگر بای دارید استاپ رو تریل کنید و استاپ رو در سود بگذارید
765,345319,['قیمت'],"بین ریالی ها بنده به ترتیب این گروه ها رو میپسندم 
لبنی ها
قطعه سازی ها
زراعت
خودرویی ها
بانکی ها
قندی 
در بین این گروه ها باید دید کدوم بنیاد بهتری دارد و قیمت تابلوش ارزنده تره"
766,345322,"['فروش', 'قیمت']",لبنی ها دیروز افشاء الف زدن که شیر40 درصد گرون شده محصولات ماهم علی الحساب 40 درصد گرون شده و هنوز قیمت اصلی اعلام نشده ( یعنی قیمت لبنیات میره بالاتر ) پس فروش شرکت های لبنی بهتر میشه بین لبنی ها غگلپا p به s پایین تری داره ( قیمت به فروش شرکت ) و این عدد 1.5 می باشد و البته غپاذر p به s  اش 1.3 هست اما p به e غگلپا 30 هست و p  به e غپاذر 42  که پایین ترین p به e در گروه لبنی زیر مجموعه صنایع شیر مربوط به غگلپاست ( مطابق تصویر  در تاریخ 14 شهریور 1400 )
767,345341,['فروش'],من پارسال سهم کگلح  حق تقدم کگل رو خریدم ..ازونموقع یا بسته اس یا وقتی بازه امکان فروش نداره ..امروزم امکان فروش نداشت ..لطفا راهنمایی کنید ..ممنونم
768,345352,"['فروش', 'قیمت']","بررسی P به E و  P به S گروه لبنی ( زیر مجموعه صنایع شیر ) در تاریخ 14 شهریورماه 1400 (مرتب شده بر اساس P به E ) :

همانطور که در تصویر مشاهده میکنید کمترین P به E را غگلپا دارد و P به S  غگلپا ( 1.58 )   در جایگاه دوم بعد غپاذر ( 1.35 ) قرار دارد  نکته قابل توجه در خصوص لبنی ها آن است که لبنی ها دیروز افشاء الف زدن که شیر40 درصد گرون شده محصولات ماهم علی الحساب 40 درصد گرون شده و هنوز قیمت اصلی اعلام نشده ( یعنی قیمت لبنیات میره بالاتر ) پس فروش شرکت های لبنی بهتر خواهد شد و احتمال بالا این پی به اس ها همچنان کمتر خواهند شد  و جذاب تر"
769,345464,"['خرید', 'قیمت']","بالاس
3600 قیمت خرید
میان مدت"
770,345469,['مقاومت'],سلام استاد...لطفا لپارس رو آپدیت کنید با توجه به شکست بیشتر مقاومت ها
771,345499,['حمایت'],به سمت خط روند زرد رنگ بالای در حرکت است. مقاومتها با خطوط سفید و حمایت با خط زرد رنگ مشخص شده اند.
772,345677,"['خرید', 'فروش', 'قیمت']","امیدوارم روز به روز دانش افراد در بازار سرمایه رشد کند و خرید و فروش هیجانی کمتر و کمتر شود و صد البته که باید دید حضور در بازار سرمایه را بلند مدت و در خرید ها بنیاد سهم ارزش سهم و تکنیکال را در نظر گرفت
  فراموش نکنید که  اگر سهمی بنیاد خوبی داشته باشد ولی در قیمت خوب خرید نشود مناسب نیست باید همه موارد را با هم در نظر گرفت"
773,345678,['قیمت'],"بهترین نوع اصلاح در بازار سرمایه و منطق اصلاح این شکلی است که بجای کلیت بازار گروه گروه اصلاح انجام شود و رشد در بازار ادامه دار باشد البته باید تصمیمات یک شبه ، قیمت گذاری دستوری و عواملی که امنیت سرمایه گذاری را کم میکند برداشته شود و مدیران و مسئولین کشوری یاد بگیرند که هر اظهار نظری نکنند چرا که این نوع اظهار نظر ها میتواند به اقتصاد و همچنین به بازار سرمایه و سرمایه گذاری در کشور آسیب وارد کند 
امیدوارم روزی بیاید که دست از اقتصاد دستوری برداشته باشیم"
774,345787,"['حمایت', 'مقاومت', 'ضرر', 'فروش', 'قیمت']","همواره برای سهامتون 5 چیز را مشخص کنید
1- حد ضرر 
2- حد سود
3- مقاومت ها و حمایت ها
4- دید سرمایه گذاری
5- آیا در این قیمتی که میخرم سهم ارزنده است؟ به قیمت رسیده است ؟ یا آیا در این قیمتی که میفروشم منطقی عمل میکنم و سهم به قیمت فروش رسیده است ؟"
775,345961,"['ضرر', 'فروش']","یه بلایی سر بازار آوردن که عرضه اولیه ها رو هم با یکم سود چنان میفروشن که در تاریخ ماندگار خواهد شد ، دست از مهندسی شاخص بردارید ، دست از فروش بی حد و اندازه اوراق بردارید ، دست از بی برنامگی های عرضه اولیه بردارید ،در 12 ماه گذشته اگه نخود لوبیا خریده بودیم بیشتر از بازار سرمایه سود میکردیم ( سود به کنار ضرر نمی کردیم )
جناب آقای رئیسی ، جناب آقای دهنوی ، آقایان مسئول که قبل انتخابات سینه سپر میکردید برای مردم و بازار سرمایه ، کو اون وعده ها؟ برید یه آمار بگیرید ببینید مردم چطوری دارن ضرر میکنن ، خسته شدن ، همه اش اقتصاد دستوری ، همش لابی بانک ها ، همش حکومت بانک ها و رانت ها بر اقتصاد ، تا کی ؟ تا کجا ؟"
776,345982,['هدف'],"🔴 سرمایه‌گذاری ۵ میلیارد دلاری ایرانیان در مسکن ترکیه!
حجم سرمایه‌گذاری ایرانی‌ها در بازار مسکن ترکیه دست‌کم ۸۶۶ درصد رشد کرده است و از سال ‌۲۰۱۸ تاکنون ۵ میلیارد دلار سرمایه از ایران به سمت بازار مسکن ترکیه خارج شده است.

پ ن ۱ : حالا انقدر تعلل کنید و اقتصاد رو دستوری کنید و رانت بسازید تا هرچی ارزه از کشور خارج بشه ... من نمیدونم یعنی توی این کشور دلسوز نداریم ؟ کی بالاخره این یارانه ها رو از شرکت ها حذف میکنید و به مردم ( هدف )  میدید؟ کی رانت توی این کشور تموم میشه؟ الان که به گفته خودتون مجلس و دولت و قوه قضائیه هم یه دسته ! یه زمان به ما بدید ...

پ ن ۲ :  مصوبه «قیر رایگان» مورد تائید شورای نگهبان قرار گرفت!! 😭🤦‍♂😐"
777,346000,['قیمت'],"شاید باور ندارید اگر نخود لوبیا میخریدیم بهتر بود ... اینم مدرکش 🤦‍♂👇

افزایش ۳۰ درصدی قیمت حبوبات در تابستان
 حبوبات آخرین‌ماه تابستان را هم با افزایش قیمت پشت سر گذاشت تا مجموع رشد قیمت در بعضی اقلام در ۳‌ماه تابستان به ۳۰درصد برسد./ منبع عصر ایران"
778,346556,['قیمت'],🔸 بازار اولین روز آبان ماه را با افت قیمت و معاملات منفی در اکثر گروه ها شروع کرده است در همین رابطه شاخص کل با گذشت دقایق ابتدایی از شروع معاملات افتی برابر با 13،600 واحد را ثبت کرده است
779,346559,"['کف', 'قیمت']",🔸 گروه خودرو و قطعات یکدست قرمز پوش هستند و اکثر نمادها در کف قیمت روزانه معامله میشوند دو نماد خکاوه، خفنر  تنها نماد های با معاملات مثبت هستند.
780,346560,"['فروش', 'قیمت']",🔸 معاملات پالایشی نیز  پر عرضه دنبال میشود و اکثر نماد ها با افت قیمت همراه هستند ، در همین رابطه نماد شپنا با صف فروش 45 میلیونی مواجه میباشد.
781,346561,['فروش'],🔸 نماد های وبصادر،وبملت،وتجارت از گروه بانکی ها با صف های فروش همراه هستند ، دیگر نماد های گروه نیز معاملاتی منفی دارند. وزمین،وکار، وشهر از نمادهای مثبت این گروه هستند
782,346607,['خرید'],"مدیر توسعه بازار فیزیکی بورس کالا با اعلام خبر پذیرش انبار 10 شرکت سیمانی گفت: معاملات گواهی سپرده سیمان از روز یکشنبه 9 آبان ماه در بازار مالی بورس کالا راه اندازی میشود تا از این پس خریداران خرد سیمان از این طریق امکان تامین نیاز داشته باشند.

جواد فلاح افزود: گواهی سپرده سیمان نظیر سایر گواهی سپرده های کالایی است یعنی افراد با همان کد سهامداری و به صورت آنلاین امکان خرید دارند و هیچ تفاوتی با سهام ندارد."
783,346961,"['کف', 'فروش', 'قیمت']",🔸 نمادهای گروه خودرو و قطعات یکپارچه قرمزپوش هستند و تمامی نمادها در کف قیمت روزانه و با صف های فروش همراه شده اند،دو نماد خودرو و خساپا متوقف هستند.
784,346963,"['سقف', 'قیمت']",🔸 در پالایشی ها نمادهای شپنا،شبندر،شتران،شبریز در منفی  های بالا درحال معامله هستند و شاوان،شنفت،شپاس با افزایش تقاضا روبرو شده نزدیک به سقف قیمت روزانه درحال معامله هستند.
785,346964,['فروش'],🔸 گروه بانکی نیز جوی منفی دارد و بجز وگردش ،سامان،سمایه دیگر نمادها معاملات منفی دارند. در این گروه وبملت با صف فروش مواجه میباشد.
786,346966,['قیمت'],قیمت دلار در بازار آزاد جالبه ....
787,346989,"['حمایت', 'سقف']","درخواست حذف ارز 4200 تومانی از نهاده‌های دامی

رئیس سازمان برنامه و بودجه:
🔹از مجلس این اجازه را می‌خواهم تا ارز ترجیحی صرفا برای دارو، تجهیزات پزشکی و گندم تا پایان سال قرار داده شود،

🔹اما درباره نهاده‌های دامی میزان یارانه‌های پرداختی را مستقیماً صرف حمایت از محرومان کنیم و به 4 دهک عدد بیشتری تا سقف 60 میلیون ریال پرداخت کنیم. _تسنیم"
788,347000,['فروش'],بعدش که مچ شد صف فروش شد !!
789,347117,['خرید'],🔸بهبود تقاضا در بازار در این لحظات با تشکیل صف خرید در شستا و رنج های مثبت در فولاد مشهود است.
790,347251,['قیمت'],"یه استعلام بگیرید ببینید قیمت ها در بازار های موازی چطوره ... بعد به سبد سهامتون آتیش بزنید ...
واقعا عجیب عمل میکنید"
791,347263,['مقاومت'],تحلیل فوق معتبر هست و نماد به مقاومت اول برخورد کرده و نتوانسته تثبیت کند و هم اکنون مجدد در محدوده تحلیل میباشد با همان سناریو
792,347281,['خرید'],🔸 با بهبود تقاضا در بازار گروه بانکی ها یکپارچه سبز پوش شده و اکثر نماد های آن در مثبت های بالا درحال معامله هستند. سه نماد وبملت، وتجارت،وبصادر دارای صف خرید هستند.
793,347313,"['سیگنال', 'خرید', 'فروش']",در این گروه و کانال سیگنال خرید یا فروش نمیدیم. من تحلیلشون را میذارم خودتون میتونید بر اساس تحلیل تصمیم گیری کنید.
794,347339,"['فروش', 'قیمت']","قیمت فروش دلار در صرافی  ملی   27,733"
795,347340,['قیمت'],همه بازار ها داره میره بالا ، هیچ جا اصلاح قیمت نداره ، بعد اینجا آتیش میزنن به سهام و با نواختن حقوقی ها حقیقی ها به رقص میان !!!
796,347374,['فروش'],"انجام بزرگترین واگذاری‌ تاریخ کشور/ عرضه ۱۸ درصد بلوک هلدینگ خلیج فارس

🔹 معاون وزیر اقتصاد و رییس کل سازمان خصوصی‌سازی با اشاره به فراخوان فروش بلوکی سهام دولت در شرکت هلدینگ پتروشیمی خلیج فارس، این واگذاری را بزرگترین فروش تاریخ واگذاری‌های سهام‌های دولتی توصیف کرد."
797,347417,"['خرید', 'فروش']","چه نوسانی میگیرن از نمادهای فرا کاپ !!!
سهم 24 میلیون صف فروش میچینن سهامدار وحشت زده میره صف ناگهان جمع میکنن و دقایقی بعد میشه صف خرید 10 میلیونی !! ده درصد سود با حجم معاملات میلیونی در یک روز علی برکت الله  و   لعنت الله علی القوم الظالمین"
798,347419,['حمایت'],شاخص کل نزدیک حمایت قوی و مستعد واگرایی مثبت ... به نظر می‌رسد باید به تغییر روند بازار کمی امیدوار تر باشیم
799,347443,['قیمت'],📌 قیمت جهانی فلزات اساسی و نفت پنجشنبه 18 آذرماه
800,347456,['قیمت'],"پیش بینی بازار فردا
بازار سهام در هفته گذشته با روندی کم حجم و فرسایشی مجددا معاملاتی رکودی را سپری کرد و در پایان هفته شاهد رشد تقاضا در اکثر گروه ها به خصوص گروه های کالایی و ارزمحور بودیم که تا حدودی امید به بهبود وضعیت بازار را افزایش داد هرچند حجم معاملات همچنان قابل توجه نبود.
در بازارهای جهانی شاهد بهبود روند قیمت ها با توجه به روشن تر شدن زوایای بیشتری از گونه جدید ویروس کرونا هستیم و با توجه به تعدیل نگرانی ها در رابطه با خطر این جهش نسبت به گمانه زنی های ابتدایی و کاهش احتمال افزایش محدودیت های سخت گیرانه در سرتاسر دنیا بخشی از افت های هیجانی در روزهای گذشته جبران شد و به نظر می رسد بازارها در پایان سال میلادی کم تحرک باشند. 
در بازار ارز نیز با آغاز دور جدید مذاکرات که البته هنوز اخبار رسانه ای معتبری از آن منتشر نشده است شاهد آرامش نسبی هستیم و دلار در بازار آزاد در انتظار اخبار برای عبور از سطح 31 هزار تومانی و یا اصلاح است. به نظر می رسد با انتشار اخبار بیشتر از بودجه و مذاکرات بازار ارز نیز جهت گیری بعدی را مشخص خواهد کرد هرچند به صورت معمول در پایان سال میلادی به دلیل تسویه ارزی تقاضای ارز افزایش می یابد و در ماه های بعد این تقاضا از بازار حذف خواهد شد. 
در بازار سهام اما قیمت ها با توجه به نرخ ارز تا حدی افت کرده که فروشنده خاصی در بازار نیست و اندک تقاضا می تواند رشد قیمت ها را در پی داشته باشد. کاهش سرعت رشد نرخ بهره در کنار افت سنگین قیمت ها و رشد نرخ ارز و ثبات در جهانی ها احتمال بهبود قیمت ها را افزایش داده است. به نظر می رسد رفته رفته شاهد بهبود حجم معاملات و رشد نسبی قیمت ها با کاهش ابهامات بودجه در کنار رشد نرخ ارز در سامانه نیما باشیم. 
گروه های کالایی و بزرگ بازار می توانند در روز آینده با افزایش تقاضا همراه باشند و احتمال بالای حذف نرخ ارز ترجیحی در بودجه سال آینده می تواند رشد قیمت ها در گروه های متاثر را در پی داشته باشد./ کارگزاری آبان"
801,347464,['فروش'],"سايپا براي كنترل قيمت ها هر سه شنبه يك طرح فروش دارد

🔻مدير عامل گروه خودروسازي سايپا اعلام كرد كه در راستاي تحقق برنامه هاي وزير صنعت،معدن و تجارت جهت كنترل قيمت ها در بازار خودرو،اين شركت تا پايان سال ١٤٠٠هر هفته يك طرح فروش محصولات خواهد داشت."
802,347467,['فروش'],"طرح هاي فروش هفتگي ايران خودرو
هر دوشنبه تا آخر سال ١٤٠٠

براساس راهبردهاي وزارت صمت اجراي طرح‌ فروش محصولات ايران خودرو دوشنبه هر هفته اجرا ميشود.
همچنين عرضه ۱۰۰ هزار دستگاه خودروي مازاد بر تعهدات تا پايان سال١٤٠٠صورت ميگيرد."
803,347472,"['خرید', 'فروش']","🔴 انتقاد رییس قوه قضاییه از بورس

محسنی اژه‌ای:

➖ از طرف ناظرین بورس دخالت‌‌های غیرمتعارف در امر خرید و فروش سهام صورت می‌گیرد.

➖ اموری بر سهامداران حقیقی و حقوقی تحمیل می‌شود بدون اینکه توضیحی داده شود.

➖ با توجه به دسترسی کارگزاری‌‌ها و سازمان بورس به کلیه ردیف‌ها و سفارشات عرضه و تقاضا، سهامداران عادی به صورت آنلاین حداکثر 5ردیف از سفارشات را می‌توانند مشاهده کنند.

➖ صندوق‌ها به جای کد بورسی خود صندوق، با کدهای حقیقی که در صندوق سرمایه‌گذاری کرده‌اند در بورس شرکت می‌کنند.

➖ در بورس‌های متعارف دنیا صف خرید و فروش به نمایش گذاشته نمی‌شود چرا در بورس ایران صف خرید و فروش نمایش گذاشته می‌شود؟همه این موارد می‌تواند ایجاد رانت و فساد کند."
804,347475,['فروش'],"کاهش 5 درصدی مالیات شرکت‌ها درلایحه بودجه

توئیت سلیمی‌زاده، مدیر روابط عمومی سازمان بورس:
🔹اخبار بسیار خوبی از بودجه ۱۴۰۱ به گوش می‌رسد. از کاهش چشمگیر فروش اوراق (اسناد خزانه اسلامی) در سال آتی تا بودجه مستقل برای صندوق (توسعه و تثبیت بازار) تثبیت و ثابت ماندن نرخ خوراک پتروشیمی‌ها، در کنار کاهش ۵ درصدی مالیات شرکت‌ها همه نشان دهنده عزم یکپارچه دولت برای بازگرداندن ریل بازار به مسیر اصلی خود می باشد./فارس/"
805,347508,"['خرید', 'فروش']",نقش بازارگردان ها فقط خرید در منفی و فروش در مثبت و نوسانگیری از مردم زیان دیده نیست  بازارگردان ها باید امروز سهام فروشنده های خسته را چه در منفی و چه در مثبت بخرند و در واقع با رنج زدن سهم ها را مثبت کنند تا بازار امیدوار شود
806,347523,['قیمت'],"بازار سرمایه ریسک داره ، بله قبول ، اما بازاری که با دروغ و دستکاری و سلیقه ای حرکت کنه چی؟ 
مطمئنم که آه سهامدارانی که بهشون ظلم کردید و با دروغ هاتون فریبشون دامنتون رو میگیره 

پ ن : حقوقی ها و بازار گردان هایی هم که ، با نوسانگیری و روش های دیگه به  پایین کشاندن تعمدی قیمت کمک کردن و به این کار دامن زدن هم  به زودی به سزای کارشون خواهند رسید"
807,347563,['خرید'],🔸نماد های گروه خودرویی نیز با وجود عرضه صف های خرید خودرو، خساپا همچنان معاملاتی مثبت را پشت سر میگذارند تنها نمادهای منفی گروه ختور،خموتور، خاهن،خپوش، تشتاد هستند.
808,347573,['قیمت'],"✍🏻بورس تهران معاملات اولین روز هفته را مثبت آغاز کرد. با گذر از دقایق ابتدایی بازار، خرید‌های روبه بالا در گروه‌هایی همچون خودروسازی و بانکداری باعث شد تا بهبود تقاضا در کلیت بازار به شکل محسوسی حس شود. در نتیجه این رویداد شاخص با افزایش 11 هزار 855 واحدی در ابتدای کانال یک میلیون 300 هزار واحدی به کار خود پایان داد. اما باید توجه داشت هنوز سایه فشار عرضه از سر بازار به طور کامل کم نشده است و نیمی از صنایع موجود همچنان در بازه منفی قرار دارند که نتیجه آن را می‌توان در رشد کمتر شاخص هم وزن نسبت به شاخص کل به طور ملموسی حس کرد.

📑بنظر پیشنهاد 10 بندی وزارت اقتصاد، رایزنی فعالان بازار برای اصلاح بخشی غیرقابل تحقق لایحه بودجه 1401، ثبات نرخ ارز، رشد خوب کامودیتی‌ها، شرایط خوب تکنیکالی شاخص کل و همچنین دیگر نماگر‌های صنایع باعث شده تا بازار بهبود نسبی معاملات را تجربه کند. البته زمزمه‌‎های کاهش یا از بین رفتن فاصله نرخ نیما و نرخ دلار آزاد که در قالب یکی از پیشنهادات 10 گانه بسته وزارت اقتصاد مطرح شده است در سبزی امروز بازار بی‌تاثیر نبوده است. باید توجه داشت در صورت کاهش یا حذف فاصله نیما با دلار آزاد رانت بزرگی که از جیب شرکت‌های صادرکننده بورسی برداشته می‌شد از بین خواهد رفت.

📈برای امروز، با توجه به افزایش تقاضا در معاملات روز گذشته انتظار می رود، خریداران بالقوه با سنجیدن شرایط موجود بازار نظیر کاهش ریسکهای احتمالی و جذاب شدن قیمت سهام، چاشنی احتیاط را کم کرده و به مرور به گردونه معاملات بازگردند و بازار را با رگه‌های بیشتر از همراه کنند."
809,347622,['حمایت'],امروز برخی از حقوقی ها واقعا حمایت خیلی خوبی از سهامشون کردن که قابل تقدیره ، امیدوارم که این حمایت ادامه دار باشه
810,347624,['خرید'],🔸فولاد و فملی به صف خرید نشستند .
811,347643,['خرید'],🔸در گروه فلزات اساسی جوی مثبت برقرار است. فولاد در مثبت های بالا معامله میشود و فملی به صف خرید نشسته دیگر نمادهای گروه نیز پرتقاضا دنبال میشوند.
812,347644,"['خرید', 'سقف', 'قیمت']",🔸 پالایشی ها امروز مورد توجه بوده و تمامی نماد ها در سقف قیمت رورانه معامله میشوند و اکثرا با صف های خرید همراه هستند.
813,347646,['خرید'],🔸در بانکی ها وبصادر با صف خرید همراه است وبملت، وتجارت نیز پرتقاضا معامله میشوند دراین میان سمایه،وکار، وزمین معاملاتی منفی دارند.
814,347648,['خرید'],🔸در این دقایق شاهد عرضه صف های خرید هستیم!
815,347676,"['حمایت', 'هدف']",🎥 تاثیر مصوبات جدید دولت در حمایت از بورس؛ از هدف قرار دادن همه ی صنایع بورسی تا هماهنگی بین وزارت اقتصاد و بانک مرکزی برای اجرای این فرامین
816,347722,['هدف'],"⭕️  گروه ۱+۴ و آمریکا روند مذاکرات وین را مثبت ارزیابی کردند

دیپلمات ارشد روسیه با اشاره به برگزاری نشست مشترک اعضای گروه ۱+۴ و آمریکا در وین گفت که تمام طرف‌های مشارکت کننده در این جلسه روند گفت‌وگوهای جاری را که با هدف رفع تحریم‌ها جریان دارد مثبت ارزیابی کردند.

 میخائیل اولیانوف مذاکره کننده ارشد روسیه با انتشار پیامی در توئیتر نوشت: مشارکت کنندگان برجام (بدون حضور ایران) و ایالات متحده عصر امروز با یکدیگر دیدار کردند و در مورد آخرین وضعیت گفت‌وگوهای وین تبادل نظر کردند. وی افزود که همه شرکت کنندگان در جلسه امشب، «با رضایت روندهای مثبت و فضای عملی مذاکرات جاری را مورد اشاره قرار دادند.»"
817,347744,"['حمایت', 'هدف']","واقعا این پیش نویس قانون بازار سرمایه رو خودتون خوندید؟ و میشه بگید هدفتون چیه؟ 
خواهشا دوستان روابط عمومی سازمان یه اطلاع رسانی بکنند و بفرمایند هدف از این پیش نویس چیه؟ حمایت از بازار یا حمایت از مسئولان و ناظران ؟ یا برخورد با سهامداران و فعالان بازار ؟
هدفتون چیه بگید بهمون ...."
818,347785,['ضرر'],دقیقا ما با دلار ۱۷تومن وارد شدیم برفرض محال که بازار بی درپیکر اینروزها بتونه اونهمه ضرر رو جبران باز با این تورم تو ضرریم!
819,347855,['قیمت'],"قیمت پایه محصولات پتروشیمی اعلام شد

نرخ ارز مبنای محاسبه قیمت پایه محصولات پتروشیمیایی با افزایش 1555 ریالی نسبت به هفته قبل؛ به نرخ  244,794 ریال اعلام شد."
820,347924,"['هدف', 'قیمت']","اویل پرایس: رکوردشکنی قیمت گاز، ایران را به افزایش تولید ترغیب کرد.
فارس - یک پایگاه تخصصی نفت و گاز نوشت، رکوردشکنی قیمت گاز در جهان، ایران را به افزایش تولید ترغیب کرده است و این کشور برنامه‌های زیادی برای توسعه میادین گازی عظیم خود دارد.
ایران در کنار هم پیمانان ابرقدرت کلیدی خود - روسیه و چین - که با آنها توافق نامه های همکاری جامع طولانی مدت دارد، قرار است، تولید گاز طبیعی خود را در بازارهای جهانی را که همچنان شاهد قیمت های بی سابقه گاز است، افزایش دهد.
بر اساس بیانیه محسن خجسته مهر، مدیرعامل شرکت ملی نفت ایران، نخستین محور این اقدام مهم، بر سرمایه گذاری 11 میلیارد دلاری به منظور افزایش ظرفیت تولید گاز به میزان 240 میلیون متر مکعب در روز در سال 2022، متمرکز خواهد بود. تمرکز اصلی این هدف بزرگ بر میدان گازی عظیم ایران در پارس جنوبی و به ویژه فاز 11 آن خواهد بود."
821,347959,['حمایت'],تهرانی هارو هل بده جلو ،ما با فاصله حمایت میکنیم😜
822,347960,['کف'],زمانی که شاخص در کف بود ، ارزش سبد ما بیشتر از این بود ، و ما همچنان سهامداریم و منتظر تحقق وعده های رئیس جمهور....!!!!
823,347970,['کف'],"زمانی که شاخص در کف بود ، ارزش سبد ما بیشتر از این بود ، و ما همچنان سهامداریم .  کی وعده توجه به بورس و بازار سرمایه تحقق خواهد یافت....!!!!

ما بورسی ها دنبال سود قلمبه نیستیم بلکه در پی کسب سرمایه ای هستیم که به بورس سپردیم  ."
824,347977,['ضرر'],دلیل اینکه سرمایه داره بیشتر آب میره اینکه  شاخص  بیست روز منفی میخوره و پنج روز مثبت میشه و آن بیست روز جبران می‌کنه فرض کنید تو آن بیست روز  شما سه درصد منفی میخوری نه پنج درصد  میشه شصت درصد و تو برگشت آن پنج روز مثبت روزی پنچ درصد بگیریم میشه بیست و پنج درصد   یعنی ۳۵درصد ناقابل به ضرر شما اضافه شده
825,348003,"['حمایت', 'فروش']","بازار در برهه فعلی با وجود تمام مشکلات و سختی‌ها یک نکته مثبت دارد و آن هم وضعیت معاملات در روز‌های اخیر است. معاملاتی که نشان از پیاده شدن اکثر فروشنده‌ها از بازار دارد. چراکه دیگر در طول مدت بازار شاهد عرضه‌ها و صف‌های سنگین فروش نیستیم. لذا همچنان عقیده داریم شاخص در حال تکمیل آخرین شاخه از الگوی اصلاحی خود است . 

📊برای امروز، با توجه به نزدیک شدن شاخص به اولین حمایت معتبر خود، بنظر بازار سر و شکلی بهتر از بقیه روز‌های هفته داشته باشد گرچه در روز‌های پایانی هفته قرار داریم."
826,348018,['فروش'],باز هم تکرار میکنیم که بازار در برهه فعلی با وجود تمام مشکلات و سختی‌ها یک نکته مثبت دارد و آن هم وضعیت معاملات در روز‌های اخیر است. معاملاتی که نشان از پیاده شدن اکثر فروشنده‌ها از بازار دارد. چراکه دیگر در طول مدت بازار شاهد عرضه‌ها و صف‌های سنگین فروش نیستیم. لذا همچنان عقیده داریم شاخص در حال تکمیل آخرین شاخه از الگوی اصلاحی خود است .
827,348019,['قیمت'],پی بر ایی  هاخوب هستند. قیمت سهم هازیرناو
828,348035,"['خرید', 'فروش']",کانال ما و تمام ادمین ها ، در طول این دوسال توصیه به خرید یا فروش یا نگهداری یا هرچیز دیگری در کانال و گروه نکردند و  نخواهند کرد
829,348052,['خرید'],سلام سوالی در مورد خرید اینترنتی با کریپتو داشتم یه نفر راهنمایی میکنه؟
830,348054,['قیمت'],نقشه بازار  ارزهای دیجیتال وتغییرات قیمت در 24 ساعت اخیر این بازارها
831,348060,"['خرید', 'قیمت']","خیلی دوستان فکر میکنن خروج پول حقیقی یعنی حقیقی ها فروختند و پولشون رو از بورس بیرون بردن اما غلطه 
خروج پول حقیقی 👈وقتی حقوقی از کد های حقیقی خرید میکنه خروج پول حقیقی اتفاق میفته
ورود پول حقیقی 👈وقتی حقوقی میفروشه و حقیقی ها ازش میخرن ورود پول حقیقی اتفاق میفته 

وقتی حقوقی خرید میکنه  قدرت خریدار پایین میاد 
و وقتی قدرت با خریدار هاست و خروج پول داریم (خرید حقوقی از حقیقی)
علاوه بر اینکه قدرت خریدار ها با خرید حقوقی پایین میاد باز هم قدرت با خریدار هاست 
این یعنی چی؟
یعنی خریدار ها قوی بودن 
از طرفی هم اینقدر فروشنده ها ضعیف بودن که با خرید حقوقی ازشون باز هم قدرت با فروشنده نبوده 
این خروج پول هیچ مشکلی نداره و ۱  پیام داره:
قیمت جذابه و حقوقی ها هم در این قیمت ها خرید میکنن 

حتی وقتی قدرت خریدار و فروشنده ها برابره خروج پول حقیقی مشکلی نداره 
وقتی خروج پول خطرناکه که قدرت با فروشنده ها باشه 
یعنی حقوقی داره از کد های بزرگ حقیقی خرید میکنه (کد به کد حقیقی به حقوقی)
که این اتفاق خطرناکیه 

چه دوست داشته باشیم چه نه تو بورس ایران تابلو معاملات راست ترین حرفو میزنه 
و وزن بیشتری باید بهش داد نسبت به تحلیل تکنیکال که متاسفانه ۶۰ درصد تحلیلگران این کارو نمیکنن و متوجه نمیشن پول کجا میره"
832,348061,['قیمت'],اگر هم قیمت دلار کاهش یابد موقتی است. با دلار زیر ۳۰ هزار تومان باید خداحافظی کرد.
833,348098,"['مقاومت', 'قیمت']","پیش بینی بازار فردا
بازار در هفته گذشته کم رمق و با عقب نشینی همراه بود. پس از بودجه که اخبار ضد و نقیض از آن تا حدودی بازار را متاثر کرد حالا مذاکرات احیای برجام به عنوان دیگر ابهام جدی بازار را کم رمق کرده است. در این وضعیت رشد جهانی ها نیز نتوانسته به بازار روند دهد و صرفا نقش حمایتی در قیمت های کنونی داشته است. 
در بازارهای جهانی اما بازارها در ابتدای سال جدید نسبتا کم حجم هستند. رشد قیمت نفت مهم ترین رویداد در این بازارهاست و روی نیز در سطوح بالای قیمتی سال را آغاز کرده است. رشد قیمت در زنجیره فولاد نیز از دیگر تحولات بازاهرای جهانیست و این در حالیست که جزییات برنامه فدرال رزرو در روز چهارشنبه رشد دلار و و فشار بر بازارهای سهام و کالا را به دنبال داشت.
در بازار ارز اما سردرگمی زیاد شده است و پس از افت نسبی قیمت حالا فعالان در انتظار انتشار اخبار بیشتر هستند. اخبار داخلی حاکی از مثبت بودن روند مذاکرات است و طرف غربی در اظهارنظرها محتاط تر است و دغدغه زمانبندی را پررنگ تر کرده است. کاهش تقاضای مرسوم در بازار پس از رشد تقاضا در پایان سال مالی نیز از دیگر دلایل آرامش در بازار ارز است. باید توجه داشت که صرف انتشار اخبار مثبت تا حدودی بازار را کنترل خواهد کرد و در ادامه بازار منتظر اتفاقات واقعی خواهد بود و شوک منفی می تواند مجددا بازار ارز را متلاطم نماید. به نظر می رسد بازار تا تعیین تکلیف مذاکرات همچنان روندی محتاط را در پیش بگیرد.  
در بازار سهام اما همه پارامترهای بنیادی حاکی از ارزنده بودن قیمت ها در بسیاری از نمادها به خصوص کالایی هاست اما بی اعتمادی فراگیر سهام شرکت ها را به دارایی غیر جذاب تبدیل کرده است. در حالی که در بازارهای دیگر شاهد چند برابر شدن قیمت ها و مقاومت در مقابل افت هستیم، بازی بد صورت گرفته با بازار سهام و بی برنامگی برای احیای این بازار مولد، رکودی فراگیر را گریبانگیر معاملات کرده است. به هر حال اندک نقدینگی فعال در بازار احتمالا اقبال بیشتری به نفتی ها در معاملات روز آینده داشته باشد و بزرگان بازار نیز احتمالا روندی متعال داشته باشند. ابهامات بودجه تا نهایی شدن نرخ انرژی و تعیین تکلیف روند مذاکرات همچنان بازار را کم حجم خواهد کرد و در بازارهای متعادل و کم حجم احتمال اقبال به نمادهای کوچکتر مستعد نیز وجود خواهد داشت. هرچند احیا شدن برجام به هر نحو و آزاد شدن اقتصاد از بند تحریم ها، قطعا به نفع وضعیت صنایع و متعاقبا بازار سهام خواهد بود اما ترس از سیاست های پولی نسنجیده و مقطعی پس از دسترسی به منابع همچون تجربه ابتدایی، فعلا احیای برجام را در مقابل رشد بازار قرار داده است و بازار که به رشدهای تورمی عادت کرده است مزایای بیشمار رفع تحریم ها را نمی بیند.  باید توجه داشت که رشد نرخ ارز در سامانه نیما از مهم ترین تحولات مثبت برای بازار است، هرچند بازار سهام همچنان نسبت این تغییرات واکنش خاصی ندارد و به نظر می رسد تا پا برجا ماندن ابهامات کلی شاهد واکنش پرحجم سرمایه گذاران به این موضوع نخواهیم بود. 
به صورت عمومی همچنان نمیتوان روندی مثبت و پرحجم را برای بازار در نظر داشت و به نظر می رسد مواردی همچون تحرکات بازارهای جهانی، اخبار بودجه، گزارش های عملکردی 9 ماهه و تحولات سیاسی حول مذاکرات مهم ترین محرک های بازار فرورفته در رکود عمیق می باشد. /کارگزاری آبان"
834,348127,"['خرید', 'فروش', 'قیمت']","با سلام
مراقب باشید مثل بنده در دام خودروساز نیوفتید
اسم این کاری که این 2 خودرو ساز میکنند (((دزدی))) نیست شما واژه بهتری دارید بفرمایید!
هفته پیش بعد از 3 سال شرکت در ثبت نام قرعه کشی خودرو شاهین برنده شدم و از شرکت پیام تبریک و مژده برنده شدن قرعه کشی اومد. مهلت کوتاهی دادند مبلغ 172میلیون حدودا واریز کردم گفتند 7- 8 ماه دیگه حدودا خودرو تحویل میدیم یعنی 6ماه بعد دعوتنامه میاد!!!
بعد از واریز وجه و انعقاد قرارداد پرسیدم قیمت رسمی کارخونه سایپا چنده؟؟ گفتند 344 میلیون حدودا!!!! یعنی 172 تا 344 همه مابه التفاوت زمان دعوتنامه 172 دیگر  را باید واریز کنی! سود هم تعلق نمیگیره! گفتند افزایش قیمت هم بده باید باز بیشتر واریز کنید!
بعد قیمت گرفتم دیدم قیمت بیرون 330 میلیون شاهینG صفر خرید و فروش شده و میشه!!!
پول بنده 7 ماه بلوکه و گروگانگیری میشه بعد از 7 ماه خودرو شاهین را 14 میلیون بیش از قیمت بازار یعنی قیمت فعلی کارخونه میفروشند.
همون لحظه گفتم میخوام انصراف بدم پولم را پس بدید گفتند بعد از انصراف لااقل 2ماه پول را گروگان میگیریم و پس نمیدیم و بدون سود احتمالا بعد از عید پس بدند.
این روزها برنده شدن در قرعه کشی سایپا و خودرو سازها مثل خالی کردن صف خرید سهمشون روی 800 تومن میمونه
مراقب باشید مثل بنده مالباخته و فریب خورده این خودرو ساز نشید و این پیام نشر بدید"
835,348179,['فروش'],بازار که روز گذشته را با اقابل به گروه های اصطلاحا برجامی سپری کرد با انتشار اخبار بیشتر و مثبت از مذاکرات، امروز دیگر در همان گروه ها نیز خریدار نیست و شاهد فشار فروش یکپارچه در بازار هستیم.
836,348194,['حمایت'],بعد از همینا انتظار حمایت داریم😳
837,348239,['ضرر'],"خدایی خیلی ضرر کردمممممم
پس چیشد میگفتن سکه و ارز و دلار جایه سرمایه‌گذاری نیست بورس جایه سرمایه‌گذاری هست الان طلا و دلار و زمین وضعیتشون چجوریه بورس خاک توو سر چجوری خدایی آقایه رئیسی پس گفته بودی به افراد معلول یا ناتوان رسیدگی میکنم یا بورس را درست میکنم اینا همش دروغ بود؟؟؟؟؟؟😔😔😔😔😔😔😔😔😔😔"
838,348271,['ضرر'],ببینین بلاخره یه روز قطعا ضرر شما جبران میشه توی همین بورس،چون سقفهای قیمتی همه یه روز شکسته میشن، ولی ممکنه ده ساله دیگه یا دو سال دیگه باشه ، زمانش مشخص نیست ، دیگه شما باید تصمیم بگیری ک بفروشی ببری پولو بیرون یا نگه داری برای سالهای آینده
839,348309,['قیمت'],رئیسی چه غلطی میتونه بکنه وقتی دولت قبل غارت کرد و رفت. رئیسی بتونه تا رفع تحریم ها قیمت مایحتاج را کنترل کنه هنر کرده. اگر تحریم هم براشته نشه اوضاع بدتر میشه
840,348319,['حمایت'],"خدا لعنت کنه روحانی رو گروه بورسیه عوض تحلیل همه شدن سياستمدار  
خب تقصیری هم نداریم 
دقیقا چی رو تحلیل کنیم فقط حمایت ها رو با هم مرور کنیم و بگیم حمایت از دست رفت ،حمایت بعدی چیه
تحلیل فقط این مدلی جواب میده بورس لعنتی ایران😒"
841,348345,"['ضرر', 'فروش', 'قیمت']","سرنوشت دلار و تورم و بازارهای سرمایه‌گذاری بعد از توافق
هیچ خبری بهتر از توافق برای بورس وجود ندارد

✅ بر اساس گمانه زنی‌ها به سمت یک توافق هرچند موقت و مرحله‌ای بین ایران و غرب نزدیک می‌شویم که می‌تواند بازارهای مالی را دچار نوسان کند. 

اما واکنش بازارهای مالی چه خواهد بود؟

✅ دلار: در شرایط فعلی به هیچ وجه منتظر دلار ارزان نباشید. اگرچه دلار ۳۰ هزار تومانی صنایع را به رکود عمیق فروبرد اما با در نظر گرفتن تورم,  نرخ دلار ۲۵ هزار تومانی که مورد توافق اکثر صنایع و حتی بانک مرکزی هم هست احتمالا به عنوان مبنای ارز تک نرخی قرار بگیرد و در صورت‌های مالی شرکت‌ها خودش را نشان بدهد.  ممکن است بعد از اعلام توافق به صورت هیجانی شاهد کاهش چند روزه‌ی دلار باشیم  اما این کاهش‌ها به زیر محدوده‌ی ۲۳-۲۶ هزار تومان چندان پایدار نخواهد بود و احتمالا دلار حوالی ۲۵ هزار تومان به ثبات نسبی خواهد رسید.

✅کاهش نرخ دلار خبر خوبی برای دولت نیست زیرا درامدهای  دولت را کاهش می‌دهد و باعث هزینه‌کرد بیشتر دلار برای پرداخت بدهی های ریالی خصوصا بدهی مربوط به هزینه‌های بهره‌ی اوراق و ... می‌شود که به صورت  ریالی پرداخت می‌شود. هزینه های جاری ریالی را هم در این شرایط کسری بودجه سال اینده (حوالی ۵۰۰ هزار میلیارد تومان) در نظر بگیرید. بنابراین کاهش قیمت دلار مطلوب دولت نیست.

✅ صنایع کشور خصوصا صنایع وارداتی هم از کاهش بیشتر دلار به کمتر از ۲۵ هزار تومان متضرر می‌شوند و عملا صادرات متوقف خواهد شد و قدرت رقابتی صنایع از بین خواهد رفت. در این صورت بار دیگر مانند اواخر دهه ۸۰ شمسی شاهد واردات گسترده و بی رویه کلیه اقلام مصرفی کشور و مونتاژ کاری صنایع خواهیم بود که باز هم به ضرر تولید داخلی است.

✅ بر خلاف تصور عموم،  کاهش نرخ دلار تاثیری هم بر زندگی مردم نخواهد داشت. عمده اقلام و دارایی‌ها در حال حاضر با دلار ۳۰ و حتی ۴۰ هزار تومانی قیمت گذاری شده اند و افت قیمت دلار تاثیری در ارزان شدن این اقلام نخواهد داشت. در کشور ما پدیده ای به نام چسبندگی قیمت وجود دارد و قیمت کالاها معمولا پایین نمی‌آید و  ارزان نمی‌شود حتی اگر دلار کاهش بیابد. دفعه‌ی قبل هم که دلار از ۱۹ هزار تومان تا ۱۰ هزار تومان کاهش یافت چیزی در این کشور ارزان نشد. دولت هم می‌داند که حالا که این سطح قیمت‌ها بوجود امده است برای حفظ صادرات و مزیت رقابتی صنایع بهتر است دلار کاهش چشمگیری نداشته باشد چون این کاهش منافعی برای کشور و صنایع ندارد.

✅ با کاهش بیشتر دلار شاهد خروج گسترده‌ی ارز از کشور خواهیم بود خصوصا به سمت ترکیه که  نرخ برابری  ارز خود را پایین نگه داشته است. حتی با دلار ۳۰ هزار تومانی هم خروج شدید پول از کشور را شاهد هستیم حالا اگر دلار کاهش یابد این خروج پول به شکل بی سابقه‌ای افزایش خواهد یافت و مقصد اول این پول‌ها هم کشور ترکیه خواهد بود.

✅  در خصوص تورم هم با توجه به ساختار اقتصاد کشور بعید است دولت آقای رییسی تا پایان ۴ سال اول دولت خود بتواند نرخ تورم ۴۰-۵۰ درصدی را به کمتر از ۲۰ درصد برساند و احتمالا در بهترین حالت تورم  بین ۲۰-۲۵ درصد باقی خواهد ماند.

توجه داشته باشید که دلار در سال ۱۴۰۲ به اندازه‌ی تورم نسبت به قیمت  سال ۱۴۰۱ رشد خواهد کرد و موضوع دلار حوالی ۲۵ هزار تومانی برای سال اینده است.

✅ بورس
به نظر من هیچ خبری بهتر از توافق برای بورس وجود ندارد.
نرخ دلار ۲۵ هزار تومانی شرکت‌های بورسی نسبت به نرخ ۹ ماه اول سال بالاتر است و شرکت‌ها گزارشات خوبی راهی کدال خواهند کرد.

دقت کنید که با کاهش فشار تحریم‌ها امکان افزایش تناژ صادرات برای شرکت‌ها فراهم خواهد شد که صنایع فلزی و پتروشیمی و سایر شرکت‌های صادرات محور  را متاثر خواهد کرد. این شرکت‌ها تحت فشار زیادی هستند.
صنایع بانک وخودرو هم مستقیما به خبر توافق واکنش مثبت نشان خواهند داد که می‌تواند روند فرسایشی این گروه‌‌ها را به اتمام برساند.
دولت هم اصطلاحا دست و بالَش بازتر خواهد شد. ورود پول نفت می‌تواند فشار دولت بر بازار سرمایه و فروش اوراق را کاهش دهد. در مجموع برای بورس دولت پولدار بهتر از دولت بی پول است. تزریق نقدینگی بهتری برای بازار صورت می‌گیرد. بدهی دولت به تامین اجتماعی و بانک‌ها و صندوق‌های بازنشستگی پرداخت می‌شود و این نهادها فشار فروش کمتری برای تامین نقدینگی در بورس به سهامشان وارد می‌کنند. 
احتمالا با حذف ارز ۴۲۰۰ هم سایر صنایعی بورسی نظیر قند و شکر  و دارو غذایی هم واکنش مثبت نشان می‌دهند. 

به نظر من خبر توافق می‌تواند پتانسیل‌های زیادی برای بورس آزاد کند خصوصا که اگر  دلار در منطقه‌ی ۲۵ هزار تومانی تک نرخی شود شاهد حفظ سوداوری شرکت‌ها خواهیم بود. نکته‌ی مهم دیگر هم افزایش p.e عمومی بازار بعد از توافق و بهبود و نوسازی صنایع بورسی است که جداگانه در خصوص انها صحبت خواهم کرد."
842,348355,"['حمایت', 'فروش']","✍🏻بورس تهران دومین روز از هفته جاری را با فشار ملایم عرضه آغاز کرد. با گذر از یک ساعت نخست معاملات، با افزایش عرضه‌ها در صنایع و نماد‌های مورد توجه، رفته‌رفته فشار فروش بر کلیت بازار مستولی گشت و در نهایت کلیه شاخص‌ها سرخ‌پوش شدند. در نتیجه این رویداد نماگر بازار با عبور از اولین حمایت پیش‌ خود راهی سطح یک میلیون 330 هزار واحدی شد. اما نکته قابل توجه در این بازار افزایش ارزش معاملات است که اندکی بهبود یافته اما تراز ورود پول حقیقی‌ها همچنان منفی است.

👈🏻از شرایط کلی بازار که بگذریم، واقعا دلیل منفی‌ بودن این روز‌های بازار مشخص نیست، اما گمانه‌زنی‌ها انگشت اتهام فعالان بازار را به سمت کاهش نرخ دلار در نتیجه حصول توافق اولیه در وین و البته بی‌تفاوتی نگاه دولتمردان به بازار سرمایه برده است. به لحاظ زمانی نیز بنظر می‌رسد بازار در هفته آخر دی ماه شرایط بهتری نسبت به برهه فعلی تجربه کند.

📊برای امروز هم وضعیت بازار در نیمه نخست معاملات نمی‌تواند بهتر از روز گذشته باشد. اما با توجه به نزدیک شدن شاخص به دومین سطح حمایتی خود، انتظار می‌رود شاهد معاملات روان‌تری در نیمه دوم بازار باشیم."
843,348356,['فروش'],"📈ترس کاذب بورس از دلار

روزنامه دنیای اقتصاد نوشت:

🔹تجربیات گذشته و نرخ‌های دلاری ثبت شده در بازارهای مختلف نشان می‌دهد که حتی در صورت احیای برجام سهامداران نباید نگران کاهش سودآوری شرکت‌های بورسی باشند. از یک طرف همان‌طور که اشاره شد نرخ ارزی که مبنای محاسبات فروش و سود شرکت‌های بزرگ صادراتی است، نرخ ارز در بازار نقدی نیست بلکه نرخ ارز بازار حواله است. 

🔹نرخی که بستر معاملاتی آن «سامانه نیما» است و در ماه‌‌‌های اخیر با وجود نوسان، در کانال ۲۴‌هزار تومان باقی مانده است. در این میان در بودجه سال آینده نیز نرخ دلار ۲۳‌هزار تومان در نظر گرفته شده است. از این رو فعالان اقتصادی معتقدند این دو نرخ، کفی قدرتمند بر سر راه ریزش دلار آزاد ایجاد کرده‌‌‌اند و احتمال نزول به سطوح پایین‌‌‌تر کمرنگ است و در صورت کاهش نرخ‌ها تا این سطوح نیز خطری متوجه سودآوری شرکت‌های بورسی نیست. 

🔹در عین حال حرکت نرخ ارز نیمایی به سمت نرخ بازار آزاد حاشیه سود شرکت‌ها را افزایش خواهد داد و بازار سرمایه را برای سرمایه‌گذاری بسیار جذاب خواهد کرد. از این رو شاید بتوان بخشی از این نگرانی را غیرمنطقی قلمداد کرد. هر چند درجه ناامیدی در بازار سهام به قدری بالا رفته که هر خبر و رویداد منفی، واکنش جدی سهامداران را به دنبال دارد."
844,348362,"['هدف', 'قیمت']","ایران و آمریک به توافق ۲ ساله اتمی رسیدند

روزنامه «رأی الیوم» در خبری اختصاصی ، از توافق در مذاکرات وین خبر داد .
 پیش از آن ، کاهش سریع قیمت دلار در بازار ایران از این خبر رونمائی کرده بود.
 دلار ، یکشنبه در صرافی های تهران تا ۲۶ تومان پائین آمد و پیش بینی میشود دوشنبه بیش از این پائین بیاید .

*رای الیوم* نوشت :
 آخرین موانع  بر راه مذاکرات ، برداشته شده و مذاکره به توافقی موقت و ۲ ساله تا پایان مرحله آزمایش و اعتمادسازی رسیده .

 بموجب این توافق ، آمریکا تمامی تحریم‌های وضع شده در دوران ترامپ را لغو می کند .
 سفر معاون وزیر خارجه کره جنوبی به تهران با هدف آزاد شدن پولهای بلوکه شده ایران ( ۷ میلیارد دلار ) با توافق و اشاره آمریکا و با هدف نشان دادن حسن نیت در مذاکرات وین انجام شد .
 
بموجب توافق بدست آمده ، ایران ذخیره ۶۰ درصدی اورانیوم غنی ‌شده و سانتریفیوژهای جدید خود را که پس از خروج ترامپ از برجام بدست آورده و فعال کرده را حفظ خواهد کرد .
  این ذخائر به روسیه منتقل و حفظ خواهد شد .
 در این توافق قید شده که در صورت خروج دوباره آمریکا از برجام ، این ذخائر به ایران باز گرداندن شده و ایران فعالیت اتمی خود را از همان نقطه ای که متوقف کرده ، بار دیگر ادامه خواهد داد .
همزمان با روزنامه ""رای الیوم"" در اسرائیل نیز اعلام شد که  ایران و آمریکا به توافقی ۲ ساله دست یافته‌اند و بموجب این توافق ، تحریم‌های دوره ترامپ علیه ایران لغو خواهد شد"
845,348370,['ضرر'],نموده شدیم والا همش ضرر منفی ،کف  کردیم به والله
846,348385,['قیمت'],سلام دوستان کسی که یک برگ سهم شتران یا شپنا رو یاتلیسه رو به من و شما با قیمت نجومی فروخته محال بیاد بااین قیمت بیاد بخره   دنبال تحلیل هم نباشید این یک مهندسی شده بود که متاسفانه  همه سهامداران خرد به دام افتادن  خدا ازشون نگذره
847,348429,['حمایت'],طرح دولت برای حمایت از بورس در بودجه ۱۴۰۱
848,348430,['حمایت'],کاش اینها حمایت نمی کردند
849,348431,['حمایت'],خوب ملت رو سر کار گذاشتین😁این بیشتر دنبال حفظ پست خودش هست ، تا بازار بورس ، ،😁این فیلم ها چیه اگه واقعا سهام ها ارزشمند هستند حمایت برا چی ؟ دولت ، بزور سهام قرضه نفروشه به حقوقی ها خودش درست میشه ، در تعجبم چطور  دولتی که خودش پشت ریزش بورس هست میاد میگه می‌خوام حمایت کنم از بورس😂😂😂😂😂😂 بابا دستت رو از جیب مردم در بیار نمی‌خواد حمایت روانی کنی ، از یک طرف سود بانکی رو می‌بری بالا ملت پولشون رو ببرن بانک بعد همون پولها رو از بانک قرض میگیری ، جیب ملت رو تو بورس میزنی قرضات رو بدی ، 😂 حمایت یک واژه نامأنوس که از دهن شما در میاد
850,348432,['ضرر'],باز شروع کرد به شعار دادن .آقا جنابعالی اینکاره نیستی. خواهشا بیشتر از این به ضرر سهامداران راصی نشو، ما به اندازه کافی حرف شنیدیم، عمل مهم است که متاسفانه هیچ اقدام عملی مثبت از شما ندیدیم.
851,348444,['قیمت'],"حالاماکه دهنمون سرویس شده حالا یه سال دیگه روش ولی لااقل رانت خوارای بی شرف دستشون از این پول مفت کوتاه میشه بماند اینکه ۴۲۰۰ فقط سودش به این دزدی بیشرف میرسه وگرنه ما که همه چیز و داریم به قیمت دلار ۴۰ تومنی می‌خریم 
البته به جز حقوق و دستمزد"
852,348447,['حمایت'],جیب ما رو نزنید حمایت پیشکش
853,348461,['قیمت'],"خب دوستان مرتب فحش میدن به این دولت،،،  هر روز یه آمپول باید برا خانواده میگرفتم ماهانه میشد ۲ میلیون فقط آمپولا قیمت گرونش یه طرف استرس اینکه هرجا میرفتم میگفتن نیست الان ۳ ماهه براحتی تهیه میکنم برای من این به اندازه دنیا ارزش داره 
قطعا به قول شما اقتصاد ایران داغونه و  تو ۴ ماه یا ۵ درست نمیشه ولی خب انصاف رو هم نمیشه کنار بزاریم ...
در ضمن خودمن ۵۰ درصد از سرمایه ۵ سالم تو بورس رفته....."
854,348463,['فروش'],"دقیقا باور کنید اگه قرار باشه همش فحش بدیم براخودمون یه پا سیاستمدارو اقتصاددان بشیم بدور از انصاف و واقعیت و تحت تاثیر رسانه ها قضاوت کنیم چش باز میکنیم بعد ۴ سال باز جماعت قبلی که گند زدن به کشور دوباره با وعده و فریب میان و خدارحم کنه اینبار 
خدا کنه ۳ سال دیگه وضعیت طوری بشه که امید و اعتماد جای این نا امیدی ها رو گرفته باشه تا باز دوباره یه مشت غربگدای وطن فروش بر گرده مردم سوار نشن."
855,348467,['ضرر'],متاسفانه بعضی از این گروهها کانالها نیز این دو ساله برای هر کاهش قیمتی یک دلیل نا متعارف می آورند ومی گویند این کاهش منطقی می باشد وجزء فراز ونشیب بورس است بعضی از سهام تا ۸۵در صد نیز کاهش داشتند مگر می رسد به جایگاه اولش سود پیش کش از ضرر در بیاییم امکان ندارد
856,348470,['قیمت'],اقتصادمون دزد پروره،حالا دلار ۴۲۰۰ باشه یا سی تومن فرقی نداره،باز بهونه گرون کردنش رو پیدا میکنن،همین الان قیمت خودرو شب قبلش رییسی گفت گرون نشه به یک روز نکشید
857,348477,"['فروش', 'قیمت']","✍🏻بورس تهران چهارمین روز هفته جاری را با برتری نسبی طرف تقاضا آغاز کرد. به طوری که نماگر بازار در یک ساعت ابتدایی معاملات با رشد بیش از 5 هزار واحدی همراه شد. اما طبق معمول با افزایش عرضه‌ها در نماد‌ها و صنایع مورد توجه و به طبع آن افزایش فشار فروش در کلیت بازار، خریداران یک قدم عقب‌نشینی کردند. در نتیجه شاخص نیز بیش از نیمی از رشد خود را پس گرفت. در نهایت این رویداد، شاخص با افزایش نه چندان جالب حدود 2 هزار واحدی در رقم یک میلیون 334 هزار واحدی به کار خود پایان داد. شاخص هم‌وزن اما عملکرد بهتری را به ثبت رساند و با افزایش 0.37 درصدی همراه شد.

📑بازار در شرایطی کماکان به روی روند فرسایشی و نوسانی خود تاکید دارد که اکثر تحلیلگران قیمت‌ها را برای سرمایه‌گذاری ارزنده می‌دانند و این در حالی است که بیشتر نماد‌ها به ارزش دلاری ابتدای دهه 90 بازگشته‌اند. اما مشکل کجاست؟ به نظر ابهامات و ترس پیرامون رفتار و سیاست‌های دولت و دولتمردان در کنار هراس از افت قیمت دلار در بازار آزاد مانع ورود پول‌های قدرتمند شده است. از بازی‌های سیاسی دولتمردان که بگذریم و کمی به رفتار هفته‌های اخیر نگاه کنیم متوجه خواهیم شد که بازار در نقطه خاصی قرار گرفته و با ایجاد جرقه‌ای می‌تواند شرایط بهتری را تجربه کند. شاید طی روز‌های آتی رسیدن گزارش‌های میان‌دوره‌ای و ماهانه تا حدودی فضای تاریک و غبارآلود سهامداران را روشن کند."
858,348478,['خرید'],گروه زراعت یکپارچه سبزپوش / نمادهای مرتبط با حذف ارز 4200 تومانی گروه به صف خرید نشستند
859,348487,['ضرر'],"دلار نیمایی ۲۵

نفت ۸۴دلار

اینجا ایران

نماد پالایش ۳۰درصد ضرر تو پاچه ی مردم"
860,348489,['ضرر'],الان اینو به وزیر اقتصاد بگید ، میگه که ما اقداماتی کردیم که مردم فقط 30 درصد در ضرر باشند
861,348497,"['خرید', 'فروش']",اموزش خرید فروش نمودار اینا هست؟
862,348558,['خرید'],"سلام دوستان شبتون بخیر 
یه سوال داشتم شستا 10/29باز میشه باقیمت خیلی پایین حدودا فکر کنم 100تومان به نظرتون برای خرید خوبه ممنون میشم راهنمایی کنید اینجا یاپی وی بنده"
863,348621,"['خرید', 'فروش']","نقش گروه ها رو نباید در این میان نادیده گرفت 
واقعا اگر نمی توانید شاخص را پيش بيني کنید چرا برای سهامداران سيگنال خرید معرفی می‌کنید 

چرا امروز باید خودرو با این حجم بالا صف فروش می‌شد
در حالیکه اوایل هفته قبل توصیه به خرید می شد 

یه مدت خرید سهام را تحریم کنید تا ببینیم کجای کار هستیم"
864,348644,['قیمت'],"‌شاخص کل TEDPIX

در بورس تهران ‌‌شاخص بازدهی یا همان شاخص قیمت و بازده نقدی با نام TEDPIX نیز شناخته می‌شود. این ‌شاخص همان شاخصی است که همیشه در اخبار و رسانه‌ها از آن به عنوان ‌شاخص بورس تهران یاد می‌شود. شاخص کل در بین فعالان بازار و سرمایه‌گذاران یکی از پرکاربردترین شاخص‌هاست. این ‌شاخص بیانگر سطح عمومی قیمت و سود سهام شرکت‌های پذیرفته شده در بورس است. به عبارت دیگر تغییرات ‌شاخص کل بیانگر میانگین بازدهی سرمایه‌گذاران در بورس است. برای درک ساده‌تر مفهوم ‌شاخص کل، فرض کنید که شما از تمام شرکت‌های بورسی متناسب با وزن آن‌ها در ‌شاخص کل بورس سهام خریداری کنید. در این صورت، تغییرات شاخص کل بورس برابر با میزان بازدهی سبد سهام شما خواهد بود. در واقع ‌‌شاخص کل تغییرات قیمت سهام و سودهای سالیانه‌ای را که شرکت‌ها به شما پرداخت می‌کنند را محاسبه می‌کند.

نکته‌ای که هنگام بررسی شاخص باید به آن بیشتر توجه کنیم، میزان تغییرات ‌‌شاخص کل است. مثلا اگر شاخص کل بورس در طی یک سال از عدد ۸۰ هزار به ۱۲۰ هزار واحد برسد، نشان‌دهنده این است که میانگین بازدهی بورس طی یکسال اخیر برابر با ۵۰ درصد بوده است. در این شرایط، چنانچه شما سبدی از سهام تمام شرکت‌های بورسی متناسب با وزن آن‌ها در ‌شاخص کل بورس داشته باشید، ۵۰ درصد بازدهی کسب کرده‌اید. این موضوع به هیچ وجه بدین معنانیست که همه سرمایه گذاران ۵۰ درصد سود کرده‌اند.

طبق فرمول محاسبه ‌شاخص کل، هر چه شرکت‌ها بزرگتر باشند و سرمایه بیشتری داشته باشند، تاثیر بیشتری بر روی شاخص کل خواهند داشت. به‌عنوان مثال تاثیرگذاری تغییرات قیمت شرکت‌‌های بزرگی مانند صنایع پتروشيمی خليج فارس یا فولاد مبارکه خیلی بیشتر از تاثیرگذاری شرکت‌های کوچکی مانند سیمان خاش یا قند هکمتان بر شاخص کل است."
865,348647,['ضرر'],ما هر روز داریم در کل سبدمون 5 درصد ضرر میکنیم و شاخص کمتر از چند صدم درصد منفی میشه اونم شاید ...
866,348655,['قیمت'],"سلام 
ببخشید یه سوال 
من تعداد ۲۷۰۰۰۰ سهم بانک بصادر  دارم 
قیمت سربه سر من ۲۴۹۵ ریال هست  ولی الان ۲۳ درصد ضررم  یعنی ۱۶ میلیون
چقدر دیگه بخرم که سر به سر شوم ممنون
اگه فرمول هم داره لطفا بیان کنید"
867,348660,"['سیگنال', 'قیمت']",اسفند ۹۸ شاخص حدود ۵۰۰ هزار بود میتونید سیگنال را از گوگل پلی دانلود کنید انجا نمودار و قیمت تمام سهام را از اسفند ۹۸ تا حالا مقایسه کنید
868,348697,"['حمایت', 'ضرر']","وعده حمایت دولت از بورس بر اساس بودجه 1401

📌علیزاده، عضو ناظر مجلس در شورای عالی بورس :

🔹دولت سیزدهم رویکردی اساسی را برای حمایت از بازار سرمایه در لایحه بودجه ١۴٠١ آورده است که این مسایل در کنار یکدیگر می‌توانند کمک‌کننده برای ایجاد ثبات در روند معاملات بازار سهام باشد.

🔹دولت در صدد است تا از طریق  تصمیمات مثبت اتخاذ شده و نیز برنامه‌ریزی‌های انجام شده، زمینه کاهش ضرر و زیان سهامداران در بازار سهام را فراهم کند.

🔹روند فعلی معاملات بورس عادی است و سهامداران باید کمک کنند تا زمینه بازگشت و شکل‌گیری اعتماد لازم به بازار فراهم شود.|ایرنا

پ ن : آخرش هم انداختن گردن ما ، ما باید کمک کنیم که اعتماد برگرده 😁😁😂😂😂"
869,348705,['ضرر'],"ما اعتماد نداشتیم که تا حالا رفته بودیم از بورس ،
عیب نداره ۲ سال هم باز به خاطر شما ضرر میکنیم نمیریم تا شما از ما راضی باشید!😂"
870,348724,['قیمت'],"اگر سهم داری، نفروش

اگر سهم نداری، نخر! مگر دیدگاهت سرمایه‌گذاری باشد؛ در اینصورت از منفی ها بخر و برو پی زندگیت، شاید این روزها فحش دهید اما روزی دعاگوی ما خواهید بود

ریزش سنگین نداریم؛ اصلاح زمانی داریم دوتا منفی دوتا مثبت. بیشتر رو اعصاب سهامدار تمرکز کرده اند تا همه را فروشنده کنند! مبادا خسته شوید.

بازار شاید این روزها به حرف های ما بی تفاوت باشد 
یک سال دیگر قیمت امروز سهام را با قیمت بازارهای موازی مقایسه خواهیم کرد👌"
871,348727,['کف'],"عجالتا چهار سال صبر کنید تا انشاالله نزدیک انتخابات فرج میشه👌
فعلا داره کف سازی میکنه😄"
872,348736,['خرید'],سلام لطفا کسی در مورد خرید طلای دست دوم الان اطلاع داره خوب هست یا نه؟
873,348738,['اهرم'],"زمانی که قطعنامه۵۹۸ بسته شد دلار از ۳۰۰ تومن اومد زیر ۶۰ تومن خیلی از دلال های ارز و سکه ، سکته کردن ...
خب رئیسی که نشون داده باج نمیده ، اونا هم تحریم اهرم فشارشونه،
..."
874,348767,['حمایت'],"بنویس تصمیم دولت برای حمایت از پالایش و پالایشیا

بخون تصمیم دولت برای خاکستر کردن پول مردم"
875,348771,['ضرر'],یعنی اونایی که آموزش دیدن هیچ کدوم ضرر نکردن وقتی اوردر ایی یکی یکی میزارن تخلف میکنن یا بدون خبر نماد رو میبندن با 40 درصد منفی باز میکنن بازم مربوط به آموزشه 🤔
876,348772,['ضرر'],گنده‌هاش ضرر کردن
877,348774,['خرید'],از بورس خارج شوید فکر نوسان هم نباشید هر وقت شاخص ۱۵۰۰ به بالا را شکست خرید کنید وسلام
878,348945,['ضرر'],بعد ی سود حتی تا ۱۲۰۰ درصدی و سیو سود ی ضرر ۷۰ یا ۸۰ درصدی زیادی به چشم نمیاد .
879,348948,['ضرر'],اگر شما ۵۰ میلیون تومان سهم ایکس داشتید و ۱۰۰ درصد سود کردید شد ۱۰۰ میلیون و فروختید بعد سهم دیگری را با اون صد تومنتون خریدید ، الان ۶۰ درصد در ضرر باشید پولتون شده ۴۰ میل ....
880,348949,['ضرر'],صد درصد سود اولی بوده ولی با ۶۰ درصد ضرر اصل پول هم رفت...
881,348954,['فروش'],یعنی این کار ۹ماه  انجام میشه شنبه تا سه شنبه  منفی چارشنبه صف های فروش جمع میشه دوباره  شنبه روز از نو روزی از نو          خدا از سرتون نگذره که سرمایه مردم نابود کردین
882,348957,['خرید'],"با توافق با چین و روسیه
خرید نفت از ایران به جای آن وارد کردن قطعات خودرو و وارد کردن خودرو از این دو کشور و رقابت در بازار خودرو 
و این یعنی کاهش شدید خودرو ببین کی گفتم 
ان شاءالله"
883,349028,['حمایت'],"ولی امر مسلمین جهان چرا ساکته و از سهامدار ها حمایت نمیکنه؟
مگه خودش نگفت در بورس سرمایه گذاری کنید"
884,349046,['قیمت'],گزارش آبانماه داده تو کدال که آپارتمان فروخته متری ۹و نیم ...خودش گویاست فیلم ...در واقعیت ظاهرا قیمت خیلی بالاتر هست ...وبیمه هم اینکار کرده....کسعدی هم زمین کارخانه اطراف شهری ری رو متری ۲۵۰ هزار تومان زده بود پارسال ....زیاده از این فسادها
885,349047,['حمایت'],"از چی داری حمایت میکنی؟!

اونایی که رفتن درس حوزوی خوندن و هر روز منبر میرن خراب کردن با کارهاشون نشون دادن که اعتقادی به اسلام ندارن 

از قدیم گفتن پیش نماز که ..."
886,349076,['ضرر'],تا زمانیکه در این مملکت زمین و مسکن از مالیات معاف باشد  و بهترین محل  پولشوئی  و اختفای ثروت بدون هزینه باشد و در مقابل از ضرر سهامداران مالیات بگیرند تولید و سرمایه‌گذاری در بورس عبث  است
887,349093,['حمایت'],من روی 48 آخرین بار بررسی کردم که نظرم این بود که به سمت 32-33 باید بیادش البته 37 هم یه حمایت داره
888,349103,['مقاومت'],که دقیقا از مقاومت های ترسیمی برگشت کرد
889,349104,['مقاومت'],به شرط اینکه بالای 1843 نره ( تا موج 1 از 5 از C تموم شه ) مجدد آپدیتش خواهم کرد - اگه روی مقاومت هایی که ترسیم کردم سل زده باشید ( رو پایین ترینش که 1846 هم بوده ) الان بیش از 14 دلار در سود هستید بهترین روش اینه که استاپ تریل بفرمایید
890,349114,['ضرر'],سلام استاد نوری وشاراک دارم تازه ۱۴ درصد ضرر کردم صلاحه بفروشم بیشتر نرم تو ضرر
891,349121,"['خرید', 'قیمت']",سلام لطفا نظرتون در مورد خرید طلا و قیمت مناسب برای خرید را بفرمایید . ممنونم
892,349128,['ضرر'],اه و نفرین این مردم ضرر دیده یقه زن و بچه خیلی از مسئولین و حرام خورها را خواهد گرفت
893,349189,['قیمت'],"جهت آگاهی شما از کتابی به نام «پشت پرده ریاکاری» موضوعی رو نقل میکنم مطالعه کنید :

 «قفل» برای این روی در قرار داده شده که آدم درستکار را درستکار نگه دارد. 
یک درصد از مردم ریاکار و دزد هستند، اینها به‌دنبال بازکردن قفل‌ها و دستبرد به خانه‌ها هستند و یک درصد از مردم نیز همیشه درستکار هستند و تحت هیچ شرایطی ریاکاری نمی‌کنند. 
باقی 98 درصد مردم تا زمانی درستکارند که همه چیز درست باشد. اکثر اگر شرایط به نحوی رقم بخورد که آنها به حد کافی وسوسه شوند ممکن است دست به خطا بزنند. 

 قفل‌ها برای جلوگیری از نفوذ دزدان  نصب نمی‌شود،دزدها بلد هستند که چگونه قفل‌ها را باز کنند، قفل‌ها برای حفاظت از مردم نسبتاً درستکار هستند تا  وسوسه نشوند و درستکار باقی بمانند.

در واقع  تمام آدم‌ها پتانسیل کج‌روی را دارند اما قیمت هر کسی با دیگری فرق دارد و آستانه وسوسه هر کسی با دیگر تفاوت دارد. 


_ نویسنده در کتاب «پشت پرده ریاکاری» آزمایش جالبی انجام داده است. 
او در یک رستوران به عده‌ای از مشتریان چند سؤال می‌دهد تا آنها در ازای گرفتن 5 دلار به این سؤالات پاسخ دهند، اما هنگام دادن پول به جای 5 دلار 9 دلار می‌دهد و به گونه‌ای تظاهر می‌کند حواسش نیست و اشتباهاً 9 دلار داده است. برخی ازمشتریان صادقانه 4 دلار اضافه را برمی گردانند اما عده‌ای هم به روی خود نیاورده و 9 دلار را در جیب می‌گذارند و رستوران را ترک می‌کنند.

_در آزمایش دیگری همین کار تکرار می‌شود با این تفاوت که نویسنده در هنگام گفت‌و‌گو با مشتریان، تلفن همراهش زنگ می‌خورد و چند دقیقه‌ای با تلفن صحبت می‌کند و در انتها از مشتری برای اینکه وسط گفت‌و‌گو با آنها، به تلفن همراهش جواب داده عذرخواهی نمی‌کند ونوعی بی احترامی میکند . در این آزمایش تعداد کسانی که 4 دلار اضافه را برمی‌گردانند کمتر از آزمایش اول است.

 وقتی مشتریان احساس می‌کنند نویسنده وقت آنها را بدون عذرخواهی گرفته، درصدد انتقام بر آمده و پول بیشتری که اشتباهاً نویسنده به آنها داده را باز نمی‌گردانند. 

_این آزمایش حاوی نکته جالبی است که می‌توان از آن برای توجیه اینکه چرا در بعضی مناطق جهان آمار بالایی از ریاکاری و دزدی وجود دارد، استفاده کرد.

 🔴مردم زمانی که حس می‌کنند به آنها از سوی حکومت ظلم می‌شود یا حق آنها در جایی خورده می‌شود، هرجا که دستشان برسد سعی خواهند کرد تا با ریاکاری و دزدی این حق خورده شده را جبران کنند

در واقع این سطح از دزدی و ریاکاری در همه جوامع به نوع تعامل حکومت‌ها با مردم بازمی‌گردد. 
 رفتار دولت‌ها بشدت روی شکل‌گیری اخلاق در جامعه تأثیرگذار بوده و به‌سادگی می‌تواند مرزهای اخلاق را جابه‌جا کند. 

 قانونگذار باید در وضع قوانین، قوه مجریه در اجرا و سیستم قضایی در قضاوت، منافع لایه‌ها و طبقات اجتماعی مختلف را مورد نظر قرار دهد تا احساس مورد ظلم واقع شدن در میان هیچ کدام از اقشار جامعه احساس نشود
با این کار اخلاق‌مداری در جامعه پررنگ می‌شود
اما در صورتی که الگوهای رفتاری حاکمیت به شکلی باشد که مردم احساس ظلم کنند، مردم خود را محق به نادیده گرفتن هنجارهای اخلاقی خواهند دانست و ریاکاری در جامعه پررنگ شده و بعد از یک دوره زمانی از اخلاق تنها نامی باقی می‌ماند"
894,349278,['قیمت'],ما در بورس از ضررهای میاردی نیم درصد مالیات انتقال نقدا پرداخت می‌کنیم ، سئوال این است کسیکه ملک پنجاه میلیاردی میفروشه چقدر مالیات حق انتقال میده ، قانون گذاران که از قدیم ملاکان بوده اند مبنای قیمت را بجای قیمت روز قیمت منطقه ای قرار دادن واین قیمت‌ها مربوط به عهد قاجار است نتیجه این شده مالیات خانه پجاه میلیاردی چهارصد پانصد هزار تومان بیشتر نمی‌شود در مقابل مالیات سهام به نرخ روز نقدا دریافت میشود ، تا زمانیکه این تبعیض وجود دارد انگیزه برای تولید و سرمایه گذاری وجود نخواهد داشت
895,349284,['قیمت'],ادامه افت بازار بی توجه به گزارش های 9 ماهه و رشد قیمت های جهانی
896,349292,['ضرر'],من خودم پول توی شرکت سبدگردان گذاشتم و 35٪ ضرر پولم را گرفتم😢
897,349304,"['خرید', 'فروش']","مطمئنا مردم عادی این مدلی نیستن که بتونن شبندر و شپنا و شتران و... رو یک روز صف خرید کنند و فرداش صف فروش ...
دست هایی به عمد در حال نابود کردن سرمایه و بخصوص اعصاب مردم هستند و دنبال این هستن که مساله بورس رو به بحران اجتماعی تبدیل کنند و بعد از آب گل آلودش ماهی های بزرگ بگیرند و استفاده کنند 
به نظرم اتاق جنگ هایی درست کرده اند که درحال تخریب اعصاب بورسی هاست و مستقیما اعصاب و  روان بورسی  ها را نشانه گرفته اند 

این فشار فروشی که در بازار وجود داره نشون میده که برخی از کله گنده های اقتصادی حسابی به جون هم افتادن...."
898,349309,['ضرر'],حالا بورس یا هرچیز دیگه ای،اگه دلار میخریدیم میزاشتیم گوشه خونه حداقلش این بود ضرر نمیکردیم؛ اما این بی انصاف ها دام پهن کردن واسه مردم تا سرمایه هاشون رو غارت کنن
899,349315,"['حمایت', 'خرید', 'فروش']","زمان بی ارزش‌ترین کالای ایران!
بورس فقط با شوک تزریق سنگین نقدینگی توسط دولت از این وضعیت خارج می‌شود

✅در کشوری زندگی می‌کنیم که گویی زمان متوقف شده و حتی به عقب هم باز‌می‌گردد! سال‌هاست که اقتصاد این کشور معطل مانده و گویی هیچ کس به فکر  پیشرفت این کشور نیست. سال‌ها اقتصاد ما درگیر برجام بود و کلی هزینه به این کشور برای دور زدن تحریم‌ها تحمیل شد و در نهایت بعد از برجام دوباره ماه‌ها درگیر تصویب FATF بودیم ( و هستیم)  و دوباره بعد از این همه مدت هنوز درگیر جلسات برجام هستیم و دوباره به عقب برگشتیم.
هر کجای این اقتصاد را می‌بینید معطل و اصطلاحا لِنگ در هوا است! 
👈خودروهایی که در گمرک معطل هستند!

👈کالاهای اساسی که انقدر پشت در ماندند تا خراب شدند!

👈مصوبه‌ی انتقال منابع به صندوق تثبیت بازار سرمایه که ماه‌هاست معطل است.

👈برنامه حمایت از تولید که بین مجلس و دولت پاسکاری می‌شود!

👈طرح‌های توسعه‌ی فولاد و پتروشیمی و نفت و .. که سال‌هاست معطل تامین مالی هستند!

👈صف‌های فروش چندین ماهه و نمادهایی که چند سال است بسته هستتد و این زمان و منابعی که از دست می‌رود برای هیچکس مهم نیست.

👈سال‌هاست که منابع این مملکت در حسابهای چین و روسیه و کره قفل شده است و به جای ورود ماشین آلات و نوسازی صنایع و ارتقای صنعتمان،  ما همچنان درگیر واردات پشم گوسفند و برنج  و آت و آشغال از این کشورهاییم!

👈گردشگری ما به طور کامل از بین رفته است و کک هیچ کس هم نمی‌گزد!

✅زمان بزرگترین نعمتی است که داریم از دستش می‌دهیم. رفته رفته جمعیت جوان کشور را از دست می‌دهیم و ۲۰ سال بعد با یک جمعیت پیر و مریض و ناامید روبرو خواهیم شد که نیازهای اولیه‌شان به بزرگترین دغدغه‌ی کشور تبدیل خواهد شد. 

✅در دنیایی که زمان مهمترین عامل پیشرفت کشورها در دستیابی به تکنولوژی است ما همچنان دور خودمان می‌چرخیم و در خواب خرگوشی قرار داریم. از دست دادن زمان خودش بزرگترین عقب ماندگی برای کشور است. تمام اقتصاد ما و اصناف و صنایع سال‌هاست معطل تحریم و بازشدن فضای سیاسی و اقتصادی هستند و عملا چیزی تا نابودی کامل صنایع نمانده است.
نیروی کار جوان و تحصیلکرده هم در حال خروج از کشور و مهاجرت هستند و صبر  بسیاری از مردم به سرآمده و مانند کشورهای جنگ زده به کشورهای همسایه مهاجرت کرده اند. 
این رخوت و معطل ماندن به همه‌ی سطوح مدیریتی اقتصاد کشور هم رسیده و برای کوچکترین حرکت اقتصادی باید یک کمپین تشکیل بدهیم!

✅اینکه من هیچ وقت کمپین‌های بورسی را قبول ندارم به همین علت است. برای چه ما باید برای تخصیص موارد حمایت از بورس کمپین تشکیل بدهیم که اقای x آن نامه را امضا کن و برای مجلس بفرست! مگر ایشان وظیفه‌اش این نیست اگر وظیفه‌اش را انجام نمی‌دهد قوه‌ی قضاییه باید ورود کند.  کجای دنیا از این کمپین‌ها تشکیل می‌دهند؟ کمپین مگه کارش این است که وظایف یک مدیر دولتی را به او گوشزد کند؟ اینها فقط منجر به آدرس اشتباه دادن به مخاطبین ما می‌شود.

👈اگر به دنبال کمپینی هستیم باید بالاترین مقام اقتصادی و سیاسی کشور را خطاب قرار بدهیم. مدیر درجه‌ی ۳ و ۴ اقتصادی مگر دست خودش است که امضا کند و یا نکند! بورس ما معطل تصمیمات رده‌ بالاتری است. به ما چه ارتباطی دارد که دولت چطور می‌خواهد بازار را حمایت کند. ما خواهان درست شدن وضع بورس هستیم و دولت باید و باید این وظیفه را انجام دهد که فقط و فقط با تزریق نقدینگی روی تابلوی بورس اتفاق می‌افتد. ما به جای این خواسته درگیر واریز قسط منابع به صندوق و امضای ۱۰ فرمان حمایت از بورس و ... هستیم و می‌بینید که این موارد هم خودش راهی برای خرید زمان است و از تصویب تا اجرا یک سال طول می‌کشد از واریز در صندوق تا خرید سهام ۶ ماه زمان می‌برد و ...

اگر به دنبال کمپینی هستیم باید بالاترین مقام سیاسی و اقتصادی را خطاب قرار دهیم و راه حل فوری برای بورس بحران‌زده بیابیم که فقط و فقط تزریق منابع سنگین و فوری و  نقدی به بازار است نه مصوبه و برنامه و ....

هرگونه برنامه یعنی ۶ ماه دیگر معطلی!"
900,349338,['قیمت'],"بازار ما نه بازار جهانی براش مهمه ، نه قیمت نفت ، نه قیمت دلار نه ریال ... هیچی
مگه میشه؟ حتما کسانی قصد و نیتشون اینه که بازار این شکلی باشه وگرنه ، اگر دلار بره بالا خب سهام دلاری باید مثبت بشن یا اگر بیاد پایین سهام ریالی باید مثبت بشن یا حداقل تاثیر بگیرن 
نفت بره بالا باید نفتی ها تکون بخورن ، قیمت فلزات بره بالا هم به همین شکل
اما هیچ چیزی در بازار تاثیر نمیگذاره !!
از خودمون بپرسیم چرا؟ ربطی به تحلیل هم نداره ، دید بلند مدت و کوتاه مدت هم بی ارتباطه ...
مطمئن باشید میخوان که بازار این شکلی باشه ... مهره هاشون خیلی قشنگ دارن نقش اشون رو بازی میکنن"
901,349354,"['خرید', 'کف', 'قیمت']",این منابع برای خرید تو منفی هاست نه مثبت ها. سهم ها رو تو کف قیمت میخرن بازار رو هم برای خرید همین پول منابع منفی میکنن
902,349367,['حمایت'],تکونش بدرد خودش میخوره حمایت 1220
903,349375,['ضرر'],از هر فرصتی واسه خروج استفاده کنید جلو ضرر رو هر وقت بگیری منفعته
904,349407,['ضرر'],"آقای رئیسی یادتان هست؟

🔹 ۶ ماه از آغاز روی کار آمدن دولت رئیسی می‌گذرد و بازار سرمایه روز به روز بیشتر ذوب می‌شود.
🔹 سهام‌دارانی که در ایام انتخابات دل به وعده‌های ابراهیم رئیسی بسته بودند امروز بیش از هر زمانی ناامید هستند.
🔹 آمارها نشان می‌دهد در یک سال گذشته ۸۰ درصد سهام‌داران در بورس ضرر کرده‌اند‌."
905,349431,['سیگنال'],تو این وضعیت میان تو پی وی ما تبلیغ کانال و سیگنال میکنن😀😀😀😀😀
906,349432,['فروش'],یا ۱۰ ته دونه رکورد ۹۰ میلیون صف فروش چید واسه ختوقا ...
907,349435,"['کف', 'قیمت']",🔸در این لحظات و با شدت گرفتن عرضه ها اکثر نماد ها در محدوده کف قیمت روزانه درحال معامله هستند.
908,349457,['خرید'],نگران نباشید احتمالا با خبر توافق ت  این یکی دوروز بازار سبز پوش میشه،بازار مشکوکه با این همه حجم خرید حقوقی.
909,349464,['حمایت'],فولادفملی دارن خوب حمایت میکنن، اینابرن بالاپشت بندشم پالایشی هاشایدامروزفرجی بشه
910,349488,"['خرید', 'فروش']","مطمئنا مردم عادی این مدلی نیستن که بتونن شبندر و شپنا و شتران و... رو یک روز صف خرید کنند و فرداش صف فروش ...
دست هایی به عمد در حال نابود کردن سرمایه و بخصوص اعصاب مردم هستند و دنبال این هستن که مساله بورس رو به بحران اجتماعی تبدیل کنند و بعد از آب گل آلودش ماهی های بزرگ بگیرند و استفاده کنند 
به نظرم اتاق جنگ هایی درست کرده اند که درحال تخریب اعصاب بورسی هاست و مستقیما اعصاب و  روان بورسی  ها را نشانه گرفته اند 

این فشار فروشی که در بازار وجود داره نشون میده که برخی از کله گنده های اقتصادی حسابی به جون هم افتادن...."
911,349508,['خرید'],امروز به صف خرید رسید
912,349510,"['خرید', 'فروش']",دیروز صف فروش خریدن امروز صف خرید میفروشن
913,349512,"['کف', 'فروش']",دیروز فولاد رو در کف و پایین خریدن امروز در صف و بالا میفروشن به مردم ... چرا یه روز فروش حقوقی ها رو نمیبندید؟ یه روز نفروشن نمیشه؟
914,349521,['فروش'],"پیام ناظر بازار

✅  درخصوص ايفاي تعهدات بازارگرداني: به اطلاع همکاران محترم مي رساند، امروز چهارشنبه 6 بهمن 1400 ايفاي تعهدات بازارگردان در سمت فروش الزامي نيست. لطفا از ارسال سفارش فروش در نمادهاي معاملاتي خودداري فرماييد."
915,349529,['ضرر'],سگ پدر پارسال مرداد یک میلیارد ششصد میلیون داشتم الان شده ۳۰۰ میلیون با ماشین دارم کار میکنم به کی باید گفت ۸۰ درصد سهم من ذوب است.درد از این بالاتر داریم هر چی از بورس بیشتر میفمی بیشتر ضرر مکنی چون دو دوتا چهار تا نمیشه هر چی اونا دوست دارن میشه نمونش امروزچه اتفاقی افتاده بازار سبز شد.
916,349548,['قیمت'],کجاش کاهشی قیمت هیچ خودروی کاهش نیافته بلکه نسبت به چند ماه قبل ۱۰۰ میلیون هم افزایش یافته
917,349554,['قیمت'],"کاهش خیلی شدید داشته 
پراید ۳۰ تومنی شده ۱۹۰ میلیون و الان شده ۱۸۵ میلیون و میگن کاهش شدید قیمت .
اونی که فکر میکنید مایُیم خودتونید"
918,349560,['فروش'],آره والا البته اگه تحریم فروش نفت رو بردارن
919,349561,['قیمت'],برندارن هم خیلی قیمت خوبیه .
920,349564,['فروش'],این چل روانی معلوم نشد ۸۰۰میلیارد دلار پول فروش نفت رو چه کرد
921,349587,['خرید'],خرید از صف خرید مساوی است با خریت
922,349592,['فروش'],"همین سهم ها رو سه شنبه در صف فروش میفروختن !!!
🤦‍♂️🤦‍♂️
چه کارا که نمیکنید ..."
923,349604,['ضرر'],ملت تا خرخره تو ضرر هستند انوقت شما سود می کنی!!!! ای دلال !
924,349620,['قیمت'],"😁

یادمه آقای فاطمی امین وعده داده بود قیمت خودرو بیاد پایین 
یادش نرفته که؟"
925,349633,['قیمت'],"قیمت پایانی وابسته به حجم مبناست، در صورتیکه حجم معاملات بیشتر از حجم معاملات نشه، قیمت پایانی اعمال نخواهد شد و عملا سهم درجا خواهد زد.  
با اتفاق جدید قیمت ها حرکت خواهند کرد حالا چه در جهت مثبت چه در جهت منفی. در صورتیکه حذف حجم مبنا تأثیر منفی زیادی از خودش نشون بده این تصمیم بازنگری میشه ، اما کارشناسان بورسی متفق القول این اتفاق را میمون تلقی خواهند کرد . نتیجه این اتفاق اگر مثبت باشه برای بقیه سهم های بورسی هم اعمال خواهد شد ."
926,349635,['قیمت'],"بنظرم هیچ وقت حجم مبنا و دامنه نوسان حذف نمے شود دلیل هم دارم براے نظرم
۱_اگر حجم مبنا حذف بشه دولت نمیتونه کمیسیون بخوره و کلے درآمدش از بین میره
۲_اگر دامنه نوسان حذف بشه نمیتونن نوسان بگیرن
و یه عده با چهار تا اردر بالا قیمت رو میبرن بالا 
و داستان هاے زیادے پیش میآید"
927,349637,"['خرید', 'فروش']","اشتباه میکنی اتفاقا با حذف دامنه نوسان نوسانگیری برا دولت راحت تره چون دامنه بازتر هست و راحت تر میشه نوسان گرفت. 
حجم مبنا هم که قبل از سال ۹۷ وجود نداشت و بخاطر نبودن حجم مبنا سهم هایی که قفل صف خرید و فروش میشدن بدون معامله هر روز مثبت یا منفی ۵ میخوردن.
در کل این دو تا قانون به نفع سهامدار خرد نیست و بیشتر به نفع حقوقی هست"
928,349649,['فروش'],"مهم 
 امروز در هیات مدیره سازمان تصمیم گیری می‌شود:
🟢 ممنوعیت دریافت وجه حاصل از فروش سهامداران اعتباری برداشته می‌شود.
📥 مشتریان اعتباری کارگزاری‌ها می‌توانند با داشتن تضامین کافی‌، وجه حاصل از فروش خود را از کارگزاری دریافت نمایند."
929,349659,['خرید'],یه چنتا جو گیر هم میان رقص و پایکوبی میکنن یه سری هم فیگور تحلیلگرانه میگیرن، فکر نمیکنید بخاطر 22 بهمن لاجرم اینجوری میشد والا من وتوکا داشتم برج 6 قیمتش 1200 بود رسید به 500 با اینکه NAV سهم 1800 تومنه شما ببین بیشرفی درچه حد تازه الانم که صف خرید شده پایانی پر نمیشه
930,349664,"['خرید', 'فروش']",چون قبلش یه بالای شدید زد وقتی زراعتی و یه سری سهام شاخص هموزن که قفل صف فروش بودن رو دامنشونو ده درصدی کردن من اونموقع یادمه داداشم زقیام داشت از 5800 رسیده بود به 2400 روزی شاید دو سه بار نوسان بالای 10 و 15 درصد میداد بعدش صف خرید میشد و اواخر دی قیمتش برگشت به 5 تومن ولی بعدش بازار ریخت از اواخر بهمن و اکثر سهما قفل صف فروش شدن تا برج 2 و 3 امسال.
931,349667,['قیمت'],افزایششو روی قیمت 1700 تومن اعمال کردن
932,349698,['خرید'],تحریم خرید عرضه اولیه#
933,349712,['خرید'],10 روز هست اصلا پرتفو رو نگاه نمیکنم چه برسه به خرید عرض اولیه
934,349730,"['سیگنال', 'خرید']",شما مثلا دلت  به حال بقیه سهامدارا میسوزه  سیگنال خرید میدی  ؟
935,349742,['ضرر'],اکثرا بالای ۳۵ درصد ضرر هستن
936,349751,['فروش'],خیلی ساده انگاری هست که فکر کنیم این نوع فروش ها کار مردم عادی و سهامدار خرده که بقول شما ته دره است.
937,349779,['قیمت'],این نوع تحلیل باعث آسیب به بازاره ، وقتی بالا رفتن قیمت نفت خوبه که ، تصمیمات اقتصادی به نفع دولت نباشه ، به نفع سهامدار باشه
938,349780,['قیمت'],چندی پیش که قیمت نفت حدود ۲۰ دلار بود فکر کنم قیمت پالایشیها  بالاتر بود
939,349786,['قیمت'],قیمت ها که با افزایش سرمایه تعدیل شده
940,349787,"['سیگنال', 'قیمت']",سیگنال را از گوگل پلی دانلود کنید در انجا قیمت هر سهم از زمانی که توی بورس امده تا حالا را در هر زمان میتوانید بررسی کنید ضمنا افزایش سرمایه ها انحا محاسبه شده
941,349806,"['خرید', 'ضرر']","دوست عزیز من مخالف حرف شما هستم.قبل از اون اوج گیری بورس فکر کنم حدود ۹۰۰هزار کد بورسی تو مملکت بود و تازه ازین تعداد هم یسریشون کارمندهای و کارگرهایی بودن ک به زور یا از طریق شرکتها براشون سهام شرکت یا جایی گرفته می‌شد.حدود ۵۰ درصدشون نفرات قدیمی بورس بودن و به اصطلاح خاک خورده .حدود اوایل دولت روحانی برای کسری بودجه و .. شروع کردن به پخش نقدینگی بدون پشتوانه،این ادامه داشت تا یکسال آخر زندگی دولت روحانی،تنها چیزی ک تو مملکت حساب کتاب داره،اون صندوق ارزی و پولیه ک می‌خوان به دولت بعد حساب کتاب بدن.پس با طرحی بسیار جالب ک همتونم میدونید،اول با دارا یکم و سود توپولش شروع،بعدش عرضه اولیه هوایی از جمله شستا و...،سیل عظیم جمعیت،از کوچیک و بزرگ و سالم و فلج و پیرزن و پیر مرد وارد شدن به بازار بزرگ بورس،حدودا ۶ماه این جذب نفر و پول ادامه داشت.از حدود دی و بیشتر بهمن تا تیر و مرداد،سود رو سود،طمع مردم ما هم ک زیاد،البته فقط ۱درصد عاقل بودن ک رو قله خرید نکردن،بعد یهو مثل جنگ جهانی ک رخ بده،بازار ریخت،اونم نه یکماه،بلکه .......ادامه دارد.چه اتفاقی افتاد؟سهام ۵۰۰۰ تومانی شد ۱۵۰۰,سهام ۲۰۰۰ تومانی شد ۲۰۰ و....علنا این وسط کلی پول سوخت و نابود شد.انگار اصلا نبوده.این همون پول بی پشتوانه.حالا هم حدود ۶۰درصد مردم تو ضرر شدید هستند و امید به بازگشت حداقل نیمی از سرمایشون.یعنی ترس دارن ک با ضرر خارج بشن.ببخشید سرتون درد اوردم"
942,349808,['کف'],"🔴آمریکا یکی از ۱۵۸۱ تحریم علیه ایران را برداشت! خوشحال باشیم؟

🔸شب گذشته رسانه‌های غربی خبر دادند‌ که دولت جو بایدن برخی از تحریم‌ها برای برنامه هسته‌ای ایران را رفع کرد.

🔸بررسی ها نشان می‌دهد این تحریم‌ مربوط به همکاری صلح‌آمیز کشورهای دیگر در برنامه هسته‌ای ایران بوده است. کشورهایی که در پروژه‌های هسته‌ای اراک یا فردو با ایران همکاری می‌کردند مشمول این تحریم می‌شدند.

🔸ترامپ این تحریم را همزمان با خروج از برجام امضا کرده بود تا مانع از گسترش توان هسته‌ای ایران شود

🔸آمریکا پس از برجام ۱۵۸۱ تحریم جدید علیه ایران تصویب کرده که دیشب یکی از آنها را رفع کرده و ۱۵۸۰ تحریم  دیگر باقی مانده است. 

🔸از این تعداد تحریم‌ها حدود ۷۰۰ تحریم ذیل برجام است و الباقی‌ آن فرابرجامی است اما بر بی‌اثر کردن فواید اقتصادی برجام اثر مستقیم دارد.

🔸رفع تحریم شب گذشته اثر اقتصادی خاصی ندارد و در کف خیابان‌های تهران احساس نخواهد شد اما صرفا یک پیام سیاسی از سمت دولت بایدن است تا خود را برای بازگشت به برجام مشتاق نشان دهد."
943,349813,['ضرر'],سوال مهم از همه سهامداران: آیا وجود جمهوری اسلامی برای آمریکا ضرر مالی یا نظامی و یا سیاسی داشته است؟
944,349878,['خرید'],"متاسفانه تو این دو سال یک مشت آدم بی سواد اومدن بازار که هیچ درک و شناختی از بازارهای مالی ندارن و فکر میکنن کازینو هستش
وقتی فملی و فولاد میاد با اردر خرید دیوار دفاعی میچینه
یعنی ادم بیسواد چطوری بگم نفروش
بعد جالبه همین میاد میگه آی فلان و بهمان"
945,349906,['کف'],"اشتباه نکنید دوست عزیز
اینجا کف بازار هستش
هیچ آدم حرفه ای نمیاد فولاد رو با پی بر ای 3/5 بفروشه
البته با احتساب سود تلفیقی"
946,349907,['فروش'],سلام دوستان حواستون باشه داخل همین گروه یه نفر خانومے وجود داره که خودشو اهل بلژیڪ و مدیر فروش جا میزنه و چون فارسے بلد نیست از گوگل ترنسلت پیام میده حواستون باشه این کامل ایرانیه پولتون به هدر ندید هدفش راه نشان دادن به شما در ضمینه بورس و ارز دیجیتال میباشد هوشیار باشد با تشکر
947,349922,"['خرید', 'قیمت']","⚽️⚽️عرضه اولیه داریم⚽️⚽️
زیر قیمت عرضه اولیه 
زیرتر زیر قیمت عرضه  اولیه 
اگه 100 درصد رشد کنه تازه به قیمت عرضه اولیه میرسه 
سهمیه تخصیصی هر کد : تا جای که میتونی بخر 
قیمت عرضه اولیه:     17870  ریال 
قیمت استثنایی ما :    7800  ریال
57 درصد ریزش زیر قیمت عرضه اولیه 
تاریخ : 18 بهمن1400 و روزهای دیگر
نام سهام :برق و انرژی پیوند گستر پارس  🏹 (بپیوند)🏹
فقط از ما خرید کنید 
سهامداران صبور بورس تهران
🙏🙏🙏"
948,349942,"['خرید', 'فروش']","🔻نوسان‌گیری اوراق تسهیلات مسکن ممنوع شد

سروش خواجه حق‌وردی، معاون نظارت بازار فرابورس ایران: با عنایت به کاربرد اوراق گواهی حق تقدم امتیاز تسهیلات مسکن در راستای دریافت تسهیلات خرید مسکن، از روز شنبه ۲۳ بهمن سال جاری امکان فعالیت همزمان در سمت خرید و فروش معاملات این اوراق بهادار توسط مشتریان (نوسان گیری روزانه) فراهم نخواهد بود./مهر"
949,349952,['کف'],کف دلار 25 بستن. صداشم که دیروز درومد
950,350140,['خرید'],"❗️حقوقی‌ها در ۵ ماه نخست سال ۹۹ از خجالت حقیقی‌ها درآمده و در اوج قیمت‌ها مجموعاً حدود ۱۱۰ همت از بازار سهام خارج کردند! با توجه به گذشت ۱ سال و ۶ ماه از آن زمان و با احتساب سود بانکی برای این میزان نقدینگی خارج شده، انتظار می‌رود نقدینگی حقوقی‌ها به حدود ۱۳۰ تا ۱۴۰ همت رسیده باشد.

✅ اما در سمت دیگر برآیند خرید‌ها از سال گذشته تا امروز به ورود ۱۲۸ همت رسیده است و چیزی تا جایگزینی کامل سهام فروخته شده توسط حقوقی‌ها باقی نمانده است.

❓ پس از این چه خواهد شد؟

تجربه و تاریخ نشان داده است زمانی که خرید حقوقی‌ها که برعکس حقیقی‌ها صبور هستند، تکمیل شود بازار کف‌سازی نموده و روند صعودی خوبی را آغاز خواهد کرد و دقیقاً در همین برهه می‌باشد که پول هوشمند حقیقی نیز آرام آرام مجدداً وارد بازار می‌شود مانند اسفند ۹۸!"
951,350180,['کف'],"رفیقم میگفت : 
۳۰ سال پیش خواستم برم شیراز
رفتم ترمینال
 و سوار اتوبوس شدم .
 
صندلی جلوم زن و شوهری
 بودند که یه بچه توپول
 و شیرین ۳ یا ۴ ساله  داشتند.

اتوبوس راه افتاد.
۱۶ ساعت راه بود.
طی راه ؛ بچه توپول 
 و شیرین که صندلی جلو بود؛
 هی به سمت من نگاه میکرد و میخندید.
چندبار باهاش دالی
 بازی کردم و
 بچه کلی خندید...

دست بچه یه کاکائو
 که نمیخوردش .

تو دالی بازی ؛
  یهو یه گاز از
 کاکائو بچه زدم .
بچه  کمی خندید...
کمی بعد مادر بچه با خوشحالی
 به شوهرش گفت:
 ببین ؛ بالاخره کاکائو را خورد.

دیدم پدر و مادرش
 خوشحالند؛ گفتم بذار بیشتر خوشحال بشند.

خلاصه ۳ تا کاکائو را کم کم از دست بچه؛ 
یواشکی گاز زدم و
 بچه هم میخندید.

مدتی بعد خسته شدم.
چشمم را بستم و به صندلی تکیه دادم ، که یهو ای واییییی...
مردم از دل پیچه... دل و رودم اومد تو دهنم... سرگیجه داشتم...
داشتم میترکیدم.

دویدم رفتم جلو و به راننده
 وضعیت اورژانسی
 خودم را گفتم.
راننده با غرغر 
تو یه  کافه وایساد.
عین سوپر من پریدم و رفتم دستشویی و رفع حاجت کردم.

برگشتم و از راننده تشکر کردم و نشستم روی صندلی.

اتوبوس راه افتاد.
هنوز ۱۰ دقیقه نگذشته بود که درددل شروع شد.
طوری شده بود که 
صندلی جلوی خودم
 را گاز میگرفتم .از درد میخواستم
 داد بزنم‌. چه دل پیچه وحشتناکی..تموم بدنم را میکشیدند... مردم خدا...

دویدم پیش راننده و با عذر
 و التماس وضعیتم را گفتم.

راننده اومد اعتراض کنه؛با صدای عجیبی که ازم درشد
راننده زد بغل جاده و گفت: 
بدو داداش

پریدم بیرون و دقایقی بعد برگشتم به اتوبوس.
تشکر کردم...

از درد داشتم میمردم.
دهنم خشک بود
 و چشام سیاهی میرفت.

رفتم روی صندلی نشستم.
گفتم چرا اینجوری شدم.
غذای فاسد که نخورده بودم.

دیدم دست بچه باز کاکائو هست.
از پدر بچه پرسیدم : 
بچتون کاکائو خیلی میخوره؟
پدرش گفت: نه ؛
 کاکائو براش بده.
اومدم بپرسم 
پس چرا کاکائو بهش میدی؟
که مادرش گفت: 
حقیقت بچمون یبوست داره.
روی کاکائو ، مسهل مالیدم تا شاید افاقه کنه؛ 
تا حالام دو یا ۳ تا هم خورده ؛ ولی بی فایده بوده.

من بدبخت خواستم 
ادامه بدم که یهو درد مجددا اومد.
میخواستم داد 
بزنم و کف اتوبوس غلت بزنم .
رفتم پیش راننده؛
 راننده با خشونت گفت : خجالت بکش ؛ وسط بیابونه؛ ماشین که شخصی نیست. 
برو بشین.

مونده بودم بین درد و خجالت.
یه فکری کردم.
برگشتم پیش پدر و مادر بچه و گفتم : منم یبوست هستم .
میشه به من هم کاکائو بدید...

۳ تا کاکائو مسهلی گرفتم 
و رفتم پیش راننده عصبی 
 و با ترس 
و خنده گفتم: 
عزیز چرا داد میزنی ؛ نوکرتم؛ فداتم ؛ دنیا ارزش نداره؛ شما ناراحت نشو؛ جون همه ما دست شماست.
معذرت میخوام.
بیا و دهنت را شیرین کن‌... 

راننده هم که سیبیل کلفت
 و لوطی بود؛ گفت : 
ایول ؛  دمت گرم ؛ بامرامی ؛ آخر مردای عالمی

خلاصه ؛ ۳ تا کاکائو را کردم تو دهنش و رفتم سر جام نشستم
 و از درد عین مار به خودم پیچیدم.

۱۰ دقیقه نشده بود که راننده صدام کرد و گفت: 
داداش ؛ جون بچت چی به خورد من دادی؟؟ ترکیدم.

داستان کاکائو و بچه را براش گفتم.
راننده زد بغل جاده و گفت بریم پایین.
خلاصه تا شیراز هر نیم ساعت میزد کنار و میگفت: بریم رفیق...

مسافرها هم اعتراض که میکردند؛ 
راننده میگفت: پلیس راه گفته که یه گروه تروریست و نامرد؛ تو جاده میخ ریختند؛ تند تند باید لاستیکها را کنترل کنم که نریم ته دره...
ملت هم ساکت بودند و دعا به جون راننده میکردند.

*این را عرض کردم که بدانید برای انجام هر کاری؛مسئولش باید همدرد باشه؛ تا حس کنه طرف چی میکشه. مسئول باید مثل آحاد جامعه ماهی بیشتر از ٣ الي ٦میلیون حقوق نداشته باشد*
*آن وقت با خانه مستاجری،هزینه های سرسام آور زندگی... می فهمید درد مشترک یعنی چی*
  
*ای کاش شکلات مسهلی داشتیم و به هر مسئولی ۳ تا فقط۳ تا میدادیم تا بگه داداش وایسا باهم بریم*"
952,350221,"['حمایت', 'مقاومت']",سلام تحلیل خکار و کاما حمایت و مقاومت
953,350241,"['حمایت', 'مقاومت']",تحلیل وتوس مقاومت و حمایت
954,350259,"['حمایت', 'مقاومت']",سلام لطفاً تحلیل وتوس مقاومت و حمایت
955,350269,['خرید'],دقیقا همشونم میخوان دعوت کنن به خرید ارز دیجیتال
956,350375,['هدف'],"رسوب سرمایه و پول مردم در شرکت‌های بورسی

 ماجرا اینه که طبق تحقیقات و مکاشفات و مفتش‌بازی‌های به عمل آمده، معلوم و مشخص و عیان شده که بیش از ۸۰۰ میلیارد تومن پول ناقابل داره هاپولی میشه! 

حالا ماجرا چیه؛

کی حاضر است که برای دریافت سود ۲۰۰۰ تومانی مجامع شرکت‌ها، توی این اوضاع کرونا و درگیری و بدبختی و گرفتاری بره بانک؟! 

اونم در حالی که تو این دوره زمونه، از رختخواب بخوای بیای بیرون، حداقل ۱۰هزار تومن هزینه‌شه، چه برسه به اینکه بری تا بانک!!


 اونایی که نمیدونن سود مجمع چیه؛ شرکت های بورسی، سالانه مجمعی را برای اتخاذ تصمیماتی در رابطه با میزان تقسیم سود برگزار میکنند که در صورت تصویب، مقداری از سود ساخته شده اون سال رو به سهامداران پرداخت میکنند!

 سودی که شامل حال سرمایه‌گذارانی میشه که تا روز مجمع مالک سهام اون شرکت باشند.

 طبق قانون تجارت، شرکت های بورسی تا هشت ماه بعد از برگزاری مجمع فرصت دارند تا سود نقدی را بین سهامداران خود تقسیم کنند. 

فعلا کاری با این فرصت غیرمنطقی که در اختیار شرکت‌ها برای پرداخت سود گذاشتن نداریم، که عنهو ۸۰۰ سال پیشه که صورت‌های مالی رو می‌بستن به پای کبوتر، بعد ۴ماه طول می‌کشیده که کبوتر بره برسه، بعد از پای کبوتر باز میکردن، جارچی اعلام میکرده، مردم جمع میشدن، دوباره همون کبوتر رو میگرفتن باز میبستن به پاش، دوباره ۴ ماه دیگه برمیگشته!!

تازه مصیبت که یه جا دو جا نیست که؛  نحوه پرداخت سود از سوی شرکت ها هم سال‌هاست که به یکی از دغدغه سهامداران تبدیل شده!

دلیلش هم اصرار بعضی از شرکت ها بر واریز سود با روش‌های سنتی و منسوخ شده‌ای است، سهامدار بخت‌برگشته کلاااا عطاشو به لقاش می‌بخشه!

حالا از اونطرف، اومدن یه سامانه‌ای درست کردن، نفری ۱۰هزار تومنم اجباری از ملت گرفتن، با این هدف که همه شرکت‌ها، سود مجامع رو حتی اگه شده ۲ زار، بریزن به حساب سجام ملت!!

اما با اینکه چهار سال از راه اندازی سامانه سجام می‌گذره و شرکت ها می‌توانند بدون دردسر از طریق این سامانه سود را به حساب سهام داران واریز کنند اما به طرز مرموز و راز آلودی، همچنان بر روش سنتی معرفی یک بانک برای دریافت سود و تاکید بر مراجعه حضوری سهام داران به بانک پایبند هستند!

مشکل هم اینجاست که قانون، شرکت‌ها رو ملزم به واریز سود مجامع به حساب سجام سهامداران کرده، ولی نگفته اگه کسی از این الزام تخطی کرد،  چه اتفاقی میوفته!!

شرکت‌ها هم از این باگ قانونی استفاده می‌کنند و بطور خیلی واضح و آشکار و شیک و مجلسی پول مردمو بالا می‌کشند!

حالا باز بیشتر در این مورد مکاشفات داشتم، میام  راپورت میدم بهتون!"
957,350406,['حمایت'],خب اینم از اخبار صدا و سیمای حمایتگر پوتین .تنش رو روسیه آغاز کرده نه اکراین . روسیه مثل چند سال پیش که بندر استراتژیک کریمه رو ضمیمه خاکش کرد سالهاست که زمینه سازی می‌کنه تا این دو شهر رو ضمیمه خودش کنه و دخالت و حمایت شورشیان این دو منطقه رو انجام میده . عین تمام این سالها که خاک ایران رو به توبره کشیده و کشورش رو با پول ما اداره می‌کنه . غارت گر و اشغالگر همیشگی ایران شوری سابق و روسیه الان هست .
958,350422,['قیمت'],این دو سه روز قیمت دلار مشخص میکنه که چه اتفاق هایی قراره بیافته
959,350442,"['حمایت', 'مقاومت']",سلام تحلیل چفیبر مقاومت و حمایت
960,350456,['ضرر'],تا دوسال دیگه شاید بازار همینجوری باشه.چون سودها رو سال ۹۹ بردند و ضرر زیادی به ملت زدن.دوسال دیگه دوباره ملت یادشون میره و همه کانالها شروع میکنن تحلیل و تارگتهای چند ده هزارتومنی و افزایش سرمایه و سودآوری و ...
961,350467,['خرید'],"بانکی ها صف شدند یا نزدیک به صف خرید شدند ، خودرویی ها هم منتظریم ببینیم چه میکنند 
خودرو و خساپا دو لیدری هستند که در تلاش برای بالا رفتن"
962,350468,['خرید'],بازار داره با افزایش تقاضای شدید مواجه میشه.حقیقی ها با خرید خودرو دارن میبرن صف خرید.آفرین😁
963,350476,['فروش'],"دلار وارد کانال ۲هزار  تومان شد .
ولی همچنان خودرو های خارجی با دلار ۳۰تومان به فروش می‌رسد ."
964,350477,"['حمایت', 'قیمت']",دلار چند تا حمایت داره یکی همین محدوده 25400 که اگه از دست بده و ان شاء الله از دست بده میره به سمت 24200الی 23700 که اون حمایت قوی تره امیدوارم دلار بیاد پایین و همه کالا ها هم با دلار پایین قیمت بخورن
965,350485,"['خرید', 'قیمت']","تو این کشور چیزی پایین نمیاد جز عزت و ارزش مردم و قیمت سهام بورس.
چند روز پیش رفتم فروشگاه خرید کنم با پر رویی میگه قیمت روی جنس قیمت قبلیش هست الان قیمتش بیشتر هست میخواید یا نه 😔😔😔"
966,350488,['مقاومت'],"🔺دلار صرافی‌ها وارد کانال ۲۴ هزار تومان شد

🔹رئیس سابق کانون صرافان: امروز دلار در بازار آزاد از کانال ۲۶ هزار تومان در روز گذشته با کاهش حدود ۱۰۰۰ تومان به کانال ۲۵ هزار تومان وارد شد و دلار در صرافی‌های سراسر کشور از کانال ۲۵ هزارتومان امروز نیز به کانال ۲۴ هزارتومان وارد شده است

پ ن ؛ الان خیلی ها دارن مقاومت میکنن میگن پایین نمیاد اله بل فلان بمان 
یاد زمانی میفتم که شاخص رو ۲ میلیون بود اگه کسی میگفت شاخص تا یک میلیون میریزه همه مقاومت میکردن یا میگفتن ساقی تو عوض کن از این جور حرفا دلار ۲۳ هزار تومنی از رگ گردن به بازار نزدیک تره ، بازار ملک خودرو طلا دلار همه میریزن درست مثل شاخص ۲ میلیون بورس هستن بهترین بازار انشالله همین بورسه هست فقط کافیه توافق اعلام بشه پول های بزرگ که خیال شون از بابت توافق راحت بشه سایه تنش برداشته بشه بورس مخصوصا سهم های ریالی از جمله خودرویی بانکی بیمه ایی ۲۰ تا ۲۵ درصد رشد میکنن 
امیدوارم توافق تو این چند روز اعلام بشه 

من از یکی از رفقا که خیلی قدیمه تو کار ملک و زمین میگه بد رکورد شده گفت پارسال یه ملک خریدیم ۷ میلیارد الان ۶میلیارد گذاشتیم ولی خریدار اصلا پیدا نمیشه واقعیت تلخه ولی امیدوارم اونایی که مقاومت میکنن کمی واقعه گرا باشن 
انشالله  بورس یه رشد خوب داره 
چون همه بازار ها یه رشد ۷۰ درصدی رو داشتن 
بازار سرمایه  یه ریزش ۶۰ درصدی داشه 
قضاوت با شما دوستان گرامی"
967,350505,['قیمت'],انشاالله که پایین نیاد. اگه بیاد قیمت چیزی پایین نمیاد. ولی از اونجا که پایین نمیمونه با بالا رفتنش دوباره قیمتا بالا میره
968,350518,['قیمت'],سلام و شب بخیر دوستان عزیز سوالی دارم محضرتان که نحوه محاسبه افزایش سرمایه کگل که تلفیقی از دو روش افزایش سرمایه هست چگونه هست. یعنی 60 درصد از محل سود انباشته که قاعدتاً سهم جایزه بایست به سهامداران بده و 40 درصد هم از محل مطالبات حال شده حالا سوال اینجاست که بعنوان مثال اگر من 100 عدد سهم کگل داشته باشم و قیمت پایانی سهم هم 22150 ریال بود حال بایستی چطوری محاسبه کنم که بعد از افزایش سرمایه تلفیقی چه اتفاقی واسه سهامم خواهد افتاد. اگر دوستان توضیح بفرمایید بسیار بسیار ممنون میشم. شبتون بخیر
969,350526,['مقاومت'],اونجا نون دونی عزیز، مثل هزاران پروژه دیگه که طرح و برنامش مال 50سال قبله، قرار نبوده به سرانجام برسه، بعلاوه اینکه تا جبهه مقاومت هست، پولی به اینجاها نمیرسه...
970,350559,['خرید'],دوستان عزیز به زودی شاهد رشد شاخص خواهیم بود پس دوستانی که قصد دارن وارد خرید سهام بشن مرتب سهامهای مد نظر بخصوص شاخص سازها رو چک بفرمایند
971,350563,['ضرر'],ما با ۵۰ درصد ضرر امیدواریم اعتماد برگرده البته پول بیاد اعتماد هم میاد😘
972,350564,"['سیگنال', 'فروش', 'قیمت']",اگر سهامدار با یه صف فروش پیش گشایش اوردر فروش نذاره بازیگر یا حقوقی چه میکنه؟میره جایی که دنبالش برن.کاش سهام حبابدار ۸ سال پیشو نگه داشته بودم.من  نظرم فقط صبوری.صبر صبر صبر .به خاطر مشتی کانال به اصطلاح سیگنال فروش(به استثنای هزار تحلیل که شریف و آموزنده هست)  نوسانگیری یعنی جیب همدیگرو بزنیم.به این روز افتاده بازار.اگر سهمی بررسی شود p/e وeps وdpsوpnavدیگه گنج خریدی .برو ۵سال بعد اگر فروختی.مثال.۱۲ سال قبل شبندر ۱۷۰ تومن عرضه شد   با13800000000برگه سهم  حتی به ۱۲۰ هم رسید بعدازدوسال سود ده شد ۱۰ ساله سود داده مثلا ۲۰۰۰ تومان  یعنی ۱۵برابر خرید.برگه سهم ۱۳۸۰۰۰۰۰۰۰۰۰ ملیارد یعنی ۱۰ برابر خرید.همون اولش هم خیلی ها با یه ریزش کوچولو گریختن امروز حسرتشو میبره.این فقط نمونه بود به قدری سهام ارزنده هست که فقط بررسی میخواد.مردم عادی را سهام باز کردن نه سهام دار.خودرو ۱۵ سال پیش ۵ملیارد برگه سهم حدود ۱۳۰ تومان امروز ۳۲۰ ملیارد برگه ۲۱۰ تومان یعنی ۶۵ برابر .کی برنده است.گرچه خیلی از نازنین هموطن های عزیز وارد حباب شدن و بدون تحقیق تو قیمت های افسانه ایی وارد شدن.و اما همونها هم ۵ سال صبر کنند ۱۰ تا ۱۵ برابر برمیگرده.ضمنا این سهم ها کاغذ و مانیتور نیستند بلکه شرکت های فیزیکی با ملک و دستگاه و غیره هستند.بییایید سهام دار شوید نه سهام باز.و بازیچه بازیگران.سپاس
973,350565,['مقاومت'],سلام چفیبر مقاومت و تحلیل
974,350566,['قیمت'],واکنش بازار سهام ایران به جنگ در اروپا مثبت بوده!!! در حالیکه بیت کوین و کمودتیها افت قیمت دارن بازارای سهام اروپا هم ریزش داشتن این وسط یا خبر برسمیت شناختن دو منطقه جدایی طلب اکراین توسط پوتین طبل های جنگ بلندتر ب صدا دراومدن و طلا با شکستن مقا ومت سنگین 1900 دلار درحال اوج گرفتن هست. قیمت نفت برنت هم دوباره به بالای 95 دلار پرتاب شده!! بورس ایران هم فردا به احتمال قریب به یقین سبز هست.
975,350593,['ضرر'],یکی از اشتباه های ما بورسی ها اینه که چون ضرر شدیدی کردیم میخوایم به سرعت انتقام بگیریم و بعد میریم یه نماد رو میبینیم که در عرض یه ماه مثلا 30-50 درصد رشد کرده و بعد همش دنبال اینیم که سریع ضررمون جبران شه و از این شاخه به اون شاخه و نهایت نابودی کامل...
976,350594,['خرید'],هنوز بازار فکر میکنه که ریزش ادامه داره و به همین علت نماد هایی که دیروز صف خرید قوی داشتن رو امروز دارن در منفی میفروشن اما به نظرم ریزش بورس تموم شده ... ولی ریزش در بازار های موازی تازه شروع شده است
977,350791,['قیمت'],برای اولین بار از سال 2014، قیمت نفت برنت به 105 دلار رسید
978,350925,['فروش'],مریضن. اونجا جنگ شده اینجا صف فروش
979,350928,['فروش'],ما نرفتیم صف فروش حقوقی ها با کد حقیقی تر زدند تو بازار😂
980,350929,['فروش'],بعد از ۸۰درصد ریزش فروش چه توجیهی داره بگید ما هم بدانیم؟!
981,350936,['فروش'],این عکس از صف فروش سایپا رو میگذارم کمتر از یک ماه دیگه ببینیم چی میشه
982,350937,['فروش'],این عکس از صف فروش بانک ملت رو میگذارم ببینیم که یک ماه دیگه چی میشه
983,350939,['ضرر'],خبری نیست فقط حقوقی ها  خودشون به خودشون میفروشن با کد حقیقیشون😁😁 والا ما حقیقی ها که ۲ ساله دست به سهممون نزدیم بااینکه تا خرخره تو ضرر هستیم..البته کلا مال من که بی حس شده جاش😂😂
984,350947,['ضرر'],"👍وقتی صعود شارپی نداری نشستی رو سهم جوجه بشه؟
تو ضرری؟ 
پ حد ضرر رو رو چند درصد گذاشتی
متاسفانه الان فقط نواس"
985,350965,['ضرر'],"توجیه اینکه اگه تو ۸۰ درصد ریزش بفروشید پول شما یک‌پنجم شده، ولی اگه تو ۹۰درصد ضرر بفروشید پول شما یک‌دهم شده 
و مطمئن باشید اونی که الان رو ۸۰درصد ضرره به ۹۰درصد هم میرسه"
986,350976,['مقاومت'],"یکی از مسئولین گفته نمیدونم چرا کاربران ایرانی اینقدر در برابر صیانت مقاومت می‌کنند
یاد خاطره از دوران مدرسه افتادم یکی از شاگردان شدیدا گریه میکرد مثل ابر بهاری اشک می‌ریخت
جلو رفتم سوال کردم چی شده؟
گفت آقا اکبر نمیذاره مدادم بکنم توی کونش"
987,350987,['خرید'],سلام وقت بخیر... آیا خرید صندوق درآمد ثابت محدودیت داره؟کل موجودی رو میشه خرید؟
988,350988,['قیمت'],استاد قیمت های جهانی امروز رو نمیذارید؟
989,350990,['خرید'],بله میشه خرید
990,350992,['کف'],به نظرم امروز و کم کم بانکی ها و خودرویی ها مثبت میشن و کف سازی خوبی کرده اند باید دید آیا اینبار حرکت خوبی خواهند داشت؟
991,350994,['فروش'],سپاس بابت راهنمایی...پول فروش سهام امروز رو  اجازه نداد بخرم...فک میکنم یک روز باید بگذره ک بتونم از پول استفاده کنم و صندوق بخرم....
992,350996,['فروش'],پول فروش دیروز رو اجازه داد.....
993,351008,['حمایت'],"📢عملا ارز ۴۲۰۰ تومانی در بودجه حذف شده است
اقتصاد آنلاین -  رییس کمیته اصلاح ساختار بودجه مجلس با اشاره به سازوکاری که در کمیسیون تلفیق برای ارز ترجیحی در نظر گرفته شده، گفت: بودجه ای که دولت به مجلس ارائه کرد، عملا ارزی با یک نرخ است و هیچ اشاره ای به دلار ۴۲۰۰ تومانی در بودجه ۱۴۰۱نشده است. اما دولت در همین بودجه مبلغی حول و حوش ۵۷۰هزار میلیارد تومان را برای جبران تبعات تورمی برآمده از حذف ارز ۴۲۰۰ تومانی و حمایت از تولید کنندگان و مصرف کنندگان در نظر گرفته است."
994,351021,['قیمت'],"غیر مستقیم ها بله از طریق پنل کارگزاری 
منتها قبلش باید تغییر کارگزار ناظر بزنن که ۶۰درصدی که آزاد شده بیاد رو پورتفو کارگزاری بعدش میشه فروخت .
منتها فروشش توجیه نداره با این قیمت ها"
995,351023,['قیمت'],فردا قیمت نفت و طلا دیدن داره
996,351062,"['حمایت', 'قیمت']","🔻تصمیمات مهم ستاد تنظیم بازار برای کاهش قیمت گوشت، برنج، روغن، پوشاک و لوازم خانگی

🔹در جلسه ستاد تنظیم بازار که وزرای صنعت معدن وتجارت، جهاد کشاورزی، دادگستری، اقتصاد و راه و شهرسازی نیز حضور داشتند، پس از ارائه گزارش در خصوص آخرین وضعیت روغن خوراکی، تصمیمات لازم برای تأمین ارز مورد نیاز روغن اتخاذ و مقرر شد روند تأمین روغن برای عرضه در بازار تسریع شود.

🔹کاهش قیمت برنج هندی از ۲۵ هزارتومان به ۲۰ هزار و ۵۰۰ تومان و برنج پاکستانی از ۲۴ هزار تومان به ۱۸ هزار و ۵۰۰ تومان از دیگر تصمیماتی بود که در این جلسه اتخاذ شد.

🔹در این نشست همچنین مقرر شد قیمت گوشت منجمد گوساله از ۱۱۷ هزار تومان به ۱۰۰ هزار تومان کاهش یابد.

🔹وزیر صنعت معدن و تجارت نیز در این جلسه گزارشی از عرضه مستقیم ۴۵۰۰ قلم کالا در فروشگاه های مختلف در سطح کشور ارائه کرد و گفت: اتحادیه پوشاک نیز در ۱۲۵ واحد بزرگ از ۱۰ اسفند تا ۲۰ فروردین عرضه مستقیم پوشاک را فعال خواهد کرد و در این طرح با مشارکت گسترده اصناف فعال در حوزه پوشاک، بین ۲۰ تا ۵۰ درصد تخفیف ارائه خواهد شد.

🔹همچنین پیرو جلسه وزارت صمت با تولیدکنندگان لوازم خانگی مقرر شد تا وضعیت قیمت ها دراین بازار به زمان شروع به کار دولت در شهریورماه بازگردد و اقدامات لازم برای تأمین ۴۹۶ هزار جهیزیه با تخفیف مناسب برای زوج های جوان صورت گیرد.

🔹در ادامه این جلسه گزارش هایی مبنی بر عدم همکاری برخی واحدهای تولیدی مورد بحث و تبادل نظر قرار گرفت و مقرر شد سازمان تعزیرات و سازمان حمایت از مصرف کنندگان و تولیدکنندگان روند قیمت اقلام برخی از این واحدها نظیر گروه کارخانجات صنعتی تبرک را مورد بررسی قرار داده وگزارش آن را به ستاد تنظیم بازار اعلام کند."
997,351096,['قیمت'],"قیمت دلار در معاملات بازار  غیررسمی به زیر ۲۶ هزار تومان رفته است

به نظر می‌رسد بازار ارز به استقبال توافق هسته‌ای و احیای برجام می‌رود"
998,351193,['قیمت'],✅ افت قیمت نفت پس از اخبار مربوط به توافق هسته‌ای ایران
999,351194,['خرید'],"اروپا آماده جایگزینی نفت ایران با روسیه در صورت لغو تحریم ها 

🔹بسیاری از پالایشگاه های مدیترانه ای در اروپا برای جایگزینی نفت ایران با روسیه در صورت احیا برجام و لغو تحریم ها، لحظه شماری می کنند.

🔹به گزارش عصرایران به نقل از وب سایت "" انرژی اینتل""، اکنون که صادرات نفت روسیه به اروپا با چالش‌های لجستیکی و حتی احتمال ممنوعیت هدفمند در نتیجه گسترش تحریم‌های غرب مواجه است، بازگشت بالقوه ایران به‌عنوان یکی از تامین‌کنندگان نفت خام به پالایشگاه‌های اروپایی، می‌تواند سریع‌تر از حد انتظار باشد.

🔹بر اساس این گزارش: پالایشگاه‌های یونان، ایتالیا، اسپانیا و ترکیه در گذشته نفت خام ایران را خریداری می‌کردند، اما با خروج آمریکا از برجام و بازگرداندن تحریم‌ها علیه ایران در سال 2018، مجبور شدند جایگزین‌هایی مانند نفت اورال روسیه را پیدا کنند.

🔹پالایشگاه های اروپایی به دلیل ترس از نقض لیست فزاینده تحریم های اعلام شده علیه روسیه، از هفته گذشته تمایلی به خرید نفت خام روسیه ندارند."
1000,351199,['قیمت'],در ساعات اخیر اخباری مبنی بر اتمام مذاکرات وین از رسانه ها و دیپلمات های مختلف شنیده می شود. قیمت دلار نیز در این ساعات روند کاهشی داشته و به مرز 25 هزار و پانصد تومان رسیده است.
1001,351201,['سیگنال'],بازار نفت هم از وین سیگنال توافق دریافت کرده است
1002,351204,['کف'],"نظر مدیرعامل ایران خودرو در مورد حذف قرعه کشی خودرو در سال 1401

مدیرعامل ایران‌خودرو گفت: 
با دستور رئیس جمهور از سال آینده خودرو‌ها کمتر از دو هفته در پارکینگ ایران خودرو باقی می‌مانند و به سرعت عرضه می‌شوند.

مهدی خطیبی گفت: 
برای سال آینده هدف‌گذاری شده تا تولید ما 750 هزار خودرو در سال باشد و بعد از این حداکثر خودرو‌های کف ایران خودرو، 40 هزار دستگاه خواهد شد و با توجه به تاکید رییس جمهور که دستور دادند حداکثر 2 هفته باید خودرو‌ها در انبار‌ها باقی بمانند دیگر از سال آینده بیش از این مدت، خودرو‌ها باقی نخواهند ماند.

مدیرعامل ایران‌خودرو افزود: 
در خصوص قرعه کشی‌ها تلاش خواهیم کرد از سال آینده با افزایش تولید و عرضه، خودبه خود شیوه قرعه کشی خاتمه یابد.
وی گفت: 
ما در یک ماه گذشته روزانه 100 دستگاه افزایش تولید داشتیم که با احتساب تولیدات قبلی روزانه 2 هزار 350 دستگاه خودرو به دست مشتریان می‌رسد."
1003,351232,['حمایت'],۲۳۴۰۰ الی ۲۳۷۰۰ حمایت خوبی داره دلار
1004,351235,['هدف'],"⭕️ مهم / فوری 
 
بیانیه مشترک همکاری آژانس و سازمان انرژی اتمی ایران

محمد اسلامی، معاون رئیس جمهور و رئیس سازمان انرژی اتمی ایران و رافائل گروسی، مدیر کل آژانس بین‌المللی انرژی اتمی بیانیه‌ای مشترک صادر کردند. 

معاون رئیس جمهور و رئیس سازمان انرژی اتمی ایران (سازمان) و مدیرکل آژانس بین‌المللی انرژی اتمی (آژانس) جهت شفاف‌سازی درخصوص مسائل مطرح شده در سند GOV/2021/52 به تاریخ ۲۶ آبان۱۴۰۰ (۱۷ نوامبر ۲۰۲۱) بر روی بیانیه مشترک زیر به توافق رسیدند.

سازمان و آژانس با هدف حل و فصل موضوعات توافق کردند، در ادامه همکاری خود همانطوری که در بیانیه مشترک مورخ ۵ شهریور ۱۳۹۹ (۲۶ اوت ۲۰۲۰)بیان شده است، همکاری‌ها و گفتگوهای بین خود را سرعت بخشیده و تقویت نمایند."
1005,351245,['قیمت'],"📈بانکی ها  امروز مورد توجهند و شاهد رشد قیمت در اکثر نمادهای گروه هستیم.

📈خودرویی ها نیز مثبت و متعادل داد و ستد می شوند."
1006,351252,['قیمت'],"تادیروز که قرار بود سهام برجامی رشد کنند ؟
پس چی شد حالا بگوید قیمت های کامودیتی،فلزی ، اوره و.. تودنیا رفته بالا
امروز ۷۰۰ میلیارد توسط لُنگ و کیسه از بورس خارج میشه ودوباره بازار به کما میره 
فعلاًحقوقی های نسبتاًمحترم یه نوسانی  گرفتن زدند بر بدن تا بعد"
1007,351256,['خرید'],فالوم مناسب خرید
1008,351257,['خرید'],فزربرای خرید مناسبه؟
1009,351281,['قیمت'],"اصلاً این دو باشگاه این ارزش ندارند
این قیمت فریب مردم است"
1010,351289,['مقاومت'],سلام حپترو دارم 2550 میانگین کم کنم یا نه مقاومت بعدی را بگید
1011,351300,['حمایت'],اینو به حساب همدلی نذارید فعالین بازار محاسبه کردن این دو تیم دارایی ملموسی ندارن ، این قیمتی هم که درآوردن ارزش برندشونه ، برند هم که رو هواست ، تازه از کجا معلوم چه تعداد از هوادارای تیم عضو بازار سرمایه باشن که بخوان از سهامشون حمایت کنن که قیمتش افزایش پیدا کنه
1012,351316,['تارگت'],"در ویو روزانه نیز تا زمانی که خط زرد رنگ به سمت پایین شکسته نشود تارگت های صعودی و بلند مدتی انس پا برجا خواهند بود 
البته یک نکته جالب نیز وجود دارد و آن اینکه ایندکس دلار نیز به محدوده حمایتی وارد شده است و میتوان منتظر تحرکات آن نیز بود ..."
1013,351321,['قیمت'],"پرواز نفت به کانال ۱۳۰ دلاری

🔻با بازگشایی بازارهای جهانی قیمت نفت برنت با جهش عجیب ۱۲ دلاری تا ۱۳۰ دلار هم افزایش یافت.

🔻این قیمت نفت از اواسط سال ۲۰۰۸ به این سو، یعنی طی حدود ۱۴ سال گذشته، بی‌سابقه بوده است.

🔻همچنین نفت wti هم در ابتدای معاملات بازار جهانی با جهش بیش از ۱۵ دلاری به کانال ۱۳۰ دلاری رسید و با نفت برنت برابر شد."
1014,351338,['خرید'],شما چه اصراری داری خبر سوخته بزاری سهم خرید نکردی😜
1015,351340,['فروش'],"سلام دوستان سهام افزایش سرمایه فایرا کی قابل فروش هست؟فعلا"" تو پرتفوی آمده ولی تعداد ۰ خورده"
1016,351361,['قیمت'],"قیمت فلزات پایه رکورد زد

 🔸قیمت فلزات پایه و کامودیتی‌ها در پی جنگ روسیه و اوکراین به رکوردهای تاریخی دست یافتند و پیش‌بینی می‌شود با ادامه جنگ به روند صعودی خود ادامه دهند. بحران کرونا طرف تقاضا بازار را ترک کرد، اما اکنون طرف عرضه روند بحرانی را به تصویر کشید.

🔸️در حالی که صنایع ایران به دلیل نزدیکی به توافق وین، به آینده بازار خوش‌بین بودند، اما اکنون روسیه دست‌اندازی جدی در مسیر توافق شناخته می‌شود.

🔸شاید در حال حاضر افزایش قیمت‌ فلزات، به نفع صنایع بورسی تمام شود، اما رفته‌رفته بحران انرژی صنایع مختلف ایران را با چالشی جدی مواجه می‌سازد."
1017,351362,['قیمت'],"✅ پالادیوم به اوج تاریخی خود رسید

⭕️پالادیوم در معاملات امروز به بالای سطح ۳۴۰۰ دلار در هر اونس رسید که ۴۰۰ دلار بالاتر از بالاترین سطح تاریخ خودش است.

⭕️ این افزایش شدید از آن جهت بود که روسیه با تولید ۴۰ درصد پالادیوم جهان، بزرگترین تولید کننده پالادیوم است. همچنین ممنوعیت روسیه از دسترسی به سوئیفت در کنار بسته شدن حریم هوایی روسیه، نگرانی‌ها از تامین پالادیوم را افزایش داده است. پالادیوم عمدتا توسط هواپیما منتقل می‌شود.

⭕️ پالادیوم عمدتا در مبدل‌های کاتالیزوری در خودروهای بنزینی استفاده می‌شود که اگرچه افزایش قیمت آن چندان تاثیری در قیمت خودروها ندارد، اما کمبود آن خصوصا در کشورهایی که قوانین سفت و سختی در زمینه محیط زیست دارند، می‌تواند باعث کمبود عرضه خودرو شود."
1018,351369,['قیمت'],"✅ قیمت نیکل به 100 هزار دلار رسید

⭕️ برای توصیف آنچه در بازار کامودیتی‌ها خاص در حال حاضر در حال رخ دادن است، نمی‌توان کلمات زیادی انتخاب کرد. نیکل که جمعه با افزایش شدید قیمت به 30000 دلار کار خود را پایان داد امروز به 100000 دلار رسیده است.

⭕️ وضعیت روسیه و اوکراین شرایط را در بازار کامودیتی‌ها تشدید کرده در حالی که نقدینگی به دلیل ترس و عدم اطمینان کاهش می‌یابد."
1019,351383,['قیمت'],"✅ قیمت نفت WTI به ۱۲۸ دلار رسید

⭕️ اخبار مبنی بر ممنوعیت نفت روسیه توسط ایالات متحده و بریتانیا منجر به این شد که قیمت نفت WTI با افزایش ۹ دلار به ۱۲۸ دلار در هر بشکه برسد.

⭕️ نکته جالب توجه اینکه دیگر کمتر کسی در مورد جبهه جنگ در اوکراین صحبت می‌کند."
1020,351386,"['هدف', 'قیمت']","✅ بایدن رئیس جمهور آمریکا: واردات نفت و گاز روسیه ممنوع خواهد شد

⭕️ ما پس از مشورت با هم‌پیمانان خود به این تصمیم رسیدیم.

⭕️ ممکن است متحدین اروپایی نتوانند به ما بپیوندند.

⭕️ ممنوعیت انرژی شامل اورانیوم نمی‌شود.

⭕️ همچنان متعهد به افزایش فشار بر روی پوتین هستیم.

⭕️ در مورد انرژی، ما از نزدیک به شرکای اروپایی خود همکاری می کنیم.

⭕️ این ممنوعیت در ایالات متحده برای ما هزینه خواهد داشت.

⭕️ هم دموکرات‌ها و هم جمهوری‌خواهان موافق کاری هستند که باید انجام شود.

⭕️ اقتصاد روسیه در حال فروپاشی است.

⭕️ پوتین به خانواده‌های آمریکایی در پمپ بنزین آسیب می‌زند.

⭕️ما در حال برداشتن گام‌هایی برای اطمینان از تامین انرژی جهان هستیم.

⭕️ این ممنوعیت باعث میشود قیمت بنزین بالاتر برود.

⭕️ من  شریان اصلی اقتصاد روسیه را هدف قرار دادم"
1021,351388,['ضرر'],اگه هزار دلارم بشه ضرر ما تو پالایش که جبران نخواهد شد....
1022,351416,['خرید'],ایران خودرو به صف خرید نشست
1023,351435,['قیمت'],قیمت نفت رو ببین اگه خبری نبود  افت نمیکرد
1024,351436,['قیمت'],قیمت نفت به دلیل اینکه عراق اعلام کرد اگر همه اعضا توافق کنن تولید را افزایش می دهیم اومد پایین که موقتی بود و باز تا حدودی  برگشت بالا
1025,351441,['قیمت'],اتفاقا روسیه و اوکراین دارند به  صلح نزدیک میشن  قیمت کامودیتی ها رانگاه کنید ببینید ناگهان  چقدر کاهش داشتند
1026,351456,['قیمت'],برادر من بدبختی قیاس نا موزون هست نه قیمت خودرو در اینجا و اونجا
1027,351461,['قیمت'],حواسمومو با قیمت خودرو پرت کردن دیگه به افزایش قیمتهای بقیه چیزا از مسکن گرفته تا مداد گیر ندیم
1028,351463,['قیمت'],الان فاز اونایی که دیس لایک کردن چیه!!؟ یعنی موافق قیمت پرایدن یا مخالف قیمت تویوتا!؟😂
1029,351468,['قیمت'],دوستان قیمت خودرو خیلی زود کاهشی شدید میشه
1030,351472,['قیمت'],امیدوارم قیمت خودرو ارزون شه یا اینایی که باعث گرونی خودرو هستن نابود شن
1031,351477,['هدف'],"برای حکومت صدام حسین که در سوم خرداد ۶۱ خرمشهر را از دست داده بود و ضربه حیثیتی در جنگ و جهان خورده بود
بسیار مهم بود که با میزبانی بزرگ ترین نهاد بین المللی بعد از سازمان ملل،به ترمیم وجهه خود بپردازد 
این در حالی بود که بغداد در حصاری از موشک های ضد هوایی قرار داشت و ارتش صدام ،حق داشت به امنیت پایتخت ببالد
اما ۶ خلبان ،ریسک سیاسی ترین حمله هوایی تاریخ کشورشان را پذیرفتند 
بدین ترتیب سه هواپیمای اف ۴ به پرواز درامدند 
دو هواپیما از مرز گذشتند و به سمت بغداد رفتند و سومی بر فراز مرز ماند تا درصورت نیاز به کمک اقدام کند....

بدین ترتیب در روز ۳۰ ام تیر ۶۱ ناگهان غرش هواپیماهای ایرانی در اسمان بغداد ،چشم ها را متوجه اسمان کرد .هواپیمای ایرانی بمباران را آغاز کردند  و از جمله پالایشگاه الدوره را هدف قرار دادند 
همزمان هزاران گلوله ضد هوایی و ده ها موشک به سمت هواپیمای آنها شلیک شد و یکی از این موشک ها ،به دم هواپیمای عباس دوران و منصور کاظمیان اصابت کرد....

دوران از کاظمیان خواست که با چتر نجات بیرون بپرد و با فشردن دکمه خروج اضطراری کابین کمک خلبان او را با چتر نجات از هواپیما بیرون انداخت دوران بعد از ان که خیالش از بابت همرزمش راحت شد 
هواپیمای نیمه سوخته اش را  که نه بمبی داشت و نه موشکی ،به سمت هتل قرق شده ای که قرار بود میزبان اجلاس عدم تعهد باشد هدایت کرد و لحظاتی بعد آنچه بر جای ماند هتل ویران  اجلاس بغداد بود و هواپیمایی تکه تکه و البته پیکر سوخته شده عباس دوران

خبر این حمله هوایی و انهدام هتلی که قرار بود محل اقامت سران باشد 
به سرعت در جهان پیچید و میزبانی از عراق گرفته شد 
حیثیت سیاسی حکومت بغداد نیز بمباران شده بود....

بیست سال بعد ،در تابستان گرم ۱۳۸۱ از شهید عباس دوران تکه ای از استخوان سوخته پایش به وطن بازگشت و در شهر شیراز به خاک سپرده شد.‌‌‌‌....!!"
1032,351480,['سیگنال'],نگرانم مثل کسی که سهام شتران و شپنا رو با سیگنال نفت 130 دلاری خریدم ولی الان نفت 20 درصد ریخته!!!😭 شنبه جهنمی
1033,351485,['سقف'],اگر به اینا بود که بورس الان باید شاخصش 4 ملیون باشه، محرک این چند روزه سهامای نفتی و کامودیتی قیمتهای جهانی بود که این دیروز از سقف قیمتی که تاچ کردن ریزش شدید داشتن
1034,351488,['کف'],در ضمن شتران از کف قیمتی 340 تومن یه  رشد شارپ داشته حدودا شصت درصد من بودم فعلا خروج میزدم صف خریدش هم که عرضه شد و خیلی حجم خورد نگاه نکردم آر اس ای و اندیکارتورهای دیگه چه وضعی دارن ول مطئنم تو منطقه اشباع خریدن
1035,351489,['قیمت'],اینجوری به قضیه نگاه کنید بهتره توی این چند روز بازاری جهانی فقط نوسان شدید دادن و جایی ثابت نموندن نمونش قیمت طلا... با یع خبر کوچیک 20 درصد نوسان میکنن، حالا فکر کن خبر اتش بس یک هفته ای بیاد
1036,351490,"['سیگنال', 'سقف']",تو نمودار نفت یه سقف دوقلو هست و توی نمودار طلا سروشانه برعکس... این یه سیگنال قوی برای کریپتو هست.
1037,351506,['قیمت'],شرکت ها هم قیمت محصولات و خدماتشان را افزایش خواهند داد، اتفاقا بهانه ای خواهد بود برای افزایش چند برابری قیمتها و فقط دودش به چشم کارمند خواهد رفت که افزایش حقوق ده درصدی داشته
1038,351523,['قیمت'],"اعتماد: شکست برجام و ارجاع پرونده ایران به شورای امنیت،بزرگترین هدیه به مسکو است

اعتماد نوشت:

🔹روسیه نیاز دارد تا فشار را از خود بردارد. برای این کار باید نقطه بحران جابه‌جا شود. موضوعاتی مانند حمله چین به تایوان یا درگیری‌های جدید در خاورمیانه یا بن بست در مذاکرات برجام و حالت تهاجمی گرفتن سیاست در ایران می‌تواند بهترین حالت برای روسیه باشد.

🔹طرح فریب می‌تواند اینگونه رقم بخورد که روسیه تا تامین منافع خود پای سند برجام را امضا نخواهد کرد. تداوم بحران در اوکراین و افزایش تحریم‌ها موجب افزایش قیمت نفت و گاز و تشدید بحران می‌شود. از سویی تندروهای ایرانی و امریکایی، هرکدام با نیاتی به ظاهر متفاوت از نتیجه مذاکرات راضی نیستند. 

🔹این در حالی است که عدم قطعیت در پرونده برجام، می‌تواند به معنای خروج دیگر کشورها از آن و فروریختن ساختار بنایی باشد که دولت رییسی هم علیرغم لفاظی‌های تندروهای ایران، به ساختار آن وفادار ماند."
1039,351526,"['خرید', 'فروش']",بهترین مردم رو داریم ... امروز توی صف فروش میدن به حقوقی ، فردا از حقوقی در صف خرید میخرن....
1040,351529,['ضرر'],والله ما نیستیم خودشونند دیگه با اینهمه ضرر ما بیخیال شدیم😑
1041,351531,['ضرر'],"البته اغلب اینا خودشونن... یعنی خود همین حقوقی ها و کدهای حقیقی شون...
وگرنه ماها بعد ۹۰ درصد ضرر سبدهامونو نگاه هم نمیکنیم 😔🤦‍♂😭"
1042,351533,['ضرر'],منم تا کنون هیچ سهمی به ضرر نفروختم صبر میکنم خیلی ضررم دارم ولی به حقوقی حرام خور نمی فروشم
1043,351534,['ضرر'],یعنی سهمی که ۶۷ درصد ضرر هست ، بنظرتون توان‌جبران داره؟
1044,351547,['قیمت'],بازی سیاسیون هست فکر میکنن اینجوری تورم رو کنترل کردند ، سرشون رو کردند تو برف و فقط زیر برف بازار سرمایه رو میبینند ، قیمت خودرو مسکن و طلا و هزاران چیز دیگه رو نمیبینند که هیچ کنترلی روش ندارند ، مردم رو تو بورس بیچاره کردند ، انشالله در عذابش گرفتار بشوند
1045,351560,"['حمایت', 'مقاومت']",سلام حپترو تحلیل مقاومت و حمایت
1046,351562,['خرید'],"سلام عرض ادب 
سوال داشتم از استاید 
بورس چه روزی تو اسفند بسته میشه و چه روز در فروردین باز میشه واسه خرید و فروش؟؟؟؟؟؟؟؟؟"
1047,351563,['قیمت'],قیمت دلار آزاد که به بالای ۲۶ رفته بود در این لحظات به محدوده ۲۵۷۰۰ رسیده
1048,351579,"['حمایت', 'مقاومت']",سلام تحلیل کاما حمایت و مقاومت سهم 1081 دارم میانگین کم کنم
1049,351638,['قیمت'],"آپارتمان تو تهران فروخته متری ۹.۲۰۰😅 تو کویر لوت هم اپارتمان صفر این قیمت نیست. فقط متری ۷ میلیون هزینه ساختشه😅
با شکایت درست نمیشه، ۲-۳ سال باید بدویی تو دادگاها، اخرم میبینی طرف پارتیش کلفته، یا تهدیدت میکنن بیخیال شی، یا در بهترین حالت اگه بخوان حال بدن ی پولی بهت میدن بیخیال شی و فقط خسارت خودتو بهت میدن، پول بقیه سهامدارارو بالا میکشنو یه آبم روش."
1050,351744,"['خرید', 'قیمت']","سلام
لطفا یه سایت خوب برای خرید vpnبرای ترید با ای پی ثابت بهم معرفی کنید
تو اینترنت گشتم واقعا گیج شدم قیمت ها خیلی با هم فرق داشت گفتم از کسانی که استفاده می‌کنند و راضی هستند بپرسم بهتره
پیشاپیش از راهنمایی شما ممنونم"
1051,351752,"['خرید', 'قیمت']",سلام یه سوال داشتم چرا من وقتی تو کوکویین اردر میزارم اردرم نزدیک به قیمت مارکت باشه میانگین میزنه و خرید میکنه خودکار درحالی ک به قیمتی ک من گفتم هنوز نرسیده
1052,351797,['کف'],اغلب سهم های گروه ماشين آلات و تجهيزات  مثبت شدن و خوب اومدن بالا جالبه که تایرا با اینکه کف کانال نزولیشه هنوز نیومده بالا !!
1053,351799,['خرید'],در گروه رايانه و فعاليت‌هاي وابسته به آن  اغلب سهم ها مثبت و صف خرید شدن رکیش و مفاخر و مداران همچنان دارن دست و پا میزنن و آپ هم صفر تابلوست
1054,351802,['کف'],جالبه که غگلپا هم توی کف مثلثه ولی فعلا بازار به هیچ کدومشون توجهی نمیکنه
1055,351813,['فروش'],"مملکت گل و بلبل نیست، توش فساد و غارت و رانت بیداد می‌کنه اما قرار نیست به عالم و آدم توهین بشه
خاک بر سر گروهی که توش فقط توهین و دروغگویی هست...
آب و نان ایران و مردمش رو میخورن برای وطن فروش ها پرچمداری میکنن"
1056,351832,['حمایت'],درود به همه دوستان اگر امروز در سختی های روزگار نتوانیم در کنار هم باشیم و از یکدیگر حمایت کنیم دوست داشتن را از یاد ببریم فردای آسایش انسانهای بی تفاوت و غمگینی هستیم که هیچ خاطره ایی از ایثار و از خود گذشتگی نداریم تا به آن افتخار کنیم و لبخند رضایت از بیهوده نبودن زندگیمان بر روی صورتمان نقش ببند عزیزان ما با هم فکری و کمک به یکدیگر صاحب جامعه ایی ایده آل می‌شویم برای چنین جامعه ایی هرچند کوچک باید از خود گذشتگی و بخشش داشته باشیم
1057,351835,"['حمایت', 'مقاومت']",سلام بی زحمت تحلیل ولراز مقاومت و حمایت مناسب هست میانگین کم کنم و زمان خروج
1058,351853,['ضرر'],"ببخشید اگه اینو میگم
ولی سهامی ک ۷۷% تو ضرر باشی دیگه‌تحلیل نمیخواد
الان تحلیل شد 
ک چی ؟ 🌺"
1059,351857,['ضرر'],"دوست عزیزم
قصد توهین نداشتم ک🌺
شما گفتین هزاران نفر 
حالا شما آموزش دیدین بقیه چی؟؟؟ دیدن؟
بعدشم دلیلی نداره با ی سهمی تا ۷۰% ضرر بمونیم"
1060,351858,"['ضرر', 'فروش']",سلام. یعنی آموزش دیده ها ضرر نکرده اند؟من فردی را می شناسم که یکی از ۱۰۰ تحلیل گر برتر ایران هستند.ایشان هم ۵۰ درصد در ضرر هستند.شاید شما بفرمائید حد ضرر را رعایت می کردید!دوست عزیز در بازاری که دامنه محدود و صف فروش است،امکان فروش وجود ندارد. در سهم مادیرا که دوستمان مطرح کرده، در زمان دامنه نامتقارن(منفی ۲ تا مثبت ۶)در عرض دو ماه، بک میایون سهم معامله نشده،چطور می تونسته با فعال شدن حدضررش بفروشه؟
1061,351859,"['ضرر', 'فروش']",این حد ضرر برای ما شده آموزش دیدن. زمانیکه صف است امکان فروش بسیار پائین است.
1062,351860,['ضرر'],"صحبتی که هست اینکه بورس ما خیلی بی پایه و اساس تر از اونیه که بخوایم اصولی پیش بریم‌.یه روز میشه کیسه خزانه اونایی که بودجه کم آوردن.یه روز دیگه تحت تاثیر تصمیمات یه مشت از خدا بی خبر میریزه...
صحبتی که هست اینکه درمقابل ناچاری هموطنامون چهره حق به جانب نگیریم.اگه امروز از جیب من رفته مطمئنا فردا از جیب شما هم میره ..به یه طریق دیگه .
در مورد حد ضرر میانگین گیری و بقیه اوصاف هم نیاز نیست که بگم برای یک سهم دوسهم این مورد صدق میکنه نه وقتی که کل سهامی که توی پرتفوی داری ریزش کنه.علی الحال پشت هم باشیم نه تو روی هم.یاعلی"
1063,351861,['کف'],"فرمایش شما درست
ولی همین مادیرا چقد سود داده؟؟؟؟؟
میشه بفرمایید از کف دوسال قبل"
1064,351862,['ضرر'],ما آموزش دیدیم‌ و خیلی تو سود خوبی بودم ولی اون زمانی بود که همه سهاما یه روزه سقوط کرد همون موقع من ضرر زیادی کردم و فقط مجبور شدم صبر کنم
1065,351864,['ضرر'],"الان خیلی از صندوق ها و شرکت های سبد گردان در ضرر های سنگین هستن و همه اشون هم تیم های قوی از مدیران مالی و تحلیلگران بنیادی و تکنیکالی و... دارن ... 
اونا هم آموزش ندیدن؟"
1066,351866,['ضرر'],"مگه قراره همش ضرر کنیم
😕
فرضا شما ۵۰ تومن ضرر کردی
آیا با سهمی ک ۷۰% ضرره باید بمونی و تماشا کنی؟؟؟؟؟؟"
1067,351869,"['حمایت', 'ضرر']","شما یه سبد دارید  7 تا سهم داره ، همه اشون رو 20 درصد حد ضرر میگذارید ( فرضا ) بعد میبنید همه میان حد ضرر میزنن ( همه رو هم در حمایت های خوبی خریدید ) بعد دوباره 5 سهم دیگه میخرید باز 20 درصد حد ضرر میگذارید باز میان حد ضرر میزنن 
40 درصد رفت.... !! به همین راحتی"
1068,351870,['ضرر'],"بد متوجه نشدم دوست عزیز
منظورم اینه فرضا در ضرر باشم
آیا قرار نیست ب سود برسیم"
1069,351873,['حمایت'],وقتی معاون رئیس جمهور برای شاخص حمایت مشخص میکنه دیگه باید فاتحه خوند... که خوندیم
1070,351887,['قیمت'],خدایی کجای پراید پژو ۴۰۵ جهانین که قیمتاشون جهانی باشه این کارشناس اندازه گوسفند فهم نداره که راه به راه واسه افزایش قیمت خودرو نظر میدن
1071,351888,['قیمت'],بگوووو با این همه تنوع تولید آهن آلات متحرک، کدوم ماشین ایران خودرو و سایپا استاندارد جهانی داره که با قیمت جهانی محاسبه میشه
1072,351948,"['حمایت', 'مقاومت']",سلام تحلیل ولراز مقاومت و حمایت
1073,351998,['هدف'],"۲۵ درس‌ زندگی از زبان یک مرد هشتاد ساله:

۱. با دیگران محکم دست بده.

۲. به چشم‌های آدم‌ها نگاه کن.

۳. زیر دوش آواز بخون.

۴. سیستم پخش موزیک مجهزی داشته باش.

۵. اگه وسط یه دعوا گیر افتادی، ضربه‌ی اول رو خودت بزن و محکم هم بزن!

۶. راز نگهدار باش.

۷. هيچ‌وقت از هیچ آدمی ناامید نشو. معجزه‌ هر روز رخ میده.

۸. همیشه با آغوش باز از دستی که به هدف کمک به سمتت دراز میشه، استقبال کن.

۹. شجاعت داشته باش. حتی اگه نداری، وانمود کن که داری. چون هیچ آدمی نمی‌تونه تفاوتش رو متوجه بشه.

۱۰. سوت زدن و خوشحالی کردن رو یاد بگیر.

۱۱. از زخم زبون و کنایه زدن به کسی دوری کن.

۱۲. شریک زندگیت رو با دقت انتخاب کن. از همین یه تصمیم نود درصد خوشبختی و بدبختیت شکل می‌گیره.

۱۳. خوبی کردن به آدما بدون اینکه به روشون بیاری رو برای خودت تبدیل به یه عادت کن.

۱۴. فقط اون کتاب‌هایی که برات مهم نیست دوباره بدستشون میاری یا نه رو به بقیه قرض بده.

۱۵. هیچ آدمی رو از داشتن امید محروم نکن؛ شاید این تنها چیزی باشه که یه نفر داره.

۱۶. وقتی با بچه‌ها بازی می‌کنی، بذار اونها برنده بشن.

۱۷. به آدما یه شانس دوم بده، ولی هرگز شانس سومی رو در اختیارشون نذار.

۱۸. احساساتی و رمانتیک باش.

 ۱۹. تبدیل به مثبت‌اندیش‌‌ و باانگیزه‌ترین آدمی شو که می‌شناسی.

۲۰. شل کن. رها باش. جز در مقابل زندگی عالی و مرگ.

۲۱. نذار گوشی و اینترنت مزاحم لحظات مهم زندگیت بشن.

۲۲. بازنده‌ی خوبی باش.

۲۳. برنده‌ی خوبی باش.

۲۴. قبل از اینکه رازی رو روی دوش یه شخص قرار بدی، دوباره تجدید نظر کن. 

۲۵. وقتی کسی رو بغل می‌کنی، بذار اول اون شخص از بغلت خارج بشه......!!"
1074,352077,['فروش'],یک ماه پیش وقتی صف فروش بود ، عرض کردم که یک ماه دیگه مجدد عکس میندازم
1075,352092,['قیمت'],"قیمت سکه به ۱۲ میلیون و ۴۰۰ هزار تومان رسید

 🔹در ساعت ۱۳ و ۵۰ دقیقه امروز ارزش هر قطعه سکه تمام بهار آزادی طرح جدید به ۱۲ میلیون و ۴۰۰ هزار تومان رسید. سکه تمام بهار آزادی طرح قدیم نیز با قیمت ۱۲ میلیون و ۲۰۰ هزار تومان معامله شد.

🔹همچنین امروز نیم‌سکه بهار آزادی هفت میلیون و ۲۰۰ هزار تومان، ربع سکه چهار میلیون و ۵۰ هزار تومان و سکه یک گرمی ۲ میلیون و ۴۵۰ هزار تومان قیمت خورد.

🔹علاوه بر این، در بازار طلا نیز نرخ هر گرم طلای ۱۸ عیار به یک میلیون و ۲۳۷ هزار و ۳۵۵ تومان رسید و قیمت هر مثقال طلا نیز پنج‌ میلیون و ۳۶۰ هزار تومان شد./ایرنا"
1076,352108,['قیمت'],بستگی به قیمت خریدتون ، دید سرمایه گذاریتون و خیلی چیزای دیگه داره
1077,352138,['قیمت'],"⭕️ مهم؛

پیشنهاد قیمت محصولات کشاورزی با توجه به تغییر نرخ گندم

با این قیمت چغندر، قیمت شکر احتمالا افزایش 2 برابری خواهد داشت."
1078,352155,"['خرید', 'فروش', 'قیمت']",یک ماه پیش وقتی در قیمت  164 تومن صف فروش بود ، عرض کردم که یک ماه دیگه مجدد عکس میندازم  و امروز بالای 208 تومن صف خرید است ...
1079,352158,"['خرید', 'قیمت']","همه نمادهای قندی به صف خرید نشستند

🔺باتوجه به تغییر نرخ گندم، جهاد کشاورزی قصد دارد قیمت خرید تضمینی چغندر را به محدوده 25 تا 26 هزار تومان افزایش دهد."
1080,352210,['خرید'],صبح تا آستانه صف خرید رفت حالا هم روند معاملاتش خوبه اینطوری ادامه بده و روند بازار بهتر بشه می تونه صف خرید بشه
1081,352211,['کف'],سعی کنید جوگیر نباشید ، سهما در کف که بنیادشونم معقوله بخرید ، در بازار پره از سهم های خوب ، الکی جو نگیردتون
1082,352243,['فروش'],سلام لطفا در مورد شستا راهنمایی می کنید نگهداری یا فروش ؟ 4درصد ضررم
1083,352249,"['خرید', 'فروش']","نمایش کل عمق مظنه‌ها از ۱۵ فروردین‌ماه

✅ به گزارش همفکران چندی پیش خبری مبنی بر این که معامله‌گران آنلاین می‌توانند از ۱۵ فروردین ۱۴۰۱ به‌ جای ۵ مظنه  ۲۰ مظنه را در سمت خرید و فروش مشاهده کنند، منتشر شد.

✅ پیگیری‌های همفکران نشان می دهد، از  دوشنبه هفته آتی، به جای نمایش ۲۰ مظنه گفته شده، تمامی مظنه ها برای معامله گران به نمایش در خواهد آمد. به طوری که مهدی پارچینی مدیر نظارت بر بورس‌های سازمان بورس و اوراق بهادار، در گفت‌وگو با خبرنگار همفکران گفت: کل عمق مظنه از ۱۵ فروردین نمایش داده خواهد شد."
1084,352271,"['خرید', 'فروش', 'قیمت']","قیمتهای خودرو ها رو که نگاه میکنیم مسخره بازیی بیش نیست 

لاتاری و قرعه کشی و این مسخره بازی رو     یه نفر از مقامات دولتی بیاد برا مردم توضیح بده دلیلیش چیه
 
چرا خودرو
  تو هر بنگاه یا سایت های فروش خودرو  یا دیوار بریم با قیمت آزاد  راحت خرید و فروش میشه با اخلاف ۱ تا ۵ میلیون  و چرا نباید خودرو به قیمت بازار آزاد به فروش برسد ولی با کیفیت خیلی بهتر و بروز تر 
چرا باید همچین سودی نصیب دلال شود ⁉️

ولی خودروسازهای ما باید نصف قیمت بازار آزاد خودرو رو بفروشن  و اینقدر خودروی بی کیفیت   همانند فروغون  تولید کنند 

واقعا باید تاسف خورد روزی میلیونها بار😡😡😡 

دیروز رفتم یک خودروی ایرانی بخرم به عنوان خودروی دوم  سالها بود سوار خودروی ایرانی نشده بودم
 
هر کدوم از خودروها مدل به مدل بی کیفیت تر و آشغالتر و فروغون تر از اون یکی واقعا خجالت آور هست و باعث تاسف که این همه زحمت و سرمایه صرف تولید این خودروهای لگن میشه  و بیشتر هم مقصر خودروسازان هستن 

خودروساز خودش اگر دزد و رانت خوار نباشه خودش زیر بار تولید این آشغالها نمیره  
مدیر خودرو ساز  بیاد رک و پوست کننده حرفشو  بگه 
مقصر مدیران خودرو ساز هستن که زیر بار این قیمتهای دستوری میرن

  دیگه امروز کلافه شدم و بایک مدیر خودروساز تماس گرفتم و گفتم این چه وضعشه این چه آشغالهایی هست که تولید میکنید 
۲۰۶ اتومات موتورش  صدای هلیکوپتر میده  
شاهین از تیکه تیکه های بدنش صدا در میاد  فکر میکنی ماشین پلاستیکی سواری 
پرشیاها تا۵ هزار تا اولیه خوبه بعد از همه جاش صدا در میاد آپشنهاشون همشون مثل فروغون 

دنا پلاس که خیر سرشون بهترین ماشین ایرانی هست یک سال نشده زرتش در میاد و مصرف بنزین وحشتناک  و بدون آپشن 

امنیت و ترمز که دیگه  نگو با هر کدوم از ماشینای ایرانی با سرعت ۶۰ تا ترمز ناگهانی کنید ترمز نمیگیرن یه بار حتما تست کنید تو سرعتای بالای ۱۰۰ تا که دیگه  ترمز مساویست با مرگ صد در صدی 

کیسه هوا ها که کاملا غیر استاندارد و اصلا باز نمیشن  
به خاطر پلتفرم بدنه خودروهای قدیمی پژو و پراید اگرم کیسه هوا در بیاد خود کیسه هوا آسیب جدی به سرنشین وارد میکنه   
خلاصه وقتی این حرفا رو زدم گفت عزیز جان تا وقتی این قیمتهای دستوری هست  همینه 
گفتم خوب قیمت خودروهاتون رو قیمت بازار آزاد کنید ولی با کیفیت خیلی بهتر 
به والله ۹۵ درصد  مردم دارن خودرو رو قیمت  آزاد میخرن چه دلیلی داره این قرعه کشی و این قیمتها چیزی نصیب مردم نمیشه خودتونم گول نزنید سر مردم م کلاه نزارید مردمم خر فرض نکنید خودتون دارید اول میدزدین و از این رانت  اختلاف قیمت کارخانه و آزاد استفاده میکنید 

وگرنه دلتون با حال مردم نسوخته 
یکی از آشنایان ما داره ۳ ساله هر سری تو تو این قرعه کشی مسخرتون برا ۶۰ نفر از فامیل  ثبت نام میکنه فقط یه بار به نام یکیشون در امده 


خلاصه این خودروهای بی کیفیت ضررهای چند پهلو داره برا کشور و دولت 

به شرکتهای بیمه ای خسارت وارد میکنه به خاطر آمار تصادفات و کشته ها و معلولین
 
به بیمارستانها هزینه های هنگفت وارد میکنه  به خاطر این آمار وحشتناک  تصادفات و نقص عضوها و شکستگیها و جراحات سخت 

به خانوادها خسرات جبران ناپذیر وارد میکنه در اثر تصادفات چه خانوادهایی که یتیم و بی سرپرست نشدن و فرزندانشون رو از دست ندادن 

به انرژی کشور خسارت وارد میکنه به خاطر مصرف سوخت سرسام آور این خودروهای لگن 

به محطیت زیست و طبیعت خسارت وارد میکنه به خاطر آلودگی این خودروهای فروغون 

به روحیه و  دلخوشی  مردم هم خسارت میزنه 
هیچ لذت رانندگیی تو  این خودروها نیست
 
به غول پیغمبر اسلام 
مرکب خوب خونه خوب همسر خوب یکی از لذتهای   این دنیاست که به لطف مسئولین دزد خودرو ساز از مردم ایران صلب شده 

خلاصه هر چی زودتر باید قیمت خودرو کارخانه رو به قیمت بازار آزاد برسونن  ولی به شرطی که خودروی با کیفیت تر و پر آپشن تر و با امنیت تر تولید کنن 

این مدل خودروسازی(فرغون سازی )

 مشکل و فاجعه اول کشور هست و تمام مقامات کشور باید از( رهبری) تا رئیس جمهور تا نمایندهای مجلس و وزرا سریعا باید  به داد مردم برسن 
این آمار کشته ها و قطع عضوهای هموطنانمون واقعا فاجعست  هر آن ممکن است تک تک مون به بلای ناگهانی این خودرهای آدم کش دچار شویم 
واقعا ارابه مرگن 

مدیران خودروساز بدونید 

 تک تکتون   
شریک و قاتل خون ریخته شدن تک تک ایرانیهای کشته شده بر اثر تصادفات جاده ای این خودروهای آدم کش هستین 

لطفا نشر دهید"
1085,352339,"['حمایت', 'مقاومت']",سلام خکار تحلیل مقاومت و حمایت
1086,352360,"['حمایت', 'مقاومت']",سلام کاما حمایت و مقاومت
1087,352368,['خرید'],دوست عزیز تا شاخص ۱۵۰۰۰۰۰رو رد نکرده خرید ریسکش بالاست
1088,352392,['قیمت'],امروز  ایران‌خودرو ثبت نام داره با قیمت جدید ولی خودروافشایی نزده
1089,352395,['حمایت'],متشکرم ولی بنده عرض کردم بلند مدتی، و بنظر شخصی من 100 تومان حمایت بسیار مهمی براش هست و همین روزها رشد حداقل 70 یا 80 درصدی خواهد داشت.
1090,352396,['کف'],بلند مدتی خوبه تقریبا کف سهم همین جاهاست رشد ۷۰ یا۸۰ نمیدونم
1091,352401,"['کف', 'هدف']","فاما 
دوستان دیروز حقیقی درصدی زیادی وارد شدن و امروز ب مثبت ۳ رسید 
سهم حرکت نکرده و یکماه کف سازی کرده 
با هدف میانمدت میشه وارد شد و سود ۷۰ ۸۰ درصدی راحت گرفت"
1092,352455,['قیمت'],"❇️آغاز قطع برق صنایع از اردیبهشت

🔹بهادر احرامیان، نائب رئیس انجمن تولیدکنندگان فولاد ایران، امروز اعلام کرد که قرار است برق واحدهای فولادی از اردیبهشت ماه قطع شود.

🔹انجمن فولاد بارها اعلام کرده است که با بالابردن قیمت حامل‌های انرژی برای بخش صنعتی و به‌ویژه فولادی‌ها، تولید اصلا به‌صرفه نیست. زیرا در ایران تولیدکنندگان ناچارند از سنگ‌آهن و گاز برای تولید فولاد استفاده کنند. اما در جهان، فولاد به روش کوره بلند تولید می‌شود.

🔹با افزایش نرخ حامل‌های انرژی و برق صنایع برای بخش خصوصی، می‌توان انتظار داشت که سرمایه‌گذاران از این حوزه کوچ کنند.

🔹آن‌طور که به نظر می‌رسد، امسال هوا، بسیار زودتر از سال‌های گذشته به استقبال گرما رفت. وزارت نیرو نیز به هر قیمتی تامین برق بخش خانگی را در اولویت دارد. در این میان صنایع در دسترس‌ترین قربانی وزارت نیرو شناخته می‌شوند.|تجارت‌نیوز"
1093,352456,['قیمت'],اگر نمی صرفد پس چرا کارکنان رسمیه فولاد خدا تومن حقوق دریافت می کنند؟؟چرا اینقدر نیروی مازاد دارند؟؟؟چرا سنگ آهن و گاز و برق و آب را یارانه ای و مفت می گیرند و آهن و ورق تولیدی را به قیمت جهانی به ملت فرو میکنند؟؟
1094,352460,['خرید'],هر کسی تا پولی بدست میاره میره سمت خرید ملک طلا دلار سهم ولی تولید نه
1095,352518,"['حمایت', 'مقاومت']",سلام کاما سربه سر 1081دارم موقع کم کردن میانگین هست و تحلیل مقاومت و حمایت
1096,352532,"['کف', 'قیمت']","⭕️ بازار⭕️

🔲 چهارشنبه 1401.01.17

▪️اتحادیه مشاوران املاک باز هم آمارهایِ مسکن بانک مرکزی را رد کرد

رئیس اتحادیه مشاوران املاک کشوری:

🔹آمار‌های بانک مرکزی در رابطه با افزایش ۶ درصدی قیمت مسکن را به شدت رد می‌کنم.

🔹آمار‌های کف بازار در شهر‌های مختلف از جمله تهران نشان دهنده ثبات قیمتی مناسب و رکود در این بازار است."
1097,352533,"['کف', 'قیمت']","قیمت مسکن در گزارش بانک مرکزی واقعی است؟/ ابهام در منابع آماری دولت
⁨8 آوریل، 2022⁩ توسط ⁨مینا علیزاده⁩
اتحادیه املاک با رهم آمارهای بانک مرکزی در حوزه مسکن را رد کرد. طبق این آمارها قیمت مسکن در طول اسفندماه افزایشی ۶ درصدی داشته است، اما به اعتقاد رئیس این اتحادیه آمار‌های کف بازار نشان‌دهنده ثبات قیمتی مناسب و رکود در این بازار است. این اختلاف آماری بین بانک مرکزی و اتحادیه از کجا ناشی می‌شود و چگونه می‌توان آن را کاهش داد؟
به کزارش تجارت‌نیوز، گزارش ماهانه بانک مرکزی از قیمت مسکن در اسفند نشان از تورم ۶ درصدی این بازار طی ماه مورد بررسی دارد.
بر اساس اعلام بانک مرکزی متوسط هر مترمربع واحد مسکونی در پایان سال گذشته به ۳۵ میلیون و ۱۲۰ هزار تومان رسید. این درحالی است که مصطفی قلی‌خسروی، رئیس اتحادیه مشاوران املاک کشوری باز هم این اعداد و ارقام را تکذیب کرد.
طبق اعلام باشگاه خبرنگاران جوان او در این باره گفت: آمار‌ بانک مرکزی در زمینه افزایش شش درصدی قیمت مسکن را بشدت رد می‌کنم.
به اعتقاد وی آمار‌های کف بازار در شهر‌های مختلف ازجمله تهران نشان‌دهنده ثبات قیمتی مناسب و رکود در این بازار است.
بانک مرکزی شفاف‌سازی کند
محمود غیبی، کارشناس مسکن، در گفتگو با تجارت‌نیوز در این باره بیان کرد: بانک مرکزی باید شفاف‌سازی کند که به چه طریقی آمار ماهانه‌ای را که از حوزه مسکن منتشر می‌کند، به دست می‌آورد.
او ادامه داد: این موضوع باید برای کارشناسان و مسئولان اتجادیه هم شفاف‌سازی شود منابعی که به آن استناد می‌شود و کشف قیمت و گزارش درصد افزایش یا کاهش قیمت مسکن نسبت به همان ماه یا ماه‌های مشابه سال‌های قبل به چه شکل بوده و از کدام مرجع و یا منابعی استفاده شده است.
وی افزود: این شفاف‌سازی مقداری کارشناسان و مسئولان اتحادیه را آسوده‌خاطر می‌کند که این آمارها به‌طور دقیق از کدام منبع آمده است. از سوی دیگر، خود اتحادیه هم باید در آمارهای بانک مرکزی همکاری کند و با مستندات خود از این اختلافات بکاهد.
غیبی در پایان خاطرنشان کرد: ولی در نهایت باید تسلیم شد. زیرا مرجعی قانونی و معتبر به‌جز بانک مرکزی برای بیان گزارش کارشناسی و آمار در حوزه‌های مختلف اقتصادی نداریم و باید به آن استناد شود. مگر آنکه برای غنای این گزارشات و آمارها از طریق نظام کارشناسی و خود اتحادیه به متولیان بانک مرکزی که گزارشات مربوط به آمار را ارائه می‌دهند کمک‌رسانی کند تا این آمارها هرچه دقیق‌تر گزارش شود."
1098,352540,['خرید'],مسخره ترین سرمایه گذاری یک ملت خرید مسکن و باغ و باغچه و زمینه که محیط زیست مملکت رو فرسایشی  کرده و منابع آبی رو نابود
1099,352548,"['ضرر', 'قیمت']",چرا داشتیم، در دوره اول احمدی نژاد مسکن چهار سال در کما بود و کلی ضرر کردم. اون زمان مسکن خریدار نداشت مثل الان و قیمت مسکن بسیار پایین اومد.
1100,352552,['ضرر'],"اگه به جای مسکن سهم بنیادی می خریدم بیشتر از مسکن سود می کردم
اما وارد مسکن شدم و بعد از سه سال با کلی ضرر خارج شدم. 
مسکن رشدشو کرده خیلی زمان می برد تا دوباره همان رشدی را که تا بحال کرده داشته باشد
اما بورس در حال حاضر ارزنده است"
1101,352640,['خرید'],مناسب هست جهت خرید ؟گفتن تایه ماه دیگه راتا ۳۲۰۰میره
1102,352730,['حمایت'],بازم میگم اگه جای هشت سال قبل رییسی رییس جمهور بود من ازش حمایت میکردم
1103,352742,"['حمایت', 'قیمت']",دولت میتونه ازکارخانه دار حمایت کنه ونذاره قیمت بره بالا
1104,352814,"['سیگنال', 'خرید', 'فروش']",فاراک را برسی کنید این نه سیگنال خرید است نه فروش تصمیم با شما  است انشاالله که پر سود باشید
1105,352821,['قیمت'],"📌آیا بنا است در صنعت برق بورس تحولی رخ دهد؟

🔹پیش از هر چیزی باید گفت ارزش بازار سهام گروه برق اختلاف معناداری با ارزش ذاتی خود دارد و کمتر است. اما آیا این موضوع رشدهای این روزهای سهام برقی را توجیه می‌کند؟ 

🔹مروری به وضعیت سال‌های اخیر صنعت برق دقیقا سیاست اشتباه دولت را نشان می‌دهد. قیمت‌گذاری دستوری آواری از مشکلات را برای صنعت برق و در ادامه برای کل اقتصاد ایران ایجاد کرد. این مشکل تا جایی پیش رفته است که خاموشی صنایع در دو ماه از سال چندان عجیب نیست. به واسطه قیمت‌گذاری دستوری صنعت برق کشور سرمایه‌گذاری جدید بخش خصوصی را جذب نکرد و از دولت بی‌پول نیز نمی‌توان انتظار سرمایه‌گذاری جدید را داشت.

🔹در آخرین اقدام که به پایان تابستان سال گذشته برمی‌گردد دولت به جای این‌که به حل ریشه‌ای مشکل صنعت برق بپردازد تولیدکنندگان بزرگ کشور را مجبور به ساخت نیروگاه کرد. منابع ساخت نیروگاه‌ها از منابع داخلی شرکت‌ها بود تا برق خود را تامین کنند. با این حال کاملا مشخص است که اگر شبکه سراسری برق با کمبود مواجه شود صنایع در خط مقدم قطعی برق و توقف تولید خواهند بود. 

🔹از بهمن سال گذشته نیز موضوع افزایش قیمت بهای برق برای مصرف‌کنندگان پرمصرف خبر می‌داد اما بررسی‌های اولیه نشان می‌دهد که تغییرات آن‌چنانی در قیمت برق رخ نمی‌دهد. طبیعتا افزایش قیمت برق مطلوب جامعه نیست اما این رویه قیمت‌گذاری دستوری بلایی است در نهایت دود آن به چشمان مصرف‌کننده نهایی می‌رسد. این بلا می‌تواند با کاهش تولید ناخالص داخلی و تورم بر جامعه تحمیل شود یا این‌که قطعی مستقیم برق. 

🔹بر اساس بررسی متغیرهای کنونی هیچ‌ نشانه‌ای از تغییر احتمالی سیاست قیمت‌گذاری صنعت برق برای مصرف‌کنندگان خانگی که سهم اصلی را در مصرف برق دارند مشاهده نمی‌شود. بدون اصلاح قیمت برق نیز نمی‌توان انتظار بهبود سودآوری را در این گروه داشت. بر این اساس رشدهای اخیر قیمت‌ نمادهای برقی از منظر سودآوری آتی کوتاه‌مدت چندان قابل اتکا نیست مگر این‌که خبر جدیدی منتشر شود. به صورت کلی تغییراتی در قیمت برق ایجاد شده در کل تفاوت درآمدی چندانی برای توانیز ایجاد نمی‌کند و احتمالا درآمد اضافی نیز به دولت می‌رسد و همچنین رویه قیمت‌گذاری برای شرکت‌های برقی مشابه گذشته باشد. با این حال باید امیدوار بود که دولت از سیاست اشتباه گذشته پا پس بکشد. /بورسان"
1106,352824,"['خرید', 'قیمت']","رئیسی: پشت پرده گرانی‌های اخیر شناسایی شوند

حالا پشت پرده‌ها چی بودن:

۱. تغیر محاسبه حقوق گمرکی از ۴۲۰۰ به دلار نیمایی
۲. وضع عوارض بر صادرات و اخلال در روند ورود ارز به کشور
۳.افزایش قیمت خرید تضمیمی گندم به ۱۱۵۰۰ تومان
۴. مجوز به اپراتورها برای افزایش قیمت بسته‌های اینترنتی
۵. افزایش ۵۷ درصدی دستمزد کارگران
۶. افزایش ۳۰۰ درصدی قیمت گاز
۷. حذف نیم‌بند ارز ۴۲۰۰
۸. افزایش نرخ تسعیر ارز در بودجه به ۲۳ هزار تومان
۹. رشد پایه پولی و ضریب فزاینده
۱۰ عدم رفع تحریم‌ها و فرسایشی شدن مذاکرات

آقای رییسی دولت شما عامل اصلی گرانی‌های اخیر بوده!
الکی، کی بود کی بود من نبودم راه نندازید"
1107,352830,['ضرر'],"حالا هی برید سهام بنیادی و  ارزشمندتون رو بعد 90 درصد ریزش بفروشید!!!
هی لرز بگیرتون هی ترس برتون داره 
سهمی که بنیادش خوبه همه چیش خوبه قیمتش هم ارزنده است ،بعد 90 درصد ریزش ، نگهداریش با رعایت حد ضرر  بسیار کار درستیهههه"
1108,352831,"['حمایت', 'مقاومت']",سلام غدشت تحلیل مقاومت و حمایت
1109,352842,['قیمت'],"دولت هر چیزی که در دست خودش بوده ، افزایش قیمت داده ، بعد با دستور از بخش خصوصی میخواد قیمتها را افزایش نده ، 
دولت سعی میکنه با هر حربه و ترفندی فقط کسری بودجه نداشته باشه حالا سر مردم بدبخت چی میاد اصلا مهم نیست"
1110,352855,['قیمت'],قیمت کالاها : باشه حاجی
1111,352874,['حمایت'],"این متن توسط یک خانم نویسنده بازنشسته نوشته شده که احساسش را زمان انتقال به خانه سالمندان به نگارش در آورده است:

*دارم به خانه سالمندان میروم،مجبورم.*

وقتی زندگی به نقطه ای میرسد که دیگر قادر به حمایت از خودت نیستی، بچه هایت به نگهداری از فرزندان خودشان مشغول اند و نمی توانند ازتو نگهداری کنند، 
این تنها راه باقی‌مانده است.

خانه سالمندان شرایط خوبی دارد: اتاقی ساده، همه نوع وسایل سرگرمی، غذای خوشمزه، خدمات هم خوب است.
فضا هم بسیار زیباست اما قیمتش ارزان نیست.
حقوق بازنشستگی من به سختی می تواند این هزینه را پوشش دهد.

البته اگر خانه ی خودم را بفروشم به راحتی از پس هزینه اش برمی آیم. 

می توانم در بازنشستگی خرجش کنم؛ تازه ارث خوبی هم برای پسرم بگذارم.

پسرم میگوید : «پول ها و اموالت باید به خودت لذت بدهد. ناراحتِ ما نباش.»

حالا من باید برای رفتن به خانه سالمندان آماده شوم. 
به هم ریختن خانه خیلی چیزها را دربرمی گیرد:

1⃣ جعبه ها، چمدان ها، کابینت و کشوها که پر از لوازم زندگی است، لباس ها و لوازم خواب برای تمام فصول.

2⃣ از جمع کردن خوشم می آمد. 
کلکسیون تمبر، ده ها نوع قوری دارم. کلکسیون های کوچک زیاد، مثل گردنبندهایی از سنگ کهربا و چوب گردو و از این قبیل.
 
3⃣ عاشق کتابم. کتابخانه‌ام پر از کتاب است. انواع شیشه بطری مرغوب خارجی. 
از هر نوع وسایل آشپزخونه چند ست دارم.

4⃣ دیگ و قابلمه و بشقاب و هر چه که می شود دریک آشپزخانه پر تصور کرد. 
ده ها آلبوم پر از عکس و... 

به خانه پر از لوازم نگاه می‌کنم و نگران می شوم. 

خانه سالمندان تنها یک اتاق با یک کابینت، یک میز، یک تخت، یک کاناپه، یک یخچال، یک تلویزیون، یک گاز و ماشین لباسشویی دارد.

دیگر جایی برای آن همه وسایلی که یک عمر جمع کرده ام ندارد.

یک لحظه فکر می کنم مالی که جمع کرده ام، دیگر متعلق به من نیست. 
در واقع این مال متعلق به دنیاست. 

 به این ها نگاه می کنم، با آن ها بازی می کنم، از آن ها استفاده می کنم، ولی نمی توانم آن ها را با خودم به خانه سالمندان ببرم. 

 می خواهم همه اموالم را ببخشم، ولی نمی توانم؛ هضمش برایم  مشکل است. 
از طرفی بچه ها و نوه هایم برای کارهایم و این همه چیز جمع آوری شده ارزش آنچنانی قائل نیستند. 
به راحتی می توانم تصور کنم که آن ها با این همه چیزی که با سختی جمع کرده ام، چطور برخورد می کنند: 

همه لباس ها و لوازم خواب دور ریخته می شود. عکس های با ارزش نابود می شود، کتاب ها، فله‌ای فروخته می شود. 
کلکسیون هایم چه ؟؟!!!! 
مبلمان هم با قیمتی بسیار کم فروخته می شود.

از بین کوه لباسی که جمع کرده بودم، چند تکه برداشتم، چند تا وسیله آشپزخانه، چند تا از کتاب های مورد علاقه‌ام و چند تا قوری چای.
کارت شناسایی و شهروندی، بیمه، سند خانه و البته کارت بانکی، تمام.

این همه متعلقات من است. میروم و با همسایه‌ها، خداحافظی می‌کنم....

سه بار سرم را به طرف درب خانه خم می کنم و آن را به دنیا می سپارم. 

*بله در زندگی، شما روی یک تخت می خوابید و در یک اتاق زندگی می کنید بقیه اش برای تماشا و بازی است.*

بالاخره مردم بعد از یک عمر زندگی می فهمند: 
ما واقعا چیز زیادی نیاز نداریم.

1⃣ دور خودتان را برای خوشحال شدن، شلوغ نکنید.

2⃣ رقابت برای شهرت و ثروت خنده دار است.

3⃣ زندگی بیشتر از یک تختخواب نیست.

4⃣ افسوس که هر چه برده ام، باختنی است.

5⃣ برداشته ها، تمام گذاشتنی است.

پس در لحظه و حال زندگی کنید.

زیاد در گیر تجملات، خانه، ماشین و.... نباشید. 

*در یک کلام انبار دار نباشید.*

*سبکبال باشید، از زندگی لذت ببرید، خوب باشید، با خودتان،  با دیگران، با همه.*

خوب بخورید، خوب بپوشید، خوب سفر کنید، زندگی را زیاد سخت نگیرید.

توصیه میکنم حتما بخونید این برای همه ما هست امروز پدر و مادران ما، فردا ما ."
1112,352877,['قیمت'],قیمت پراید۲۰۰میلیون  الان کی میخوادجواب بده الان کی مقصره؟
1113,352885,"['سقف', 'کف']","موافق نیستم🌺
تا تعریفت از خوشبختی چی باشه
سقف آرزوی ما کف آرزوی خیلیاس🌺"
1114,352899,"['سقف', 'فروش', 'قیمت']","پیش بینی بازار فردا
بازار در هفته گذشته روندی نوسانی داشت و شاهد فراز و نشیب زیادی در بازار بودیم و هرچند گروه های کوچکتر و اصطلاحا ریالی مورد توجه بودند اما در میانه هفته و با شوک ابلاغیه عوارض صادراتی مجددا جو بی اعتمادی در بازار تشدید و روند مثبت بازار متوقف شد.  
در بازارهای جهانی پس از افت نسبی قیمت ها به خصوص در بازار نفت به دلیل خوش بینی به کاهش دامنه جنگ در اکراین و ادامه محدودیت ها در چین، با کاهش این خوش بینی ها مجددا شاهد رشد قیمت در نفت و طلا و افت نسبی بازارهای سهام و تبعات مثبت در بازار فلزات اساسی به خصوص روی تحت تاثیر گرانی گاز در اروپا بودیم. به نظر می رسد بازارها همچنان روندی پرنوسان با برآیند مثبت داشته باشند و در صورت توانایی عبور قیمت ها در بازارهای کالایی از سقف های تاریخی که عموما در نزدیکی این سطوح در حال نوسان هستند، می تواند به آغاز رالی دیگری در این بازارها خوش بین بود. نرخ تورم در دنیا و به خصوص امریکا همچنان سطوح بالاتری را ثبت میکند و همین مساله با نگاهی به احتمال افزایش نرخ بهره در امریکا و تضعیف واحدهای پولی در اروپا، رشد شاخص دلار را در پی داشته است و با توجه به رشد پی در پی در بازارهای کالایی به نوعی توازن قبلی بازارها را به هم ریخته است. 
در بازار ارز اما وضعیت مجددا متلاطم است و کمرنگ شدن امیدها به حصول توافق در کوتاه مدت، رشد قیمت ها را در پی داشته است. اخبار مثبت منتشر شده نیز مرتبا از سوی طرفین مذاکرات تایید و تکذیب می شود و به نظر می رسد به مرور اثر خود را از دست خواهند داد. رشد نرخ در سامانه نیما به منظور کاهش فاصله در نرخ های موجود از نکات دیگر بازار در روزهای اخیر بوده است. بازار در چند روز اخیر با لمس محدوده های مقاومتی و با انتشار اخبار مثبت تا حدودی عقب نشینی داشته است که در صورت عدم گشایش های واقعی در رابطه با مذاکرات احتمال رشد مجدد قیمت ها وجود خواهد داشت. 
در بازار سهام اما شاهد گرایش نقدینگی به گروه های کوچک تر که عمدتا افت زیادی را نیز تجربه کرده اند بودیم و خودرویی ها نیز با توجه به اخبار مربوط به جابجایی بلوک همچنان با تزریق نقدینگی همراه بودند و این هفته قطعه سازها روندی بهتر را تجربه کردند. در میانه هفته اما ابلاغیه ای شوک آور در رابطه با عوارض پلکانی بر صادرات زنجیره فولاد و مواد معدنی بازار را به هم ریخت. در حالی که رفته رفته در حال بهبود وضعیت اعتماد سرمایه گذاران و تزریق آرام نقدینگی به بازار ارزان سهام بودیم، مجددا پای تصمیم گیرانی که عموما نقشی مخرب در روند ها دارند به بازار باز شد تا باز هم سرمایه گذارانی که به جای بازارهای غیرمولد، بازار سهام و تزریق پول به صنایع کشور را انتخاب کرده اند مجازات شوند. در حالی که کشورهای منطقه با فرصت به وجود آمده در بازارهای کالایی در حال گسترش سهم از بازار خود هستند و از رشد قیمت ها سودهای سرشاری را کسب میکنند، تصمیماتی عجیب و بدون هیچ گونه توجیه منطقی صنایع کشور و متعاقبا سهامداران را تنبیه می کند. صنایعی که در سخت ترین دوران تحریم بار ارزآوری را به دوش میکشند و این ارز را با تخفیفی قابل توجه عرضه میکنند. بسیاری از این صنایع که مواد مصرفی خود را با نرخ جهانی وارد کرده و محصولات خود را به دلیل تحریم های اقتصادی با تخفیف به فروش می رسانند حالا باید بخش عظیمی از سود شکننده خود را بابت عوارض صادرات از دست بدهند. یکی از پس لرزه های ابلاغیه اخیر در گزارش شرکت صنایع ملی مس ایران مشهود بود. در حالی که محصولات بسیاری از این صنایع تقاضایی محدود در داخل دارند، بهانه کنترل قیمت در داخل از عمده دلالیل وضع این عوارض است. هرچند بارها این روند تکرار شده و نتایج آن نیز تجربه شده اما در وضعیتی که فروش نفت و ورود ارز در هاله ای از ابهام است، وضع این عوارض عرضه ارز در سامانه نیما را با اخلال مواجه خواهد کرد و بخش عظیمی از سود سهامداران این شرکت ها را به جیب دلالان سرازیر خواهد نمود. به هرحال همانطور که قبلا نیز بررسی شد ریسک دست اندازی به سود شرکت ها در چند سال اخیر به شدت پررنگ شده و همین مساله بازارهای طلا و ارز را جذاب خواهد کرد که رشد های جهانی و رشد نرخ ارز را بدون هیچ مزاحمتی در قیمت منعکس می نمایند. 
در بازار فردا احتمال بهبود تقاضا در گروه های غیر معدنی و فلزی وجود خواهد داشت و احتمالا پالایشی ها نیز روندی مثبت داشته باشند. هرچند ابلاغیه جدید همچنان ابهامات زیادی دارد، اما تا شفاف سازی بیشتر و  تعیین تکلیف نوساناتی را به بازار تحمیل مینماید./ کارگزاری آبان"
1115,352900,"['سیگنال', 'ضرر']","دوستان چهارشنبه فرصت خروج بود ، مکدی در تایم رورانه سیگنال اصلاح رو صادر کرد و شاخص شنبه و یک شنبه شارپی اصلاح میکنه تا ۱۳۵۰۰۰۰ و از اونجا پولبک میزنه و صعودی میشه ، کلوز کندل روزانه چهارشنبه اگر چه سبز بسته شد ولی نتونست حتی ۵۰درصد کندل قزمز دیروزش رو اینگلف کنه.
بنده همه سهامم رو چهارشنبه نقد کردم تا تثبیت شاخص. انشاا.. که فردا بازار سبز باشه ولی برای خودتون از قبل استراتژی مشخص کنید و حتما به حدضرر هایتون پایبند باشید که درگیر مرداب ضرر نشید."
1116,352934,['فروش'],"💢‍ ۱۵۰۰ میلیارد تومان پول در اتاق بازرگانی ناپدید شد 

🔹بررسی از اسناد مربوط به پرداخت‌های ۴۰ شرکت به اتاق ایران در ۴ سال اخیر نشان می‌دهد  ۱۵۰۰ میلیارد تومان پول در اتاق بازرگانی ناپدید شده است.

🔹به نظر می‌رسد رقم پول‌های گم شده در اتاق چندین برابر ۱۵۰۰ میلیارد تومان است

🔹اسناد معتبر که توسط فرهیختگان بررسی شده، نشان می‌دهد پرداختی تنها یک شرکت به اتاق بازرگانی معادل ۵۳ درصد درآمد ادعای این اتاق است

🔹بررسی ها نشان می‌دهد اتاق بازرگانی ۱۰۰۰ میلیارد تومان سپرده دارد که دست فعالان اقتصادی هیچ وقت به آن نمی‌رسد.

🔹شرکتی که به تنهایی به اندازه ۵۳ درصد درآمد ادعایی اتاق پرداختی داشته فقط ۴ درصد فروش صنعت را در داست دارد. سوال مهم این است که اتاق از ۹۶ درصد بقیه صنعت چقدر درآمد دارد؟"
1117,352950,"['حمایت', 'مقاومت']",سلام غدشت تحلیل مقاومت و حمایت
1118,352972,['قیمت'],"این همه گرونی ، رشد قیمت ، تورم ، کاهش شاخص های اقتصادی و....
همه اتفاقهههه"
1119,352973,['خرید'],"سلام . دوستان برای فردا چه سهمی رو پیشنهاد میدید برای خرید کوتاه مدت؟ 
ممنون میشم راهنمایی کنید ."
1120,352974,['ضرر'],شاخص که مثل امروز که ۲۶ هزار رشد میکنه  پورتفو ی ما ۲۰۰هزار تومان از ضررش جبران شد ولی روزی که شاخص ۵۰۰۰هزار افت میکنه ۷۰۰ تا ۱میلیون میرم تو ضرر اگه این اسمش مهندسی شاخص نیست  پس چیه
1121,353027,['قیمت'],"پیش بینی بازار فردا
بازار در هفته گذشته با روندی مثبت همراه شد و علیرغم نوسان در نمادهای بزرگ شاهد بهبود تقاضا در کوچکتر ها بودیم که عمدتا به دلیل ایجاد ابهام و دست انداز در روند صعودی اخیر گروه های بزرگ بازار بود. لیدری گروه خودرو  وپالایشی این هفته نیز ادامه داشت و بازار متاثر از نوسانات این گروه ها به خصوص خودرویی ها به صورت کلی روندی مثبت را پشت سر گذاشت و شاخص کل از محدوده 1.5 میلیون واحدی نیز گذشت.  
در بازارهای جهانی پس از شوک جنگ رویه و اکراین شاهد حاکمیت مجدد دلار هستیم و رشد تورم در امریکا احتمال عکس العمل جدی فدرال رزرو را افزایش داده و همین مساله رشد دلار و فشار بر بازارهای کالایی با توجه به تضعیف تقاضا در چین را در پی داشت. به نظر می رسد روند نزولی اخیر در کوتاه مدت ادامه داشته  باشد و در میان مدت همچنان بازار تحت تاثیر رشد تورم و وضعیت جنگ در اروپا روندی صعودی داشته باشد.  
در بازار ارز اما همچنان اخبار پیرامون برجام پس از گذشت ماه ها مبهم است و وضعیت بلاتکیلف مانده و همین مساله وضعیت اقتصاد را نیز بلاتکلیف گذاشته است. وضعیت تورم اما چندان بلاتکیلف نیست و قیمت ها روند صعودی ماههای قبل را پس از تعدیل خوش بینی به حصول نتیجه در مذاکرات، از سر گرفته اند. بلاتکلیفی وضعیت ارز 4200 تومانی نیز ادامه دارد و هرچند بازار اعتقاد به حذف این ارز دارد و در حال انعکاس نتیجه هست اما اخبار همچنان مبهم است و بعضا حکایت از ادامه تخصیص ارز ترجیحی دارد. اخیرا برخی از خبرگزاری ها خبر از احتمال واکنش رسمی امریکا به خواسته های ایران داده اند و باید دید  در روزهای آتی تا چه حد این موضوع به واقعیت نزدیک خواهد شد. 
در بازار سهام اما شاهد رشد قیمت ها در گروه های تورمی به صورت چرخشی بودیم که این موضوع می تواند در هفته پیش رو نیز ادامه داشته باشد. در گروه های بزرگ نیز به نظر پالایشی ها در مقطع فعلی مصونیت بیشتری دارند و احتمال نوسانات مثبت در این گروه ها نیز وجود خواهد داشت. بازار به صورت عمومی در حال تعدیل بخشی از بدبینی هاست و خصوصا در گروه های تورمی که افت بیشتری داشته اند شاهد رشد بیشتر قیمت ها هستیم و ای موضوع در هفته پیش رو احتمالا با سرعتی کمتر تکرار خواهد شد. / کارگزاری آبان"
1122,353047,['هدف'],"زمان معامله سهام استقلال و پرسپولیس اعلام شد 

سرپرست دفتر شرکت‌ها و آماده سازی بنگاه‌های سازمان خصوصی سازی:
🔹پول پذیره نویسی در حساب دو باشگاه قرار دارد، اما به صورت قانونی مسدود است.

🔹پس از پذیره نویسی، باشگاه ها در نامه ای خطاب به فرابورس وجود مبلغ حاصل از افزایس سرمایه در حساب بانکی را تایید و فرابورس در نامه ای خطاب به سازمان ثبت، افزایش سرمایه دو باشگاه را ثبت کرد.

🔹در حال حاضر نیز هر دو باشگاه در این مرحله قرار دارند. ۷۲ ساعت بعد از اینکه سازمان ثبت تایید کرد، فرابورس گشایش نماد را انجام داده و گشایش نماد که انجام شد سهام قابل معامله می شود. پس از آن مبلغی که نزد بانک برای هر دو باشگاه مسدود شده قابل برداشت است.

🔹با هدف انضباط بخشی، قرار است ناظری برای نحوه هزینه کرد این منابع در دو باشگاه در نظر گرفته شود.

🔹 ۳۵۰  میلیارد و ۵۰۰ میلیون تومان از محل پذیره نویسی عاید باشگاه پرسپولیس و ۳۵۹ میلیارد تومان نیز عاید باشگاه استقلال شد.

🔹از این میزان حدود دو میلیارد تومان برای هر باشگاه به طور قانونی و بر اساس مصوبات سازمان بورس برای مالیات، هزینه های کارگزاری و... اخذ شده است.

🔹سایر مبلغ در حساب بانکی باشگاه ها قرار دارد اما به صورت قانونی مسدود است. سه روز بعد از اینکه مجوز را از سازمان ثبت گرفتند، گشایش نماد صورت میگیرد و این مبلغ قابل برداشت است اما پس از تشکیل یک نهاد ناظر این مبلغ استفاده خواهد شد."
1123,353064,['قیمت'],"چند نکته خواندنی از چشم‌انداز اقتصاد ایران(بر اساس گزارش 19 آوریل 2022 صندوق بین ‏المللی پول)

🔹️در گزارش صندوق بین‌‏المللی پول، تولید ناخالص داخلی ایران به قیمت‏‌های ثابت، برای سال 1400 برابر با 1511هزار میلیارد تومان و رشد اقتصادی در این سال را برابر با 4.01 درصد برآورد شده است.

🔸️طبق پیش‌‏بینی صندوق، انتظار می‏‌رود رشد اقتصادی ایران طی سال‌های 1401و 1402 به ترتیب برابر با 3.04 درصد و 2.02 درصد باشد که نرخ‌‏های کمتری در مقایسه با سال 1400 است. چشم‌انداز بلندمدت رشد اقتصادی ایران برای سال 2027 توسط صندوق بین‌‏المللی پول 2.0 درصد پیش‌بینی شده است.

🔹️با توجه به رشد اقتصادی ایران، سرانه تولیدناخالص داخلی به قیمت‌‏های ثابت در سال 1400 برابر با 17.78 میلیون تومان برآورد شده که در مقایسه با سال 1399، حدود 2.9 درصد افزایش داشته است. انتظار می‌‏رود روند رشد سرانه تولید ناخالص ‏داخلی طی دو سال 1401 و 1402 استمرار یابد و به ترتیب 2 درصد و 1 درصد افزایش یابد.

🔸️تورم ایران در سال 1400 حدود 40.13 درصد برآورد و پیش‏‌بینی شده است که تورم در سال 1401 به 32.3 درصد و در سال 1402 هم به 27.5 درصد برسد. چشم‌‏انداز بلندمدت صندوق بین‌‏المللی پول برای تورم ایران در سال 2027 برابر با 25 درصد اعلام شده است.

🔹️رقم سرمایه‌گذاری در اقتصاد ایران در سال 1400 به قیمت جاری حدود 2448 هزار میلیارد تومان برآورد شده که معادل 40.9 درصد تولید ناخالص‏ داخلی است. پیش‌بینی می‏شود از نسبت سرمایه‌‏گذاری به تولید ناخالص‏ داخلی طی دو سال 1401 و 1402 کاسته شده و به ترتیب به 40.5 و 40.2 درصد برسد.

🔸️برای متغیرهای حجم واردات و صادرات کالایی ایران در سال 1400 در مقایسه با سال قبل، به ترتیب رشدهای 3.2درصد و 20.5 درصد برآورد شده است. پیش‌‏بینی می ‏شود در سال 1401 بر رشد واردات، افزوده و از رشد صادرات، کاسته شده و به ترتیب به 14 درصد و 14.4 درصد برسند. برای سال 1402 هم، رشد منفی برای حجم واردات و صادرات کالاها و خدمات پیش‌‏بینی شده که به ترتیب منفی 13 درصد و منفی 17 درصد است.

🔹️نرخ بیکاری ایران برای سال 1400 حدود 9.8درصد برآورد و پیش‌‏بینی شده است که طی دو سال 1401و 1402نرخ بیکاری افزایش یابد و به ترتیب به ارقام 10.2 و 10.5 درصد برسد.

🔸️تراز حساب جاری ایران در سال 1399 دارای کسری 710 میلیون دلاری بود که در سال 1400 به مازاد چشمگیر و قابل توجه  28.6 میلیارد دلاری رسیده است. با توجه به افزایش بهای نفت خام در بازارهای جهانی و انتظار رشد حدود 16 درصدی صادرات کالاها و خدمات، انتظار می‌رود مازاد تراز حساب جاری در سال 1401 تقویت شده و حتی به 61 میلیارد دلار برسد.

🔹️همچنین پیش‌‏بینی شده است که تراز حساب جاری ایران در سال 1402 کاهش یافته و به 36 میلیارد دلار برسد. چشم‌انداز بلندمدت نسبت تراز حساب جاری به تولید ناخالص ‏داخلی در سال 2027 ایران حدود 0.5 درصد پیش‌بینی شده است."
1124,353155,['فروش'],"با دقت بازارشون رو نگاه کنید ، روز خونین بورسشونه ، دامنه نوسان هم بازه ولی ببینید همه درصد های پایینی منفی خوردن و بازار گردان هاشون به خوبی دارن ایفای نقش میکنند ، اگه این موضوع در ایران بود همه بالای 50-60 درصد منفی بودن !!!
چرا؟
چون بازارگردان ها اولین نفر میرفتن در فروش تا پایین تر بخرن !!!!"
1125,353166,['قیمت'],"رکود بازار مسکن سنگین‌تر شد

آمار از کند شدن آهنگ رشد قیمت مسکن در سال گذشته نسبت به سه سال قبل از آن حکایت دارد و نرخ افزایش سالیانه آن به ۱۶ درصد رسید، به طوری که در مقایسه با سال ۱۳۹۶ تعداد معاملات مسکن شهر تهران ۵۷ درصد افت کرد/ ایسنا"
1126,353167,['قیمت'],"رشد ۱۳ درصدی قیمت جهانی مواد غذایی فقط در ۱ ماه/ گندم و چای رکورددار گرانی

🔹جدیدترین آمار منتشرشده از سوی بانک جهانی نشان می‌دهد قیمت متوسط ۱۵ ماده غذایی در بازار جهانی فقط در یک ماه ۱۳ درصد افزایش یافته است.

🔹قیمت چای، قهوه، ماهی، روغن پالم، روغن سویا، ذرت، برنج، گندم، موز، بادام‌زمینی، پرتقال، گوشت گوساله، گوشت مرغ، میگو و شکر در ماه آوریل ۲۰۲۲ نسبت به ماه مارس این سال به طور متوسط ۱۳ درصد گران‌تر شده است.

🔹گندم رکورددار گرانی در ماه آوریل بوده است به طوری که قیمت هر تن از این محصول ۲۶ درصد افزایش یافته و به ۶۷۲ دلار رسیده است. در ماه مارس هر تن از این محصول در برابر ۵۳۲ دلار معامله می‌شد.

🔹قیمت چای نیز در ماه آوریل ۲۵ درصد رشد داشته و از ۲.۶۱ دلار در هر کیلو در ماه مارس به ۳.۲۷ دلار در ماه آوریل افزایش یافته است."
1127,353172,['قیمت'],"📌بیت‌کوین همچنان در کانال ۳۵ هزار دلاری

🔹در ساعات نخست معاملات روز شنبه، بازار رمزارزها همچنان در محدوده قرمز قرار دارد و اکثر کوین‌ها شاهد افت قیمت هستند.

🔹ارزش بازار جهانی رمزارزها در حال حاضر ۱.۶۴ تريليون دلار است كه ۱.۷۲ درصد افت را نسبت به روز گذشته نشان می‌دهد. 

🔹همچنین حجم کل معاملات در طول ۲۴ ساعت گذشته ۱۶.۶۹ درصد کاهش یافته و به ۹۶.۰۸ میلیارد دلار رسیده است. 

🔹از طرفی، ۱.۴۹ میلیون دلار موقعیت شورت در معاملات آتی بیت‌کوین، در طول ۲۴ ساعت گذشته لیکویید شده است.
 
🔹بیت‌کوین با افت حدود ۱ درصد به قیمت ۳۵ هزار و ۸۰۵ دلار و اتریوم با کاهش حدود ۲ درصد به قیمت ۲ هزار و ۶۶۲ دلار معامله می‌شوند.

🔹سایر رمزارزهای مشهور مانند شیبا اینو، دوج‌کوین،  ریپل و کاردانو نیز شاهد افت قیمت بودند."
1128,353179,['مقاومت'],"من موندم چرا همه چی در این مملکت دو سه برابر شده جز سهام ؟؟؟ طرف لوبیا خریده پاشو انداخته روپاش کلی سود میکنه 

بعد ما در سهام هنوز داریم مقاومت میکشیم"
1129,353180,['فروش'],"🎥جزئیات اجرای طرح فروش خودرو در سامانه متمرکز خودرویی

توکلی، مدیر کل صنایع خودرویی وزارت صمت:

🔹زیرساخت‌ها برای فروش خودرو در سامانه متمرکز فراهم شده است.

🔹اولین فروش خودرو در سامانه متمرکز عرضه خودرو هفته آینده است.

🔹خودرو‌سازان بخش‌های خصوصی هم باید مطابق با این سامانه عمل کنند."
1130,353213,['قیمت'],"اعلام اسامی نمادهای مشمول برخی مفاد ضوابط ماده ۲۱ دستورالعمل فعالیت بازارگردانی

🔹معاونت نظارت بازار شرکت فرابورس ایران با انتشار اطلاعیه‌ای اسامی نمادهای مشمول برخی مفاد ضوابط ماده ۲۱ دستورالعمل فعالیت بازارگردانی در بورس اوراق بهادار تهران و فرابورس ایران را اعلام کرد.

🔹پیرو اطلاعیه ۲۲ فروردین ۱۴۰۱ شرکت فرابورس با موضوع «ضوابط مربوط به ماده ۲۱ دستورالعمل فعالیت بازارکردانی در بورس اوراق بهادار تهران و فرابورس ایران»، پس از بررسی‌های صورت گرفته طی ۶ ماه منتهی به ۱۲ اردیبهشت ۱۴۰۱، نمادهای معاملاتی به شرح جدول زیر مشمول بندهای ۳، ۳ و ۴ ماده یک ضوابط یادشده هستند.

🔹بازارگردانان در نمادهای یادشده در صورت تمایل می‌توانند با رعایت سایر بندهای «ضوابط مربوط به ماده ۲۱ دستورالعمل فعالیت بازارگردانی در بورس اوراق بهادار تهران و فرابورس ایران» درخواست تغییر دامنه نوسان قیمت را به فرابورس ایران ارائه کنند."
1131,353233,['سیگنال'],یعنی داره سیگنال میده؟!
1132,353270,"['سقف', 'ضرر']","اینجوری که همه ایرانی ها میگن ، همه در سقف فروختن ، 😁😁
بیچاره بقیه کشورها همه ضرر کردن جز ایرانی ها 🤥🤥"
1133,353271,"['مقاومت', 'قیمت']","پیش بینی بازار فردا
بازار در هفته گذشته روند صعودی داشت و با توجه به تصمیم دولت در اصلاح سیاست های ارزی و یارانه شاهد اقبال نقدینگی به گروه های متاثر بودیم. در کالایی ها نیز افت جهانی ها و دست اندازهای سیاست های دخلی رکود نسبی را به همراه داشت و نفتی ها  و البته نمادهای کوچک تر روندی بهتر داشتند.
بازارهای جهانی اما به نظر همچنان درگیر هیجان و بیش واکنش به هر طرف اخبار هستند. رشد هیجانی پس از جنگ و افت های پی در پی پس از اجرای سیاست های انقباضی در امریکا و قرنطینه در چین نیز حاکی از همین موضوع هست. به نظر می رسد در صورتی که وضعیت در چین صرفا به دلیل قرنطینه های ناشی از همه گیری ویروس کرونا باشد با تسهیل این سیاست شاهد بهبود روند در بازارهای کالایی باشیم هرچند بازار انرژی همچنان  متاثر از جنگ در اروپا و تحریم یکی از غول های نفت و گاز یعنی روسیه ملتهب باقی بماند. 
در بازار ارز اما رشد شدید قیمت ها را پس از اجرایی شدن سیاست های اصلاحی شاهد بودیم و خبر مثبت از سفر انریکه مورا تا حدودی از التهاب بازار کاست. هرچند اخبار می تواند نرخ رشد را کند نماید اما  بازار وزن بیشتری را به تورم پیش رو خواهد داد و احتمالا رشد بیشتر در نرخ ارز را تا تعادل در بازار خواهیم داشت. در رابطه با وضعیت بازار ارز باید  منتظر افشای جزییات بیشتر بود اما به نظر می رسد مشکلات باقیمانده و تعارض منافع به وجود آمده ناشی از جنگ در اکراین همچنان وضعیت حصول توافق در مذاکرات را مبهم باقی نگه خواهد داشت و در صورت ناامیدی بازار از نتیجه این مذاکرات، احتمال رشد بیشتر در بازار ارز تقویت خواهد شد. 
در بازار سهام اما به احتمال زیاد همچنان گروه های کوچکتر و تورمی و البته گروه های متاثر از حذف ارز ترجیحی فردا مورد توجه خواهند بود و در بزرگتر ها نیز نفتی ها وضعیت بهتری خواهند داشت. در گروه معدنی و فلزی اما همچنان ابهامات زیاد است و ایجاد دست اندازهای گوناگون در مسیر این گروه ها از تمایل سهامداران به ورود به این گروه ها کاسته است. به نظر می رسد بازار در روز آینده با نگاهی به وضعیت تورم و چشم انداز رشد نرخ ارز در عمده گروه ها و نمادها پرتقاضا باشد و با انگیزه ای قوی به مصاف مقاومت پیش رو برود. /کارگزاری آبان"
1134,353295,"['خرید', 'قیمت']","پیش بینی سقوط بیت کوین تا 10 هزار دلار توسط مارک موبیوس

🔹در مصاحبه اخیر مارک موبیوس (Mark Mobius)، مدیر صندوق سرمایه گذاری در بازارهای نوظهور با the Financial News، پیش بینی کرد که قیمت بیت کوین ممکن است تا سطح ۱۰،۰۰۰ دلار هم سقوط کند.
🔹موبیوس نسبت به خرید های در بازار نزولی هشدار داد. این سرمایه گذار افسانه ای معتقد است که معامله گران در نهایت یک چاقوی در حال سقوط را در دست می‌گیرند.
🔹این سرمایه گذار کهنه کار بازارهای نوظهور می گوید که خرید بیت کوین فقط با قیمت ۲۰،۰۰۰ دلار منطقی است. او انتظار دارد زمانی که بیت کوین به سطح فوق الذکر بازگردد، یک جهش کوتاه مدت رخ دهد. موبیوس معتقد است که هیچ نوع بهبودی پایدار نمی‌باشد.
🔹نوامبر گذشته (آبان ۱۴۰۰)، این سرمایه‌گذار آلمانی متولد آمریکا به درستی تنها چند روز قبل از رسیدن بیت کوین به بالاترین حد خود یعنی ۶۹،۰۴۴ دلار پیش‌بینی کرد که این ارز دیجیتال «در یک مشکل واقعی» قرار خواهد گرفت.
🔹بیت کوین در حال حاضر ۵۵/۳۸ درصد نسبت به اوج اخیر خود کاهش یافته است."
1135,353328,"['حمایت', 'سیگنال', 'کف', 'هدف', 'قیمت']","تحلیل جالبی از تیم پلنر در ارتباط با پیش بینی وضعیت فولاد جهانی 

افت ادامه دار قیمت فولاد در بازار جهانی و چین باعث ایجاد نگرانی هایی در میان خریداران و تولیدکنندگان این حوزه شده و حجم تجارت در بازار داخلی چین و بازار جهانی را تا حد زیادی کاهش داده است. از جمله عوامل افت تقاضا می توان به گسترش مجد ویروس کرونا در چین، جنگ میان روسیه و اوکراین و اقدامات فدرال رزرو در راستای مبارزه با تورم در آمریکا و افزایش ارزش دلار اشاره نمود. 


گسترش همه گیری کرونا در شهرهای مهم چین باعث شده تا بسیاری از فعالان بازار دستیابی دولت چین به هدف رشد اقتصادی 5.5 درصد در سال جاری را جاه طلبانه تلقی نمایند. مختل شدن فعالیتهای ساختمانی و افت داده های صنعتی چین به خوبی نشان میدهد که چینی ها حداقل در 6 ماهه ابتدایی 2022 از هدف تعیین شده توسط حزب مرکزی عقب خواهند ماند و در بهترین حالت می توان رشد اقتصادی 3.5 درصد را برای نیمه ابتدایی امسال برای چین متصور بود.

کاهش مصرف فولاد چین در نتیجه شیوع دوباره همه گیری موجب شده تا در طول 10 هفته گذشته، موجودی انبارهای فولاد چین تنها 1.63 میلیون تن افت نماید. این در حالیست که در مدت مشابه سال گذشته، موجودی انبارهای 5 محصول اصلی بین 30 تا 35 درصد کاهش داشته است. 

اما باید در نظر داشت که مانند سال 2020، فنر تقاضای فولاد در حال فشرده شدن است و سیاست های انبساطی دولت چین خصوصا در بخش مسکن و زیرساختها در 6 ماهه دوم سال سیگنال افزایش تقاضای فولاد را می دهد. دولت چین نشان داده که در رسیدن به اهداف خود مصمم است و از ابزارهای در اختیار خود برای نیل به آنها استفاده میکند. 

از سوی دیگر، یکی از ابزارهای حمایت از قیمت فولاد، هزینه بالای تولید و مواد اولیه میباشد. چینی ها تنها در 4 ماهه ابتدایی امسال یه هدف کاهش 10 درصدی تولید فولاد خود دست پیدا کرده اند و فولادسازان در نیمه دوم امسال فشاری برای کاهش بیشتر تولید حس نخواهند نمود. تمنا برای تولید بیشتر فولاد، تقاضا برای مواد اولیه را افزایش خواهد داد و انتظار می رود قیمت مواد اولیه نیز به تناسب افزایش یابد. 

از این رو، بدبینی بیش از حد به روند قیمتها می تواند باعث اشتباه محاسباتی فعالان بازار شود. پلنر معتقد است در کمتر از یک ماه آینده احتمالا قیمت ها در بازار جهانی به کف خود نزدیک خواهند شد و پس از ان باید منتظر بازگشت قیمتها در نیمه دوم سال باشیم."
1136,353353,['قیمت'],"ریزش 97 میلیونی وانت کارا دوکابین بعد از معامله در بورس کالا!

قیمت کارا دو کابین صفر ۱۴۰۱ در بازار: ۳۹۸ میلیون تومان
قیمت کارا دو کابین در بورس کالا تحویل ۱۳ تیر ۱۴۰۱: ۳۰۱.۵ میلیون تومان"
1137,353354,['قیمت'],"حالا هی بگید بورس بده ، همه چی در مملکت دو سه برابر شده ما هنوز داریم سهاممون رو به قیمت دو سال پیش میفروشیم 
چرا قدر این بورسی ها رو نمیدونید؟
راه درست شدن قیمت های خودرو همین  عرضه در بورس کالاست"
1138,353512,"['هدف', 'قیمت']","هدف از فراری دادن مردم و سرمایه ها از بورس چیه؟
چه مافیایی پشت این بازی هاست؟
متاسفانه مردم هم که آب شدن سرمایه هاشونو میبینن و خیلی راحت بازی میخورن ...

 در یکسال اخیر همه چیز در مملکت دو سه برابر شده ، سهام یک سوم قیمت !!!"
1139,353550,['قیمت'],"❇️بیت کوین در کانال ۲۹ هزار دلاری


🔹در ساعات نخست معاملات روز شنبه، بازار رمزارزها عمدتا شاهد اصلاح قیمت بوده و کوین‌ها در محدوده قرمز قرار دارند.

🔹ارزش بازار جهانی رمزارزها در حال حاضر ۱.۲۲ تريليون دلار است كه ۲.۷۶ درصد افت را نسبت به روز گذشته نشان می‌دهد. 

🔹همچنین حجم کل معاملات در طول ۲۴ ساعت گذشته ۷.۹۳ درصد کاهش یافته و به ۶۲.۳۵ میلیارد دلار رسیده است. 

🔹از طرفی، ۴.۷۲ میلیون دلار موقعیت شورت در معاملات آتی بیت‌کوین، در طول ۲۴ ساعت گذشته لیکویید شده است.
 
🔹بیت‌کوین  با افت حدود ۳ درصد به قیمت ۲۹ هزار و ۶۸۹ دلار و اتریوم با کاهش بیش از ۳ درصد به قیمت هزار و ۷۶۸ دلار معامله می‌شوند.

🔹سایر رمزارزهای مشهور مانند دوج‌کوین، شیبا اینو، ریپل و کاردانو نیز شاهد افت قیمت بودند."
1140,353556,['فروش'],"رییس سازمان امور مالياتی: بر روی هيچ تراكنش بانكی، ماليات حساب نمی‌كنيم

داوود منظور: ممکن است شما پول به كسی داده باشيد ،چك داده باشيد ، قرض داده باشيد اصلا روی تراكنش‌های بانكی، مالياتی محاسبه نمي‌شود 

آنچه که مبنای محاسبه مالیات هست واریز به درگاه POS هست یعنی فروش یعنی درآمد دارنده پوز ( پایانه فروشگاهی)"
1141,353564,['فروش'],"نماد ها یکی پس از دیگری به صف فروش میرسند!!
اینم عاقبت سرمایه گذاری در بورس"
1142,353592,['قیمت'],در حالی شاهد رشد دلار و تبعا تورم هستیم که فاصله قیمت در بازار آزاد و سامانه نیما بازار سهام را به بازاری ارزان تبدیل کرده است و عملا نرخ های غیر قابل دسترس 24 هزارتومانی برای دلار صرفا در بازار سهام منعکس می شود. به نظر می رسد امروز وضعیت بازار  تا حدودی بهتر از روزهای گذشته باشد هرچند همچنان احتیاط در پایان هفته می تواند بازار را کم رمق نماید.
1143,353631,"['خرید', 'فروش', 'قیمت']","امتناع طلا فروشان از فروش طلا و سکه

🔹طلافروشان از روزهای پایانی هفته گذشته از فروش طلا و سکه به متقاضیان امتناع می‌کنند. آنها می‌گویند فعلا خریدوفروشی انجام نمی‌شود.

بذرافشان، دبیر اتحادیه طلا و جواهر تهران :
🔹هفته گذشته با توجه به نوسانات قیمتی طلا و سکه و ناهماهنگی بین سایت‌ها و بازار طلافروشان خرید و فروش به حداقل رسیده بود.
🔹در آینده ممکن است بین یک تا سه درصد در بازار طلای داخلی کاهش یا افزایش داشته باشیم. اگر بانک مرکزی بر بازار ارز نظارت داشته باشد و آن را کنترل کند احتمال کاهش قیمت طلا و سکه وجود دارد./تجارت‌نیوز"
1144,353638,['قیمت'],ادامه رشد قیمت سکه
1145,353641,['خرید'],"خیلی پول ها از طلا و دلار جا میمونه و به سمت بورس میاد ( امیدواری اهالی بورس ) 

خیلی از پولهایی که رفته بودن در رمز ارزها برمیگرده و به بورس تزریق میشه ( خوش بینی اهالی بورس )

بازم روزای خوبی رو میبینیم و صف های خرید و هجوم مردم برای ورود به بازار سرمایه و دولت هم میاد پشتیبانی بورس و ناظران عاقل میشن و دیگه هی بگیر و ببند نمی کنند ( نظر بورسی هایی که تا خرخره سهم دارن )


واقعیت : پول همه جا میره جز بورس !!!!"
1146,353647,['خرید'],شپنا به صف خرید رسید
1147,353648,['کف'],"ارزانترین بازار مالی در ایران همین بورسه 
سهام خوب و بنیادی رو در کف قیمتی بخرید و مطمئن باشید پول همیشه به سمت بازار ارزان میاد"
1148,353652,['خرید'],سکه رفاه صف خرید شد ... اینم عاقبت مدیریت غلط و فراری دادن پول از بورس
1149,353655,"['خرید', 'سقف', 'فروش', 'قیمت']","اتاقهای دلاری تعطیل شد
خرید و فروش دلار نقدی غیر مجاز و تعطیل شد
اتاقهای طلا تعطیل شد
حساب معامله گرهای هرات هم بسته شد
سرشاخه های بزرگ معامله گرها هم دستگیر شدند

همچنان قیمت ها در حال تاخت و تاز و سقف های جدید😐

کسی این وسط فکر نمیکنه کار از یجای دیگه ای داره میلنگه؟"
1150,353659,['قیمت'],قیمت ارز و طلا رو بالا بردن تا با بالا رفتن نرخ دلار بازار ها رو متشنج کنند و بعد از این موضوع سو استفاده کنند و بحران بسازند ، امیدوارم که دولت مدیران بحران خوبی داشته باشه و نگذاره این موضوع از دستش خارج بشه و بتونه کنترلش کنه  ، فراموش نکنیم که بدترین چیز در بازار تشنجه ، برخی میان از آب گل آلود به نفع خودشون ماهی میگیرن
1151,353674,['حمایت'],محدوده حمایتی 23 الی 20750 محدوده ای بود که براش مشخص کرده بودم ، ببینیم با این حمایت چیکار میکنه یه الگوی کندلی مناسبی چیزی در روزانه بزنه ...
1152,353764,['هدف'],"ایران پیشنهاد تاسیس بانک مشترک میان اعضای سازمان شانگهای را ارائه می‌کند

فضلی، رئیس شورای سیاستگذاری رویداد ایران اسکوکواکس ۲۰۲۲:

🔹 با توجه به عضویت ایران در سازمان همکاری‌های شانگهای، با هدف بی‌اثرسازی تحریم‌ها، قرار است مهر امسال نمایشگاه و همایشی به نام ایران اسکوکواکس ۲۰۲۲، با مشارکت ۲۶ کشور برگزار شود.

🔹 ایجاد سازمان توسعه تجارت مشترک میان کشورهای عضو، تاسیس یک بانک مشترک و ایجاد سامانه ای مانند سوئیفت و همچنین ایجاد دبیرخانه دائمی در تهران، از جمله اهداف برگزاری این رویداد بین المللی خواهد بود.
 /باشگاه خبرنگاران/"
1153,353893,"['خرید', 'فروش']",خاور از صف فروش به صف خرید نشست
1154,353947,['قیمت'],✅ سقوط قیمت نفت به 103.42 دلار
1155,354005,['قیمت'],"جدیدترین قیمت‌های محصولات زنجیره فولاد، فلزات اساسی و انرژی موسسه پلنر یازدهم جولای ۲۰۲۲ 

🔹 سقوط قیمت ها در بازار چین و کاهش بهای قراضه با افزایش عرضه تامین کنندگان، نفت، طلا و سایر فلزات نیز روند نزولی را پشت سر گذاشتند."
1156,354033,['قیمت'],"تصمیم دولت برای بازگشت نرخ ارز محاسباتی گمرک به ۴۲۰۰ تومان، برای توقف افزایش قیمت‌ها
احسان خاندوزی وزیر اقتصاد با بیان اینکه لایحه دو فوریتی جدیدی برای بازگشت نرخ ارز محاسباتی گمرک به نرخ ۴۲۰۰ تومان به مجلس ارائه شده است، گفت: با توجه به تاثیر این موضوع بر قیمت تمام شده تولید امیدوار هستیم مجلس با فوریت این لایحه موافقت کند. وزیر اقتصاد ادامه داد: اهمیت این مسئله از این جهت است که نرخ محاسباتی ارز در گمرک تاثیر بالایی در هزینه تمام شده تولید دارد و برای آنکه قیمت‌ها در سال ۱۴۰۱ بیش از این افزایش پیدا نکند دولت تصمیم به بازگشت نرخ محاسباتی گمرک به نرخ سال گذشته گرفته است./ انتخاب


پ ن : خنده دار تر از این مملکت نداریم ، تازه یادشون افتاده که ؛ ""ععععع اینجوری بوده """
1157,354048,['قیمت'],قیمت  ها را هم بر میگردونن به قبل از این طرح .ی مشت مسول نفهم از بالا تا پایین
1158,354136,['ضرر'],"تمام کثافت کاری هارو می‌کنند مفت تمام دارایی‌های مردم 
را فریز کردند و ربا و دزدی و غارت می‌کنند
آخرش میگن بر شکست شدند یکسال بیشتر پول بی زبان مارو با ضرر هنگفتی 😔😭 فریز کردند بعدشم ....... لعنت به
راهشان 😔😬"
1159,354177,['قیمت'],"قیمت نفت خام سنگین ⁧ایران⁩ در ۶ ماه نخست سال ۲۰۲۲ نسبت به میانگین سال ۲۰۲۱ ⁧ بیش‌ از ۴۰ دلار⁩ افزایش یافته است

🔸میانگین قیمت نفت خام سنگین ایران در سال ۲۰۲۱؛ ۶۳ دلار و ۶۳ سنت بوده است و میانگین قیمت این نفت خام  در ۶ ماه نخست سال ۲۰۲۲ به ۱۰۵ دلار و ۱۴ سنت رسیده‌ است."
1160,354196,['قیمت'],قبلا تاثیر افزایش قیمتشون رو سهامشون اتفاق افتاد مثل زراعی ها رفتند بالا ولی دوباره برگشتند سر قیمت قبلشون سهامشون
1161,354215,['خرید'],"من اگه عنبر نسا خرید کرده بودم الان حداقل پولم چند برابر شده بود
چه اسیری شدیم از دست این از خدا بی خبرا"
1162,354222,['حمایت'],شاخص ۱۴۵۰ تا ۱۴۲۰ محدوده بعدی حمایت اش هس.
1163,354244,"['حمایت', 'مقاومت']",سلام استاد لطفاً کاما تحلیل مقاومت و حمایت برای میانگین کم کردن خوب است
1164,354268,"['حمایت', 'مقاومت']",سلام استاد لطفاً خکار تحلیل مقاومت و حمایت برای میانگین کم کردن خوب است
1165,354297,"['حمایت', 'مقاومت']",سلام استاد لطفاً تحلیل کاما چفیبر مقاومت و حمایت برای میانگین کم کردن خوب است
1166,354314,['قیمت'],ریده با قیمت سهمش
1167,354325,"['خرید', 'فروش']","*پتروشیمی مارون*


*🔷دکتر رئیسی در استان مرکزی:ماموریت ویژه رئیس‌جمهور فساد ستیز  به دستگاه‌های اطلاعاتی نظام برای برخورد با روابط ناسالم دستگاه‌های اجرایی به ویژه دراستان های باظرفیت های عظیم*

*🔹️پس از قطعی شدن خبر، با اعلام به مردم، مهر فساد بر پیشانی مفسدان بزنید.*

*🔷مصداق: خبر جنجالی نفتی ها در مورد اقدام فروش و انحصار برخی از محصولات پتروشیمی مارون توسط شرکت (آمیزه های پویا پلیمیری مارون)  که مدیرعاملی آن را مصطفی احمد زاده هم اکنون برعهده دارد و سابقه ای  نزدیک به دو دهه ای مدیریت مالی پتروشیمی مارون در کارنامه دارد با کد خبر 14 مهر 1397 ، کدخبر: www.naftiha.ir،3785. مدعی رانت  و فساد گسترده مدیران شرکت مذکور تا پای آقازادگان و شخص وزیر نفت دولت یازدهم و دوازدهم آقای زنگنه و نگاه خاص ایشان به این شرکت پولدار که سهامدارانش از ضعیف ترین قشر جامعه(سهام عدالت، بازنشستگان تامین اجتماعی، نیروهای مسلح و نفت) را دوچندان می‌کند*  
                                                   
*🔷از شلیک و سو قصد به مدیرعامل اسبق پتروشیمی مارون عبدالمجید محمدی درب منزلش که دلیل آن برای پرسنل هنوز مبهم است تا انتصاب برادر ایشان در یکی از حساس ترین نقاط پتروشیمی سلمان فارسی و استخدام های غیرشفاف در شرکت سلمان فارسی که یکی  از مطالبه مردم سربندر پس از اتفاقات تلخ هزینه ساز اخیر در حساس ترین قطب نظام و  دیدار با نماینده ماهشهر شفافیت استخدام و انتصابات پتروشیمی مارون و سلمان فارسی بوده  و پس از تغییر قابل تامل ایشان چند ماه مانده به مجمع عمومی سالیانه پتروشیمی مارون در 1401 ، انتصاب به عنوان مدیرعامل پتروشیمی لاله اززیرمجموعه های مارون با شراکت «شرکت گروه صنعتی پلیمر پوشینه» که مالک اصلی آن برادران (نجفی) معروف که در املاک بنیاد شهید و پرونده پتروشیمی باختر و طبری نامشان برای نیروهای اصیل انقلابی و مطالبه گران و برخورد با مفسدین آشناست ،بررسی پرونده مارون در دستگاههای نظارتی، امنیتی بالادستی با نظارت ویژه روسای قوای فساد ستیز بدون هیچ خط قرمزی را دوچندان میکند*

*🔷ضمنا خرید بسته  ارزاق حمایتی ماه مبارک رمضان برای پرسنل پتروشیمی مارون که ظاهرا در تهران خریداری شده و بیمه طرف قرارداد شرکت پتروشیمی مارون  چند سالی است بدون مناقصه با مجوز از هیئت مدیره تمدید و شخص مورد نظر ساکن تهران است، ‌گفتنی است پرسنل طی نامه ای از خدمات بیمه مذکور اعلام نارضایتی با امضا کرده اند که سرنوشت آن نامه و امضاها نامشخص و برخی شرکت های بیمه منطقه هم ظاهراً اعتراضاتی به تمدید قرارداد بدون مناقصه داشته اند.*

*🔷این درحالی است که استاندار خوزستان و نمایندگان بارها تاکید بر گردش مالی شرکت های منطقه در استان و شهرستان های منطقه داشته اند.*

*🔷گفتنی است نماینده محترم شهرستان ماهشهر و بندر امام قبل تر از مافیا در صنعت پتروشیمی در دولت سیزدهم خبر داده بود که رسانه های محلی ماهشهر با اشاره به محمدعلی رستمی که رشد یافته از پتروشیمی مارون است و به مدیرعاملی شیمی بافت رسیده است اشاره کرده اند که باز هم نگاه‌های شبهه دار و طعنه آمیز مردم در منطقه سمت و سوی پتروشیمی مارون را که منبع رشد رستمی بوده اشاره میکنند.*"
1168,354342,['حمایت'],"فقط میان حرف مفت میزنن هرسال میگن حمایت از تولید ملی
همه پولاشونو دارن میکشن بیرون از این بورس لعنتی
اونایی رو که سرمایشون رو نابود کردین محال دیگه به بورس برگردن
پول جلو سگ میریزن به دولت نمیدن"
1169,354380,['سقف'],"✅تخلف بزرگ در بانک آینده / وام‌ کلان از جیب خودی‌های بانک سر درآورد!
✍️ سهیل بانی

دیروز فهرست تسهیلات و تعهدات اشخاص مرتبط ۶ بانک منتشر شد که بررسی آنها از وقوع یک تخلف بزرگ در بانک آینده حکایت دارد.بانک‌های آینده، اقتصاد نوین، پارسیان، توسعه صادرات، دی و شهر، ۶ بانکی بودند که این گزارش را افشا کردند. به علاوه فهرست تسهیلات و تعهدات کلان و تسهیلات غیرجاری بانک صنعت و معدن نیز توسط بانک مرکزی منتشر شد.در حال حاضر بانک ملی تنها بانکی است که فهرست تسهیلات کلان خود را منتشر نکرده است است. فهرست تسهیلات و تعهدات اشخاص مرتبط پنج بانک دیگر نیز همچنان منتشر نشده است.
روند افشای اطلاعات مربوط به تسهیلات و تعهدات کلان و اشخاص مرتبط، براساس قانون بودجه سال ۱۴۰۱ صورت می‌گیرد. با وجود اینکه طبق این گزارش‌ها برخی از بانک‌ها بسیاری از خط قرمزها برای اعطای تسهیلات را رد کرده‌اند، اما همچنان خبری از اقدامات موثر از سوی بانک مرکزی برای مقابله با این موضوع نیست.

یکی از این بانک‌ها، بانک آینده است. انتشار فهرست تسهیلات و تعهدات اشخاص مرتبط از وقوع یک تخلف بزرگ در بانک آینده خبر می‌دهد.

براساس قانون بانک مرکزی، هر بانک می‌تواند حداکثر معادل سه درصد سرمایه نظارتی خود، به زیرمجموعه‌هایش تسهیلات بدهد. همچنین مجموع تسهیلات اعطایی به شرکت‌های مرتبط، باید حداکثر ۴۰درصد سرمایه نظارتی بانک باشد.

با این وجود، بررسی ریز تسهیلات اشخاص مرتبط بانک آینده از یک بی‌قانونی بزرگ در این بانک حکایت دارد. بانک آینده به ۱۳ شرکت از زیرمجموعه‌های خود، مجموعا ۹۸هزار و ۷۷۰میلیارد تومان وام داده است. این در حالی است که بر اساس صورت‌های مالی سال ۱۴۰۰ بانک، حداکثر این مبلغ می‌تواند ۸۶۸میلیارد تومان باشد. یعنی تسهیلات اعطایی بانک آینده به زیرمجموعه‌های خود، بیش از ۱۱۳برابر حد مجاز است.

حدود ۷۰درصد از تسهیلات اعطایی بانک آینده به اشخاص مرتبط بانک، به یک شرکت پرداخت شده است. شرکت توسعه بین الملل ایران مال که مالک پروژه ایران مال است و کل سهام آن متعلق به بانک آینده است. این شرکت در حالی که طبق قانون می‌توانسته تا سقف ۶۵میلیارد تومان از بانک آینده وام بگیرد، تسهیلاتی ۶۸هزار و ۲۴۴میلیارد تومانی از این بانک دریافت کرده است.

مشخص نیست که اگر بانک مرکزی، به عنوان نهاد ناظر بر فعالیت شبکه بانکی قصدی برای پیشگیری و مقابله با این تخلفات ندارد، انتشار این فهرست‌ها چه فایده‌ای دارد؟

انتشار فهرست تهعدات و تسهیلات کلان بانک‌ها برای اولین قدم در شفافیت عملکرد شبکه بانکی، اقدام موثری است. اما این اقدام زمانی می‌تواند در جهت بهبود اوضاع شبکه بانکی موثر باشد که منجر به نظارت بیشتر بانک مرکزی بر عملکرد بانک‌ها شود. نظارتی که فقدان آن به شدت در فهرست‌های منتشر شده و همچنان گزارش‌های دوره‌ای بانک‌ها مشهود است."
1170,354407,['قیمت'],"‌کمتر ماله کشی کن خیلی شستشوی مغزی شدید
پارسال بنزین را به قیمت ۵۰۰ تومن واسه دوستان صادر میکردن......"
1171,354416,['قیمت'],یه سوال دارم بفرض اینکه پول میگیرن به چه قیمتی میدن ایا به همون قیمت ۵۰۰تومنی که خودشون گفتن
1172,354424,['سقف'],"📌سقف سپرده قانونی ۱۵ درصد شد

🔹در جلسه امروز ( چهارم مرداد ) شورای پول و اعتبار، گزارش بانک مرکزی درخصوص نرخ سود بین بانکی مطرح شد و اعضای شورا بر کنترل و مدیریت این نرخ در چارچوب سیاست های پولی تاکید کردند.

🔹شورای پول و اعتبار همچنین به بانک مرکزی اجازه داد سقف نرخ سپرده قانونی بانک‌هایی را که از ضوابط کنترل مقداری ترازنامه تخطی می‌کنند حداکثر تا ۱۵ درصد تعیین و اعمال نماید."
1173,354451,['خرید'],دقیقا از دوسال پیش خرید کردم با امید و وعده پولم شده یک سوم عکسشم موجوده
1174,354471,['خرید'],"پیرمردی هر روز تومحله پسرکی رو با پای برهنه می دید که با توپ پلاستیکی فوتبال بازی میکرد. روزی رفت و یه کفش کتونی نو خرید و اومد به پسرک گفت: بیا این کفشا رو بپوش. پسرک کفشا رو پوشید و خوشحال رو به پیرمرد کرد و گفت: شما خدایید؟!

 پیرمرد لبش را گزید و گفت نه پسرجان. پسرک گفت: پس دوست خدایی، چون من دیشب فقط به خدا گفتم کفش ندارم....

 دوست خدا بودن سخت نيست....!!


✅🌷"
1175,354496,['قیمت'],"پیش بینی بازار فردا
بازار در هفته گذشته با چاشنی ترس از رشد نرخ بهره برخلاف وعده های مسئولین ذیربط، بهانه ای جدید برای افت در نازلترین قیمت ها پیدا کرد و در ادامه شاهد بهبود نسبی وضعیت با حجمی اندک بودیم که عمدتا به دلیل مذاکرات انجام شده در راستای تعدیل وضعیت در بازار پول بود.   
بازارهای جهانی که در هفته های اخیر سقوطی سنگین را متحمل شدند با آرامش شاخص دلار و رشد نرخ بهره طبق انتظارات در امریکا بخشی از بدبینی مفرط ایجاد شده را تعدیل کردند و در چند روز اخیر روندی صعودی را سپری کردند. ادامه بحران در اروپا ناشی از تهاجم روسیه به اکراین  و رشد نرخ گاز بار دیگر بازارها به اختلالات احتمالی طرف عرضه حساس کرده و شاهد رشد قیمت در اکثر بازارهای کالایی هستیم. 

در بازار ارز اما ادامه ثبات نسبی در بازار آزاد و رشد خزنده نرخ در سامانه نیما خلاصه وضعیت این هفته بود و به نظر می رسد با توجه به ادامه وضعیت مذاکرات که فارغ از ادعاهای متنوع طرف غربی مبنی بر زمان گریز اتمی، عملا در حال از دست دادن جذابیت خود با توجه به رویدادهای بین المللی همچون جنگ و جبهه گیری متناقض و علنی طرف های درگیر مذاکره و نزدیکی انتخابات امریکا می باشد و با نزدیک شدن به ماه سپتامبر و نشست بعدی شورای حکام احتمالا می بایست منتظر اتفاقات نهایی در این زمینه باشیم هرچند به نظر نمی رسد طرفین تمایلی به اعلام رسمی پایان بی نتیجه مذاکرات داشته باشند. در بازار ارز احتمال رشد آرام قیمت ها در صورت بی نتیجه بودن پیشنهاد جدید اتحادیه اروپا، وجود خواهد داشت. 
در بازار سهام اما روندی طاقت فرسا حاکم شده که عموما ناشی از نبود نقدینگی و تصمیمات مضر پیاپی علیه این بازار است. هرچند صحبت هایی مبنی بر رسیدگی به وضعیت بازار پول انجام شده اما بی اعتمادی مزمن به اظهار نظر ها که البته با رویکرد مسئولان اقتصادی امری کاملا طبیعیست، به جو احتیاط دامن خواهد زد. رشد قیمت های جهانی می تواند عکس العمل محدود در نمادهای مرتبط را در پی داشته باشد و به منظور بهبود قابل ذکر در بازار، می بایست ابهامات جدید در بازار پول رفع شود و حجم معاملات به عنوان فاکتوری مهم در این رابطه می بایست دائما از طرف فعالان رصد شود./ کارگزاری آبان"
1176,354518,['قیمت'],"اون سال رفتید با تتلو عکس انداختید
سال قبل با بورسی‌ها
این چن روز با سیل‌زده‌ها...

دیگه هیچ‌کس نامه‌ی 
تخلف حقوقی‌ها
توی جیب‌ش نیست
دیگه هیچ کس منتقد بورس نیست
عدالت مثل یه تیکه ابر شده
داره رگبار میشه روی سرمایه مردم.
یه جا نوشته شده بود؛
سیاست ؛ علم به دست آوردن قدرت 
و حفظ آن به هر قیمت است."
1177,354533,['قیمت'],"همیشه میانگین قیمت خونه تو تهران 1000 دلار بود اما الان خیلی بیشتره
حالا ببینیم دلار میاد بالا یا مسکن حبابش خالی میشه"
1178,354534,['قیمت'],بیت کوین به بالاترین قیمت خود در ۶ هفته اخیر رسید؛ رشد ۵۰درصدی اتریوم کلاسیک در یک هفته گذشته تلاش بیت کوین برای افزایش قیمت در ۲۴ ساعت گذشته، باعث شد تا این ارز دیجیتال بتواند به اوج قیمت خود (محدوده ۲۵٬۰۰۰ دلار) در ۶ هفته اخیر برسد. در حال حاضر، بیت کوین با قیمتی حدود ۲۳٬۷۰۰ دلار معامله می‌شود و ارزش بازار آن بیشتر از ۴۵۰میلیارد دلار است. همچنین، از زمانی که ویتالیک بوترین به ماینرها پیشنهاد داد تا سراغ اتریوم کلاسیک بروند، قیمت این ارز دیجیتال طی هفته گذشته بیش از ۵۰درصد افزایش یافته است.
1179,354545,['قیمت'],لعنت به قیمت مسکن
1180,354546,['خرید'],خرید بانکها دیگه هیچ ارزشی نداره چون افسارشون دست دولت واجازه تقسیم سود ندارند پس چه فرقی میکنه سود بدن یا ندن وقتی اجازه تقسیم یا اجازه اعلان ندارن
1181,354570,['حمایت'],"ی حمایت ۹ماهه داره 
امیدوارم از ۱۰۶۰برگرده🤨"
1182,354624,['خرید'],"حد نصاب رعایت نشده صندوق های بزرگ بازار سرمایه برای خرید سهام

چرا صندوق ها از قانون سرپيچي كردند ؟؟ نفع چه كساني در ميان بوده كه سازمان اين تخلف بزرگ را ناديده گرفته ؟  

افشای یک تخلف  بزرگ که این ۲۰ همت میتوانست بازار و سامان بدهد و سرمایه سهامدار مظلوم و از همه جا بی خبر را حفظ کند 
نباید بی تفاوت بشینند دوستان بسیار مسله مهمی هست 😏😡😔"
1183,354637,"['خرید', 'فروش']","کار این صندوق نوسانگیری به روش خرید از صف فروش و فروش در صف خرید است . تا اینجای کار تا حدودی اشکال ندارد 
وقتی اشکال پیش میاد که نمادی که از هر نظر مستعد رشد است  و تازه صف خریدش چیده شده - به دو روز نرسیده رو با فروش های آبشاری سرکوب میکنه و اجازه جون گرفتن بهش نمیده 😔
این کار صندوق  رو نباید در جهت کمک به بازار دونست بلکه این کار صندوق ؛ امر به فروش  و  نهی از صف خرید است 🤔"
1184,354644,['خرید'],"امشب فرصتی پیش اومد بعد از مراسم شب ششم محرم در مسجد سلمان پاستور به همراه چندتا از بچه‌های بازار،  آقایان رئیسی، مخبر، رضایی و قاضی‌زاده هاشمی رو ببینیم و دغدغه‌های بچه‌های بازار سرمایه رو مطرح کنیم 

ادامه روند فرسایشی بورس، افزایش نرخ بهره و عدم رعایت حد نصاب ۱۵ درصد صندوق‌های درآمد ثابت و قیمت‌گذاری دستوری از موضوعاتی بود که به هر ۴ نفر گفته شد 

به آقای رییسی با جزییات دقیق در خصوص مصوبه ۱۵ درصد حد نصاب صندوق‌های درآمد ثابت برای خرید سهام و ۲۰ هزار میلیاردی که خرید نشده توضیح دادیم و گفتند رسیدگی می‌کنند

موضوع نرخ بهره و اثرات مخربش روی تولید و بازار سرمایه هم گفته شد !

نمی‌دونم چه بولتن‌هایی برای مدیران دولتی درست می‌کنند که محسن رضایی می‌گفت سرعت رشد بورس زیاد بود گفتیم طوری رشد کنه که دیگه پایین نیاد 😐 
رضایی در ادامه گفت نرخ بهره (بین‌بانکی) پایین میاد.  پرسیدیم که مذاکرات به کجا می‌رسه که تاکید کرد این بار به نتیجه می‌رسه 

از آقای قاضی‌زاده هاشمی در خصوص وضعیت سهم‌های بنیاد شهید مثل دی و ثشاهد در بازار گلایه کردیم که گفتند براساس مجوزی که از رهبری گرفتند تا یکسال آینده که البته دو ماهش گذشته مدیریت این سهم‌ها به طور کامل به خانواده شهدا واگذار میشه و بنیاد شهید از بنگاه‌داری خارج خواهد شد. در خصوص اقدامات انجام شده برای حل مشکلات بانک دی هم توضیحاتی داد

از آقای مخبر انتقاد کردیم که چرا بازار سرمایه رها شده و از این بازار به درستی برای تامین مالی پروژه‌ها استفاده نمیکنید که گفت شروع شده و بحث نرخ بهره هم به نفع بورس تنظیم میشه 

ارزیابی من از امشب این بود امثال خاندوزی و صالح‌آبادی اطلاعات ناقص و بعضاً غلط به رئیسی میدن

بولتن نویس‌ها گزارش‌های ناقص در اختیار مدیران تصمیم‌گیر قرار میدن

بنابراین تنها راه ما برای نشون دادن واقعیت‌ها تلاش برای گفتگوی حضوری و همین کمپین‌های مجازیه.

فعالان بازار سرمایه بسیار زیاد هستند و در همه شبکه‌ها فالورهای بالایی دارند، باید از همین ابزار برای رسوندن صدای خودمون استفاده کنیم


✍بهنام صمدی"
1185,354710,['فروش'],دوستان در خصوص سهم وسبحان نظری دارید ،نقدینگی لازم دارم میخوام فروش بزنم،
1186,354736,['فروش'],فشار فروش در گروه خودرویی
1187,354738,['فروش'],"جالبه که دلار داره میریزه و خودرویی ها فشار فروش دارن!!!
به زودی اخبار برجام میاد بیرون و مشخص میشه چرا دلار داره میاد پایین"
1188,354741,"['خرید', 'فروش', 'قیمت']","🖋رقیب بی منازع بورس

✅این روزها که بازار سرمایه وضعیت خوبی ندارد و با بازدهی منفی همراه است بر اساس آمارهای رسمی بازار مسکن همچنان با بازدهی مثبت ماهانه همراه است و هیچگونه اثراتی از کاهش قیمت در آن مشاهده نمی شود. به عنوان مثال قیمت یک متر مربع مسکن در پایتخت ۱۷ برابر شده و از حدود ۲ میلیون تومان در سال ۹۰ به بیش از ۳۵ میلیون تومان در سال ۱۴۰۰ رسیده است. البته خودرو و دلار نیز در این سالها به ترتیبی 17 و 22 برابر شده اند اما در دو سال گذشته این مسکن بوده است که همواره رشد ثبات خود را حفظ کرده است و در شرایطی که شاهد ثبات نسبی نرخ دلار هستیم اما مسکن همچنان به رشد خود ادامه می دهد. بنابراین می توان گفت در اِشِل کوتاه مدت همچنان مسکن به عنوان مقصد اصلی و اول سرمایه گذاری ها تبدیل شده است. چه بسیار افرادی که پولهای خود را تجمیع کرده و به صورت اشتراکی به جهت سرمایه گذاری یک واحد مسکونی یا زمین خریده اند. حال پرسش اینجاست به غیر از مساله حفظ ارزش پول، چرا سرمایه گذاری در مسکن اینقدر محبوبیت دارد؟

🔸در شرایطی که دولت قصد دارد با مالیات بر خانه های لوکس دغدغه خود را در خصوص مسکن نشان دهد و به زعم خودش بر قیمت مسکن اثر بگذارد و قیمتها را کنترل کند اما سرمایه گذاران مسکن بدون هیچ دغدغه ای به خرید و فروش مسکن مشغول هستند و هیچگونه مالیاتی هم نمی دهند. بنابراین یک راه مناسب فرار مالیاتی در معاملات و سرمایه گذاری در مسکن نهفته است. 
سرمایه گذاری در مسکن خصوصی ترین سرمایه گذاری در ایران است و دولتها کمترین دست اندازی در سود آن را داشته اند. این در شرایطی است که سرمایه گذاران در بورس دائماً با طرح ها و لوایح دولتی مواجه می شوند که به نوعی کاهنده سود شرکتهاست و دولت به نوعی به سود شرکتها دست اندازی می کند. نمونه آن قیمت گذاری دستوری محصولات فولادی است. این در شرایطی است که مسکن تابع هیچ نوع قیمت گذاری دستوری نیست. 

🔸خطر قوانین و مقرارت فی البداهه نیز از دیگر ریسک های سرمایه گذاری در بورس است. در شرایطی که یکی از اولویت های سرمایه گذاری در بورس ثبات قوانین و مقررات است اما دیده شده که تصمیمات یک شبه لطمات جبران ناپذیری به فرایند تولید و سرمایه گذاری وارد کرده است. اما در حوزه مسکن، دولت تمایلی به این نوع مقررات زایی ندارد و یکی از آزادترین سرمایه گذاری ها در ایران مسکن است. 

🔸یکی از ملاکترین ملاکان ایران بانکها هستند. بانکها در این سالها تمایل زیادی به انباشت ثروت در قالب مسکن داشته اند. این روش باعث می شود تا بانکها به نوعی از وام های تکلیفی که توسط دولتها به آنها تکلیف می شود فرار کنند. اگرچه تحمیل ناترازی به اقتصاد و تورم نتیجه این رفتار بانکهاست اما همچنان ترجیح سرمایه گذاری بانکها، در حوزه مسکن است. 

🔸زمین و مسکن قابلیت واردات و تجارت را ندارند؛ بنابراین هر نوع سرکوب ارزی سبب کاهش مصنوعی تورم برای مدتی شده است و بر این نوع کالاهای غیر قابل واردات اثری ندارد. در طول 10 سال، قیمت زمین در تهران 43 برابر شده است و این مساله به خوبی نشان دهنده غیر قابل تجارت بودن زمین و مسکن در ایران را نشان می دهد. مگر زمین های تهران چقدر است آیا می توان زمین ها را به سرعت چند برابر است. واضح است پولی که ما در برابر زمین و مسکن می دهیم به نوعی پولی است که در برابر خدماتی همچون آب و برق و گاز می دهیم. آیا می توان به سرعت شهرها را توسعه داد؟ چه محدودیتهای زیرساختی در این زمینه وجود دارد؟ چه بسیار مسکن مهر هایی که هنوز بعد از سالها از امکانات زیرساختی بی بهره اند و هنوز همچنان خالی از سکنه هستند.

🔸دولتها نیز نا خود آگاه به رشد قیمتهای زمین و مسکن دامن زده اند. چه بسیار پروژه هایی که موجب ارزشمند شدن زمین ها شده است. نمونه آن بزرگراه تهران شمال هست با اینکه هنوز حتی نیمی از این بزرگراه پر حاشیه ساخته نشده است قیمت زمین و ویلا در شمال کشور خصوصاً مناطقی که به این بزرگراه نزدیک هستند به صورت افسانه ای رشد کرده است. نرخ رشدهایی که در برخی موارد حتی از نرخ آپارتمانها در تهران نیز بالاتر است."
1189,354751,['قیمت'],"جناب اقای محسن رضایی معاون اقتصادی
جناب آقای خاندوزی وزیر محترم اقتصاد
جناب اقای عشقی ریاست سازمان بورس

تشکر وتبریک  از شما و همه مسئولین مدعی قبل از شما بابت وضعیت بوجود آمده در بورس ایران

🔹 با زحمات شبانه روزی شما مسئولان محترم، بورس ایران از لحاظ دلاری به ارزش زیر 180میلیارد دلار رسیده است، 

آیا میدانید به چه معناست! 
یعنی تمام ثروت ودارایی شرکت های معتبر و بزرگ ایران ارزشش رسیده به 180میلیارد  دلار 

🔹 تمام بانکها، صنایع... 
از خودروسازی و قطعه سازی تا صنعت نفت وگاز، پتروشیمی و پالاز صنایع فولاد ومس فلزی ایران تا تمام معادن بزرگ ایران از صنعت داروسازی تا صنعت کشاورزی و حمل و نقل....... 
تمام صنایع ایران ارزشش رسیده به 180میلیارد دلار 

🔹 جور دیگر اگر بخواهیم نگاه کنیم
 یعنی کل این صنايع ودارایی های ایران ارزشش رسیده 
به قیمت زیر 10% ارزش آرامکو عربستان یازیر  10% شرکت اپل امریکا 
یازیر 10% آمازون 
یا 10% فیس بوک، 
شما ها که مدعی هستید تلاش می کنید برای بزرگی ایران، 
منظور از تلاش و پشتکار که می گویید چیست؟ 
بزرگی ایرانیان را در چه میبینید؟! از ارزش پول ملی، تا جایگاه پاسپورت،... 
جایگاه بزرگی ایرانیان را در چه تعریف می کنید!

🔹 چطور این همه دارایی ایران در دنیا بی ارزش شد، 
چنین کاری علیه مردم و ثروت ایرانیان مطمئناً 
 آسان نبوده، 
مطمئناً خیانت های بزرگی علیه کشور صورت گرفته که به چنین شرایطی رسیدیم، آیا قادر به تشخیص آن نیستید، 
فقط صندلی های تان مهم است، وعده تو خالی دادن را بلدید!

🔹 آیا واقعیت همینی است که الان شاهدیم! 
آیا ارزش دارایی های بورسی ایران را بیشتر از این اعداد میدانید؟ 
اگر بیشتر است راهکار دارید یا دانش ندارید همه توانایی شما خلاصه شده در وعده های سر خرمن دادن، شما فقط آرامش میز و صندلی را آرامش کشور می‌بینید؟ 
هر انتقادی را که بی دانش و تخصص بودنتان را  به بی ارزش ترین بورس دنیا شد، این موضوع بدترین توهین و خار وذلیل کردن ایرانیان است، 
آیا این موضوع را درک می کنید؟

 کمی تفکر کنید 
اگر شاه عربستان تنها 10 درصد سهام فقط آرامکو خودش را بفروشد میتواند کل دارایی شرکت‌ها بزرگ ایران که در بورس هستند را بخرد!!!!!

700شرکت بورسی ایران= 10 % آرامکو عربستان

کمی تعقل و تفکر کنید که چه خیانتی به ایرانیان می شود."
1190,354761,['قیمت'],"❌  تشکر و تبریک  از شما و همه مسئولین مدعی بابت وضعیت بوجود آمده در بورس ایران

🔸 با زحمات شبانه روزی شما مسئولان محترم، بورس ایران از لحاظ دلاری به ارزش زیر 180میلیارد دلار رسیده است، آیا میدانید به چه معناست! یعنی تمام ثروت ودارایی شرکت های معتبر و بزرگ ایران ارزشش رسیده به 180میلیارد  دلار 

🔸 تمام بانکها، صنایع... از خودروسازی و قطعه سازی تا صنعت نفت وگاز، پتروشیمی و پالایشگاهی... ایران از صنایع فولاد ومس فلزی ایران تا تمام معادن بزرگ ایران از صنعت داروسازی تا صنعت کشاورزی و حمل و نقل....... تمام صنایع ایران ارزشش رسیده به 180میلیارد دلار 

🔸 جور دیگر اگر بخواهیم نگاه کنیم یعنی کل این صنايع ودارایی های ایران ارزشش رسیده به قیمت زیر 10% ارزش آرامکو عربستان یازیر  10% شرکت اپل امریکا یازیر 10% آمازون یا 10% فیس بوک، شما ها که مدعی هستید تلاش می کنید برای بزرگی ایران، منظور از تلاش و پشتکار که می گویید چیست؟ بزرگی ایرانیان را در چه میبینید؟! از ارزش پول ملی، تا جایگاه پاسپورت،... جایگاه بزرگی ایرانیان را در چه تعریف می کنید!

🔸 چطور این همه دارایی ایران در دنیا بی ارزش شد، چنین کاری علیه مردم و ثروت ایرانیان مطمئناً آسان نبوده، مطمئناً خیانت های بزرگی علیه کشور صورت گرفته که به چنین شرایطی رسیدیم، آیا قادر به تشخیص آن نیستید، فقط صندلی های تان مهم است، وعده تو خالی دادن را بلدید!

🔸 آیا واقعیت همینی است که الان شاهدیم! آیا ارزش دارایی های بورسی ایران را بیشتر از این اعداد میدانید؟ اگر بیشتر است راهکار دارید یا دانش ندارید همه توانایی شما خلاصه شده در وعده های سر خرمن دادن، شما فقط آرامش میز و صندلی را آرامش کشور می‌بینید؟ هر انتقادی را که بی دانش و تخصص بودنتان را  به بی ارزش ترین بورس دنیا شد، این موضوع بدترین توهین و خار وذلیل کردن ایرانیان است، آیا این موضوع را درک می کنید؟

 کمی تفکر کنید اگر شاه عربستان تنها 10 درصد سهام فقط آرامکو خودش را بفروشد میتواند کل دارایی شرکت‌ها بزرگ ایران که در بورس هستند را بخرد

700شرکت بورسی ایران= 10 % آرامکو عربستان

کمی تعقل و تفکر کنید که چه خیانتی به ایرانیان می شود."
1191,354765,['قیمت'],"به نظر شما پارسال تابستون گرمی داشتیم یا امسال ؟ قطعا امسال تابستون گرم‌تر هست و حتی اهواز طبق عکسهای ماهواره ای ناسا ، گرم‌ترین نقطه کره زمین شد. 
خوب ، حالا از پارسال تا الان هم که نیروگاه جدیدی به شبکه سراسری وصل نشده ، چند تا نیروگاه خورشیدی کوچک راه اندازی شده که کل ظرفیت آنها هم زیر ۲۰۰ مگا وات هست. 
سوال : چرا پارسال قطعی برق زیاد داشتیم ولی امسال خاموشی برق کم شده؟ 
جواب : چون پارسال تابستون قیمت بیتکوین حدود ۵۰ هزار دلار بود ولی امسال حدود ۲۳ هزار دلار هست. الان زیاد نمیصرفه (مخصوصا با دستگاه‌های قدیمی ماینر) که بیتکوین ماین کنند."
1192,354802,"['خرید', 'فروش']",ولی الان یه صرافی بودم خرید ۳۱۸۰۰میگفت فروش ۳۲۰۰۰
1193,354803,['کف'],غگیلا داره کف دوقلو میزنه زیر نظر داشته باشین
1194,354844,['خرید'],"از بازار و صف خرید بانکی و خودرویی هم معلومه 
😊"
1195,354853,['ضرر'],"برجام قبلی که امضا شد چه نفعی به مردم رسید
چیزی ارزون شد ؟ آسایشی ایجاد شد؟
شاید بعضی کم سن تر ها فک کنن الان برجام امضا بشه ایران میشه دانمارک ولی بدونین که اینجوری نیست
فقط خوبیش اینه که شاید سهام یکم صعودی بشه که بتونیم با ضرر کمتری بفروشیم و ازین بازار دزد خونه فرار کنیم"
1196,354877,['مقاومت'],خب بیت داره میاد برای مقاومت 26700 👆👆
1197,354883,"['خرید', 'کف', 'قیمت']",کف دلار در بهترین حالت 27500 و از اون پایین تر اگر بیاد فرصت خرید طلایی هست که هرگز تکرار نخواهد شد که البته خیلی بعید میدونم زیر این قیمت بیاد
1198,354898,['خرید'],خساپا به صف خرید رسید
1199,354899,['خرید'],خودرو هم به صف خرید رسید
1200,354935,['فروش'],"مدیرعامل سایپا خبر داد:

🔸حذف قرعه‌کشی و محدودیت‌های فروش خودرو برای تمام محصولات از شهریورماه

تیموری گفت: با برنامه‌ریزی‌های صورت گرفته طی هفت ماه اخیر، در حال حاضر یک خودروی ناقص در سایپا نداریم.  تولید در گروه سایپا به ۲۰۰۰ دستگاه در روز رسیده و این در شرایطی است که تمامی محصولات داخلی هستند و مونتاژکاری نداریم.  

مدیرعامل سایپا افزود: به دنبال افزایش تولید، فروش محصولات از فرآیند قرعه‌کشی خارج و از ابتدای ماه آینده تمام محدودیت‌های ثبت‌نامی خودرو برای محصولات سایپا برداشته خواهد شد. ایسنا"
1201,354936,['قیمت'],"پژو پارس و پژو ۲۰۶ در مسیر بورس کالا

قالیباف سخنگوی وزارت صمت:

ایران‌خودرو در گام نخست دو خودروی هایما و تارا را برای کشف قیمت پایه در بورس کالا عرضه خواهد رد.

در گام بعدی، خودروهای پژو پارس و پژو ۲۰۶ تیپ دو وارد بورس خواهد شد که در این صورت دست این خودروساز برای تامین نقدینگی در راستای رشد تولید و خروج خودروها از قرعه‌کشی بازتر می‌شود."
1202,354942,['قیمت'],منتظر قیمت دلار در واکنش به این خبر هستیم ☺️☺️
1203,354959,['قیمت'],حداقل ۴ تا ۶ هزار تومن از قیمت دلار میریزه!
1204,354976,['قیمت'],"خدا رو شکر بالاخره کور سوی امیدی برای حذف دلال ها داره دیده میشه 

دیگنیتی به قیمت یک میلیارد و ۳۳ میلیون تومان در بورس کالا معامله شد"
1205,354979,['خرید'],خیر ، همه میتونن خرید کنن ، شما هم میتونید ، به کارگزاری تون زنگ بزنید و شرایط رو بپرسید
1206,354980,['قیمت'],بله ، موضوع قیمت نیست ، همین که در بورس کالا معامله شه خوبه
1207,354983,['قیمت'],اینقدش همه می دونن ، چند تا عرضه کردن ؟ به نظرت این روال بمون چند روز دوام میاره ؟ تولید وقتی کم هست ۴ روز دیگه این قیمت هم میره بالا ، تولید کم و تقاضا زیاد ، نتیجه افزایش قیمت خودروی دارای تقاضا
1208,354984,['قیمت'],"توی تصویر مشخصه ، 125 عدد عرضه شد و تقاضا 553 عدد بود 
وقتی دلال حذف شه تقاضای واقعی بیاد قیمت منصفانه میشه"
1209,354985,['قیمت'],که میشه همون قیمت بازار
1210,354989,['قیمت'],قیمت تقاضا
1211,354997,['قیمت'],بالاتر عرض کردم ، موضوع قیمت نیست ، موضوع اینه که بیاد در بورس کالا عرضه شه ، مستقیم
1212,355000,['قیمت'],فعلن فیدلیتی ۹۸۲ قیمت خورده😤
1213,355003,['قیمت'],"قیمت گذاری روز قبل گذاشته میشه
انلاین نیست"
1214,355007,"['فروش', 'قیمت']","🔹دیگنیتی در بورس کالا به طور میانگین 25 درصد بالاتر از قیمت پایه به فروش رفت.

🔹با احتساب 9 درصد مالیات بر ارزش افزوده و 39.4 میلیون تومان هزینه های جانبی قیمت تمام شده 1165 میلیون تومان می باشد 

🔹قیمت بازار آن 1340 میلیون تومان می باشد.
🔹خریداران بورس کالا به طور میانگین 175 میلیون تومان زیر قیمت بازار این خودرو را تهیه کردند."
1215,355031,['ضرر'],بله .ولی همش الگوریتمی هست و ضرر ما .من با کلی ضرر بعد دو سال خارج شدم
1216,355033,"['هدف', 'قیمت']","✅ مهم‌ترین بخش‌های صورتجلسه ماه اوت فدرال رزرو آمریکا

⭕️ شرکت‌کنندگان مشاهده کردند که داده‌های اخیر انتظارات تورمی با انتظارات بلندمدت که روی 2% تثبیت شده بود، سازگار است.

⭕️ همه شرکت کنندگان در جلسه 26 تا 27 ژوئیه در مورد افزایش 75 نقطه پایه‌ای نرخ بهره اتفاق نظر داشتند.

⭕️ افزایش نرخ اشتغال در ماه های اخیر قوی بوده و نرخ بیکاری پایین مانده است.

⭕️ تورم همچنان بالاست که منعکس کننده عدم تعادل عرضه و تقاضا مربوط به همه گیری، قیمت های بالای مواد غذایی و انرژی و فشارهای بیشتر بر قیمت است.

⭕️ برخی اعضا گفتند که سیاست پولی برای کنترل تورم باید به یک سطح ""به اندازه کافی محدود کننده"" برسد و ""مدتی"" در آنجا باقی بماند.

⭕️ شرکت کنندگان تاکید کردند که کاهش تقاضای کل نقش مهمی در کاهش فشارهای تورمی ایفا می کند.

⭕️ شرکت کنندگان موافقت کردند که تا به امروز شواهد کمی مبنی بر کاهش فشارهای تورمی مشاهده شده است.

⭕️ شرکت کنندگان معتقدند که تورم به انقباض سیاست پولی و تعدیل مرتبط با آن در فعالیت‌های اقتصادی با تاخیر پاسخ می‌دهد و احتمالا برای مدتی به طرز ناراحت‌کننده‌ای بالا باقی خواهد ماند.

⭕️ شرکت‌کنندگان موافق بودند که سرعت افزایش نرخ بهره و میزان انقباض سیاست‌ها در آینده به اطلاعات دریافتی از چشم‌انداز و ریسک‌های اقتصادی بستگی دارد.

⭕️ شرکت کنندگان معتقدند که این فضای تشدید سیاست‌های پولی، زمان مناسبی برای  کاهش سرعت افزایش نرخ بهره و در عین حال ارزیابی اثرات تعدیل سیاست‌ها بر فعالیت اقتصادی و تورم است.

⭕️ شرکت کنندگان خاطرنشان کردند که با توجه به بازگرداندن تورم به هدف 2 درصدیی و اقدامات و ارتباطات قاطعانه سیاستی فدرال رزرو،  اعتبار این بانک به تشدید قابل توجه شرایط مالی کمک کرده است و احتمالاً با مهار تقاضای کل به کاهش فشارهای تورمی منجر خواهد شد."
1217,355052,['حمایت'],ولراز تحلیل و بررسی و حمایت
1218,355135,"['حمایت', 'مقاومت', 'خرید', 'کف', 'فروش']","باور کن علی رغم مبتدی بودنم دوسال قبل می گفتم تمام قرمزهای بورس کار همین حقوقیا هست توی گروه های مختلف 
اما یه عده مثلا تحلیلگر میومدن میگفتن روند از هفته بعد صعودی هست خروجی پول زیادی نداشتیم 
این سهام تا الان سودی ندادند 
به مردم یه سود کلانی بدهکار هستند 
فلان شرکت بخاطر فروش و صادرات فلان چیز و سود چندصددرصد صادرات 
سهامش خیلی ارزش خرید داره 
یا این که این سهام کف کانال نزولی هست 
طبق تحلیل نمودار از این بازه قیمتی این یا حمایت میشه یا از این نقطه مقاومت قبلی رو میشکنه و...
آقای تحلیلگر حرفات درست 
اما شما شرایط مدیریتی بورس اون کشور رو درنظربگیر بعد اگر چیزی بلدی یه گوهی بخور
الان پول‌های مردم رو گروگان نگه داشتن 
تحلیل آقایون تحلیلگر چیه؟
 😡"
1219,355161,['قیمت'],"عزیزانی که دستی بر آتش دارند یه راهنمایی کنند 
میخواستم بدونم قیمت سهام های شرکت های مختلف بر چه اساسی تعیین میشه؟ آیا تعداد سهام (یا به عبارتی بزرگی کارخانه یا شرکت) ، تاثیر گذاره بر روی سهام اون شرکت؟

به عنوان مثال: دو شرکت روغنی غمارگ و غبشهر چرا اختلاف قیمتی دارند و تقریبا و همیشه قیمت غمارگ، نصف قیمت غبشهر بوده (غمارگ: ۱۹۶ تومان __ غبشهر : ۳۳۱ تومان )

تعداد کل سهام غمارگ: ۱۰ میلیارد
تعداد کل سهام غبشهر: ۲۲ میلیارد 

هر دو هم در آبان ۱۴۰۰ افزایش سرمایه داشتند. جدول نوسانات قیمتی هر دو را در طی سالیان کپی هم دیگه بوده فقط با این تفاوت که غمارگ همیشه نصف قیمت غبشهر بوده تقریبا.

میخواستم بدون تفاوت قیمت بر چه اساسیه؟؟ هر دو روغنی هستند و جدول بالا پایین شدن قیمتشون هم شبیه به هم بوده. حالا این اختلاف قیمت به خاطر چیه.

ممنون میشم راهنمایی کنید"
1220,355183,['خرید'],"سلام . فولاد مبارکه مثل ایران خودرو .سایپا و شرکتهای نفتی و پتروشیمی از قدیم تا به حال حیاط خلوت افراد سیاسی و نمایندگان مجلس و افراد ذی نفوذ در همه دوره ها بوده اند . 

از همه مهمتر یکی از سهامداران بزرگ فولاد مبارکه از قدیم موسسه مهر اقتصاد بسیجیان بوده است . این دیگر یک نفر استخدام ساده نبوده است .بلکه سهامدار بزرگ فولاد بوره است .
در همین فولاد مبارکه ائمه جمعه روحانیون . حوزههای علمیه کم جیره و مواجب نگرفته اند . 
همین جند وقت پیش داماد محترم اقای دکتر ولایتی بدون هیج گونه تخصصی به عنوان مدیر عامل  کارخانه ورق شهرکرد متلق به فولاد مبارکا منصوب شد . همان روز اول دستور خرید یک دستگاه تویوتا کرولا برای خودش داده بود . 
که بعد از مدتی هم استعفاء داد و رفت .
و یا این اقای کوهکن نماینده سوپر انقلابی زرین شهر از پسرش که با دستور در دفتر مدیر عامل قبلی فولاد مشغول به کار شد . بگیر تا تمام افراد فامیلش را در فولاد مشغول به کار کرده است .
از این موارد زیاد است .
ماشالله دوستان انقلابی و غیر انقلابی همه در زیر ابی رفتن مثل هم هستند . 
حالا این تحقیق و تفحص فقط برای سیاسی بازی علم شده است .
.."
1221,355210,"['حمایت', 'خرید', 'فروش']",درود و تشکر از تحلیل شما دوست گرامی قبلا یک تحلیل از سهم انجام دادم به درستی آن اعتماد نداشتم از لحاظ روانی سهم در حال فروش هیجانی سهام دار قرار داره شاید اخبار باعث بشه حمایت ۱۶۵۰ را هم از دست بدهد روز های سخت در پیش هست برای خرید یا فروش بازهم تشکر
1222,355214,['کف'],بیت در حال تست کف 19000 هستش
1223,355219,['کف'],به نظرم قضاوت در مورد کف 17000 الان زوده... اول کف 18500 تا 19000 باید تست بشه ببینیم خریدار چیکار میکنه اونجا... بعدا واسه شکار نقطه ی پایین تر بمونیم
1224,355220,"['مقاومت', 'خرید', 'فروش']","به نظر بنده روند نزولی در روند نزولی باید در مقاومت ها سل زد ...
3 مقاومت معرفی شده که تا اینجا هر دوتاش خوب عمل کردن و میشده ازشون سود خوبی گرفت 
نباید منتظر خرید بود باید منتظر فروش بود"
1225,355221,['کف'],این حرفتونو قبول دارم من خودم پوزیشن سل دارم روش... منتها گاهی بازار خلاف اونچیزیکه فکر میکنیم حرکت میکنه حتی با خبرای بد... منظورم از کف 18500 الی 19000 هستش
1226,355225,['کف'],"جفت ارز یورودلار در حال شکست کف قبلی می باشد و به پایین ترین سطح خود در 19 سال اخیر نزدیک می‌شود
کف قبلی 0.99521 بود که هم اکنون یورو در محدوده 0.99548 می باشد"
1227,355226,['کف'],کف قبلی شکست...🤦‍♂️
1228,355228,['فروش'],"شاخص باید صعودی شه
راهی نداره
بنظرم فقط فروش نداشته باشیم"
1229,355232,['ضرر'],دقیقا چون اینقدر ما توی ضرر هستیم که حالا حالا با شاخص 3 میلیون شاید سر به سر شیم
1230,355233,['ضرر'],کسایی که با صندوقها بودن زیاد تو ضرر نیستن بعضیا بعد از ریزش 99 حتی تو سود هستن
1231,355237,['ضرر'],من یک پرتفوی را با۳۵میلیون ضرر  باهاش ۲ماه پیش خداحافظی کردم کاش همون روز این پرتفوی را هم کلکش کنده بودم
1232,355239,['ضرر'],از مرداد ۹۹ *حدود۴۰میلیون گذاشتم شده ۱۴میلیون سخته ضرر خدا شاهده سخته
1233,355244,"['حمایت', 'کف']",بله گروه های ریالی  ، اما از این گروه ها هم سهم هایی رو انتخاب کنید که در کف باشند و حمایت های قوی داشته باشند ، به دور از هیجان و منطقی سهم رو انتخاب کنید
1234,355258,['قیمت'],درود ما هم منتظر هستیم به این قیمت برسه که ورود کنیم
1235,355269,['ضرر'],ایران نفتشو از یونان گرفت مبادله زندانیان سیاسی با امریکا وصول پول ایران از عراق توافق ضمنی برای ازاد سازی بلوکه ایران در کوره جنوبی موافق روسیه برای برجام و ...... پشت پرده کار رو بستن حواستون باشه با یه شک قیمتی دلار چه طور دو روز پیش تا ۲۸ تومن امد تاریخ تکرار می شه دلار ۲۲ هزار تومنی رو به ۱۱ تومن رسوندن ۶ ماه نگه داشتن . حواستون باشه مال دارتون نکن هر کسی مسئول تصمیم خودشه با همه جوانبش من ابشده کار حرفه ای هستم نهایت ریسک نصف نقد ریال نصف طلا ابشده رفت بالا سود کنی امد پایین سنگین ضرر نکنین یا حق
1236,355340,"['ضرر', 'فروش']","دوست عزیز خیلی از موضوعات رو باید رعایت کنی
مثلا با پول وام
یا پول قرض
یا پول فروش ماشین و خونه و ....
هرگز وارد بورس نشو
با پولی سرمایه گذاری کن که اگه مسدود یا ضرر کردی زندگیت آسیب نبینه❤️"
1237,355363,['خرید'],سلام اگه اشتباه نکنم که مهم اینه که سهامی که منو شما خریدیم عمده سهامش مال کی باشه که ببندند افزایش سرمایه بدن یا صف خرید بشه واز ازاین کارها که این دوسال به سرمون دادن
1238,355405,"['ضرر', 'قیمت']","‏ماجرای اصلی این فساد فولاد مبارکه پشم‌ریزونه واقعا:

خودروسازا دو سال تموم، فولاد رو به نرخ دولتی از کارخونه می‌خریدن واسه ماشین ساختن، بعد جای ماشین، فولاد رو به نرخ آزاد تو بازار می‌فروختن، بعدش میومدن فولاد رو به قیمت بازار دوباره میخریدن که ماشین رو به قیمت فولاد آزاد بفروشن!

‏فولاد مبارکه هم بجای پول، ماشین می‌گرفته و ماشین‌ها رو  لیزینگی میفروخته! این یعنی سه سر سود. تمام درامد حاصل از این بازی‌ها هم  تقسیم میشده!

بله معلومه ضرر هم میدید...."
1239,355489,['سقف'],پتانسیل رشد تا سقف کانال را داره به نظرم.
1240,355498,['خرید'],چکاپا رو دیدی بزنید.در نقطه خوبی برای خرید هست
1241,355502,['سقف'],سهامدار عمده اش تو سقف یک دانه سهم نفروخته چه برسه به الان
1242,355577,['سیگنال'],گفته کار گزاری نگفته کانال تلگرامی یعنی میخواد جلو رانت و سیگنال فروشی را بگیرد
1243,355581,['سیگنال'],نه اینکه تاحالا  تحلیل گرا مجوز داشتن یادتون رفته کانال میزدن پول میگرفتن سیگنال میدادن سال۹۸
1244,355582,['سیگنال'],روزی اینا سیگنال و تحلیل میکردن هر کس روبروی تابلوی بورس ایستاده بود یه لنگ کفش پرت میکرد به هر سهمی میخورد سود میکرد چرا الان کسی تحلیل هایش درست از کار در نمیاد
1245,355597,['قیمت'],"خپارس را باز نمی کنند

۱۵ درصد زیر قیمت فروشنده ام
 پول لازم ..."
1246,355740,['قیمت'],"با  حق سرویس یه توالت میشه ۵تا سهم خودرو یا سایپا رو بخری 
🔶️یا قیمت حق سرویس گران هست 
🔶️یا قیمت سهام شرکت نسبت به ریدن ارزونه 
🔶️یا باید برینی تو اقتصاد این مملکت که  با قیمت ۵ تا سهام شرکت خودرو ساز میشه یه توالت بری"
1247,355775,['قیمت'],قابل توجه بازار ایران که قبل از نتیجه جلسه شورای حکام خودش تصمیم گرفت و طلا و دلار خودزنی کردند و افزایش قیمت دادند.بقول اون جوک که میگه مارادونا ول کنید پیرولی را بگیرید.
1248,355802,['هدف'],"🎯هدفگذارى شما در زندگى بسيار مهم است.....

شما بايد براى مدت زمان كوتاهى كه در اختيارتان قرار داده شده يك هدف جامع انتخاب كنيد....

هدفى كه تمام ابعاد زندگى شمارا در بر بگيرد....

هدفى كه به خاطرش صبح ها با عشق از خواب بيدار شويد. هدفى كه به خاطرش سختى هاى زندگى را به جان بخريد و برايش بجنگيد.....

بدون داشتن چنين هدفى زندگى شما دچار پوچى و روزمرگى مى شود......

هدفى  را انتخاب كنيد كه نفس هايتان را بر اساس رسيدن به آن تنظيم كنيد....!!

💟🌷"
1249,355882,['هدف'],"زندگی 
عمر کردن نیست،
بلکه ""رشد"" کردن است
عمر کردن کاری است که از همه‌ی حیوانات برمی‌آید.
اما رشد کردن هدف والای انسان است
که عده‌ی معدودی می‌توانند ادعایش را داشته باشند....!!

✅❤️"
1250,355970,['فروش'],درود حواستان به خریدها و فروش باشه
1251,356025,['خرید'],سلام به همگی خسته نباشین نظرتون در رابطه با خرید صندوق تضمین مفید چیه ؟
1252,356030,['ضرر'],بدون نفت 4.3، با نفت 3.8😂😂😂😂😂 .....خو بدید بره نفت که ضرر بیشتر از این به عقتصاد مملکت نزنه.... یه دود دیگه میگرفتن میگن رشد عقتصادی 50 درصده...
1253,356093,['قیمت'],به همین زودی همین سهم ها را چند برابر این قیمت ها به مردم غالب میکنند.
1254,356112,['ضرر'],ولی ب ضرر مردم
1255,356155,['فروش'],"خصدرا...
زمانی که جوان تر بودیم میگفتن وقتی سهم حجم خورد  و بد صف فروش شد این موضوع رو به فال نیک بگیرید...ولی نه موقعی که سهم قبلا یک دوره سود دداده به ملت...
تقریبا ده برابر حجم مبنا حجم خورده ...و دوبرابر حجم ماه...
این بیچاره بعد افزایش سرمایه از فروردین ۹۹ تا حالا جونی برای بلند شدن نداشته گویا...خیلی ضعیف عمل کرده والا...اگه موج هاش رو هم بشماریم هنوز سی  تمام نشده که بره تو فاز صعود..صبر گاهی وقت ها خوبه...اندکی صبر بعد پرش و ورود به سهم...
من الله التوفیق"
1256,356167,['کف'],"بازار این هفته تموم شد
شاخص کل به نظر شخصی من موج ۵ اصلاحی تموم شد
و کف روند( روز دوشنبه) الگوی ستاره صبحگاهی تشکیل شد(تو گوگل سرچ کنید اسم رو توضیحش نوشته) و فکر میکنم روند صعودی شروع شده
این که بازار به چه شکلی بخواد رشد کنه فعلا زود و یکم سخت پیشبینی.
ولی به شخصه نظرم به اتمام روند نزولی هستش."
1257,356198,['قیمت'],بی شرف یعنی اگه حقوق اضافه نشه افزایش قیمت نداریم ،  فعلا که هر ثانیه افزایش قیمت داریم ، اون از رئیس سازمان برنامه و بودجه بی خرد اینم از نماینده های مجلس بی شرف
1258,356383,"['فروش', 'قیمت']","آخرین قیمت محصولات پر فروش ایران خودرو و ساپیا با ادامه گرانی ها
بورس پرس-بررسی روند قیمت محصولات پرطرفدار ایران خودرو و سایپا نشان از افزایش قیمت یک میلیون و حداکثر ۲۵ میلیون تومانی دارد."
1259,356594,['فروش'],"1000 دستگاه پژو 207 دستی سفید در بورس کالا معامله شد؛ 

342  میلیون و 842 هزار تومان 

امروز 30 آبان ماه 1000 دستگاه پژو ۲۰۷ دستی سفید محصول شرکت ایران‌خودرو با ۸۳ درصد رقابت به فروش رسید."
1260,356873,['خرید'],دیگه برا خرید دلار دیره ، الان سهام خوبه ارزونه
1261,356890,['خرید'],نباید این اشغالای مونتاژی رو خرید
1262,356983,['مقاومت'],خزامیا میتونه مقاومت ۱۶۵۰ رو بشکنه به نظرتون
1263,357026,['حمایت'],"سلام صبح بخیر به همگی 
یه سهم خوب میانمدت زراعی پیشنهاد دارید؟ با  ذکر حمایت ومقاومت و هدفش"
1264,357027,['مقاومت'],سلام صبح بخیر شبندر ریسک به ریوارد و نقطه ورود  و مقاومت رو میفرمایید
1265,357037,['فروش'],دهدشت دارم نظرتون با نگهداری  یا فروش چیه؟
1266,357075,"['ضرر', 'قیمت']",اینا واقعا تو ایران زندگی میکنن والا بقران کمتر از ۴ ماه پیش لوله ۳۲ خریدم شاخه ای ۱۱۰ تومن امروز خریدم ۱۹۰ تومن البته از شاد آباد عمده فروش.... تو محل شاخه ای ۲۵۰ هست‌ خدا وکیلی چرا اینقدر دروغ‌.خب یسر تو بازار بزنید بعد این حرفا رو بزنید هر دقیقه یه قیمت جدید والا دیگه خسته  شدیم اینم از بورس لعنتی دوساله درگیرشیم با کلی ضرر
1267,357076,['قیمت'],اینم با قیمت زیاد فرو کنننن به ملت ساده
1268,357104,['سقف'],"این دست خبرها ، وقتی که دلار میخواد سقف کوبی کنه می‌زنن بیرون
زیاد توجه نکنید"
1269,357118,['قیمت'],"واقعا.
بلانسبت مردم احمق که میخرن.
بگو گوساله تویی که میری با این قیمت بخری.
احمق برو بازار آزاد بخر"
1270,357151,['ضرر'],ضرر پشت ضرر
1271,357161,['ضرر'],سلام .برو سال دیگه بیا .بدون ضرر خارج شو
1272,357173,['ضرر'],"سلام من وتجارت دارم ۳۰ درصد تو ضررم چه کار کنم نگه دارم یا بفروشم 
بکورش هم دارم خیلی وقته ولی سودی بهم نداده سربه سرم چیکارش کنم 
به نظرتون الآن چه سهامی خوبه بخرم لطفا راهنمایی کنید 
خیلی ضرر کرده تا حالا"
1273,357174,['خرید'],سلام و عرض ادب،نظرتون برا خرید سهم آباد چیه،بنظر می رسه سهم خشک شده و آن چنان فروشنده ای نداره؟
1274,357181,['قیمت'],ورود بزنیم تو این قیمت یا پایین تر میاد
1275,357200,['خرید'],بچه ها از خرید غپآذر غافل نشید خبر خوبی داره که آخر دی ماه میاد
1276,357208,['خرید'],خچرخش  قدر فرصت خرید داشته باشید، نمودار نشانگر صعودی بودن سهم است. بشتابید که حراج شد
1277,357256,['خرید'],بفرما صف خرید
1278,357346,"['خرید', 'فروش', 'قیمت']","چرا مردم؟؟؟
تا چند روز قبل از این بازی کثیف ۲۰۷ داشت تو بازار آزاد ۴۳۰ میلیون خرید و فروش میشد. الان طرف باید همین قیمت و تو بورس کالا با هزار منت و سیستم کوپنی و بعد از ۳ ماه تحویل بگیره 🤦"
1279,357349,['سیگنال'],امروز و فردا سیگنال میشه
1280,357354,['خرید'],صف خرید شد
1281,357467,['خرید'],دوستان آگه دنبال سود در کوتاه مدت هستند حتما پله ای در بورس خرید کنند
1282,357513,['سقف'],تحلیل نداره، دلار نیما رو شرکتا تامین میکنن که نرخ ۲۸۵۰۰ میخوره از اونورم دولت میخواد دلار ارزون بخره که بازار رو باهاش کنترل کنه هم کسری بودجه رو جبران کنه،نرخ بهره هم میره بالای ۲۵ که هم تورم رو مثلا کنترل کنن( سقف دلار خروج پول از دلار و سود بدون ریسک بالای ۲۵٪) یه بخشی از پول داغ رو که سود خوبی هم کرده این مدت از چرخه احتمالا خارج میکنه، یه مسکن مقطعی برای اقتصاد در حال نابودی😅😅😅ولی از اونجا که هیچ فکری برای زیر ساخت و ایجاد اشتغال و این چیزا نشده طبیعتا باید منتظر جامپ ارزی بعدی باشیم البته فعلا ببینیم سقف دلار کجا میخوره اخر… ۴۸-۵۱ بنظر اخر حرکت دلار تووی این موجش هست دیگه، بدون توافق با دنیا هم پول ملی ارزشی نداره یه وسیله برای سرگرمی مردمه، این رئیس جدیدم قرار یه شوک به بورس بده فقط که از سایه خودشم میترسه🤣🤣🤣
1283,357533,"['خرید', 'فروش']","وقتی اکثر کانالها چندروزهواز ریزش و پولبک و صف وشر  حرف میزنن ودل سهامدارو خالی میکنن مشخصه این اتفاق می افته .
امروز روز ورود پولاای بزرگ به بورس بود که عالیجنابان باید  صف فروشش میکردن که دلبران دلاری و خودرویی امروز درکف وارد بشن .
خود سهامداران هستند ک شاخص و سهم را بالا وپایین میکنن .البته با اخبار کذب و بی اساسی که یهو میرن صف فروش یهو صف خرید و این بازی دادن سهامدار توسط مافیا ادامه دارد .اگر سهامداران جرات کنند و خیچ کس نفروشه مطمین باشید بازار ۲میلیونو رد میکنه"
1284,357547,['کف'],"دوست بزرگوار با تحلیل تکنیکال


هنوز سهام هایی هستن ک تو کف هستن یا رشد چندانی نکردن
می‌خواین نمونشم مثال بزنم بینید!!؟؟"
1285,357630,['قیمت'],اول ممکن هست که سقوط قیمتی باشد امابعد دوباره افزایش قیمت خواهندداشت.بدلایلی که شما میگوئید.
1286,357634,['قیمت'],"""وبملت"" بازار را جا گذاشت 

سهام بانک ملت در معاملات پایان هفته، حساب خود را از شاخص جدا کرد.

""وبملت"" با سبز پوشی قیمت آخرین معامله و قیمت پایانی در بازار منفی امروز شاخص شده و تعداد 512 میلیون سهم آن درچرخه معامله قرار گرفت.

در این میان پیشی گرفتن خریداران حقیقی نسبت به حقوقی ها ارزندگی و آینده درخشان این سهم را بار دیگر به رخ بازار کشید که البته ذخایر ارزی 5 میليارد دلاری بانک ملت در رقم زدن سناریوی اقبال سرمایه گذاران به این سهم، خود فصل مهمی است."
1287,357669,['خرید'],خصدرا صف خرید
1288,357686,['خرید'],خصدرا صف خرید
1289,357696,['قیمت'],این تیتر واقعا احمقانه بود! کسی ضربه فنی نزده عرضه تقاضا داره یکسان میشه! حباب کذایی قیمت خودرو رو شما قبول ندارید؟ خودرو وسیله سرمایه گذاری تورم گریزه؟ یا وسیله مصرفی؟؟
1290,357697,['قیمت'],الان بازم به نفع خودرو سازه این شرایط چرا که با قیمت پر تر از قیمت کارخانه داره میفروشه... و خودرو ها هم متناسب با کیفیتشون قیمت میخورن!
1291,357699,['قیمت'],قیمت تمام شده شاهین با مالیات و همه چیز چقد میشه؟
1292,357700,['قیمت'],هر موقع واردات آزاد شد این لگن ها اینقدر قیمت خوردن اونوقت پشت بازو بگیرن
1293,357702,['قیمت'],"با ورود خودرو های وارداتی قیمت خودرو بیشتر از این ها پایین میاد 
الان سایپا و ایران خودرو دارن سریعتر توی بورس می فروشند که خودرو های انبار شده رو دست شون نمانه"
1294,357704,['ضرر'],کدوم خودروهای وارداتی، کلا ۲۲ تا خودرو وارد شده، در ضمن همینا وارد کننده اند و چیزی وارد نمی کنند که بخودشون ضرر بزنه
1295,357714,['خرید'],خصدرا صف خرید
1296,357725,['فروش'],درضمن سهمش الان 2300 برای فروش 3200 گذاشتش
1297,357731,['قیمت'],"دنا پلاس ۶۰۰ تومن تو بازار قیمت خورده 
بعد میگی تقاضا نباشه ؟ دراین صورت  
۴۰۰ تومن سودش هست 
۴۵۰ قیمت میخوره"
1298,357733,['قیمت'],فکر کنم مثل تارا قیمت بخوره
1299,357734,['قیمت'],"حکام بی منطق ببینید
چه آهن پاره ها یی به قیمت خون تبهکاران صنعت شان به خورد ملت بدبخت می خورانند"
1300,357738,"['حمایت', 'مقاومت']","فرق هست بین شاخص 1600 روزی که دلار بود 24 و امروز که هست 40 ... این بازار دلاریه و سمت و سو خودش رو با دلار تنظیم میکنه. چه من خوشم بیاد یا نیاد. پس تا وقتی بازار نشونه های مهمی از خروج به من نده بدون ترس ادامه میدم و برام مهم نیست الان عددش چیه. 866 روز گذشت و هنوز درگیر عددی فرضی هستیم. مقاومت واعظی روزی ابهتی داشت! اما کم کم باید عادت کنیم و بهش بگیم، حمایت واعظی...
استادسالارصفایی"
1301,357744,['قیمت'],اگه بشه همون قیمت پایه گرفت عالیه
1302,357751,['خرید'],صف خرید خصدرا
1303,357764,"['حمایت', 'خرید']","عجب بازار زیبایی. 👋👋  شاخص بورس کشور هم همچون دیگر بازار های مالی ارز طلا، با شیب ملایم بزودی تمامی مقاومت‌ها را می‌شکند.....

هر روز یک گروه متفاوت با صفهای خرید میلیونی مواجه هستند.....

اوج تقاضا در بسیاری از سهمها بقدری است که تمامی عرضه ها را در صفهای خرید می‌بلعند و مجددا برای سهمها صف میلیونی می‌چینند....

دیگر به همه ثابت شده نوسانات دلار هم تاثیری بر روند صعودی بورس ایران ندارد چون هم اکنون کلیت بورس بر مبنی دلار 25 تومانی ترید میشود و شدیدا از تورم کشور جا مانده. شاخص به 350 0 برسه تازه رشدش به موازات طلا و دلار و زمین خواهد رسید.....


ارزش ریالی سهام شرکتها شدیدا از تورم جا مانده، برای همین حقوقیها، سهامداران کلان شرکت‌ها، سبد گردانها و حتی صنایع دولتی بورس که ارزش ریالی  سبد سهامشان  نابود شده به فکر حمایت از سهام شرکتها افتادند.... 

پیاز کیلویی 35 هزار تومان. هر عدد سهم  شرکت‌های معتبر صنایع مختلف کشور همچون پالایشی فولادی پتروشیمیو.... قیمتش چند است.؟؟؟؟؟؟"
1304,357815,['قیمت'],منم همین مشکل رو دارم ثبت کردم ولی نمیدونم قیمت واحد رو چند بزارم فعلا گذاشتم ۴۶۰۰۰ تومن که میشه ۴۶۰۰۰۰۰
1305,357817,['قیمت'],فقط ربع رو میشه ثبت سفارش کرد قیمت مشخص نیست اصلا هر چی دوست داری میشه گذاشت که ظلمه با حباب بخری ، کسی میتونه راهنمایی کنه من ۱۰۰ واحد رو ۴ میلیون و ۶۰۰ هزار ثبت کردم باید به قیمت بازار بزنم یا قیمت واقعی بدون حباب؟ راهنمایی می کنه کسی
1306,357825,['فروش'],من باشم طلای بدون اجرت میخرم تا هر موقع خواستم استفاده میکنم کسری هم نداره برای فروش
1307,357829,"['ضرر', 'هدف', 'فروش', 'قیمت']",هدف تنظیم بازار میشه فروخت در جا ولی بستگی داره به قیمت ، اگر با حباب باشه ارزش خریدی نداره ضرر میکنی با حباب میخری بازار میریزه فروش زیاد شه
1308,357838,['قیمت'],آره خیلی سریع عرضه کنید به سه برابر قیمت بدید دست مردم، و بگید کشف قیمت کردیم
1309,357855,['قیمت'],مناطقی از مشهد لوله اب ترکیده و اب ندارند خراسان جنوبی و تربیت و مناطق دور ور باید بجای گاز از نفت استفاده کنند بخاری حالا چنده قیمت
1310,357859,['خرید'],تجارت نیوز زده باز ه درحالیکه پنل اوراق بهادار هم باز زده ولی خرید وفروشی انجام نمیشه مسخره کردن
1311,357881,['خرید'],دوستان برای خرید خودرو ازبورس کالا پلاک فعال بنامت باشه میشه ثبتنام کرد اصن شرایط داره گواهی نانه اینا؟
1312,357882,['خرید'],"🔴 چه کسانی نمی‌توانند از بورس کالا خودرو بخرند؟

▫️برای خرید برخی خودروها در بورس کالا پنج محدودیت وجود دارد.

▫️از اردیبشهت ماه سال جاری عرضه خودرو در بورس کالا آغاز شد، اما این عرضه‌ها در میانه راه چکش کاری شد و وزارت صمت با همکاری سازمان بورس محدودیت‌های جدیدی برای متقاضیان خودرو در بورس کالا ایجاد کردند.

▫️تا به امروز ۱۴۱ مدل خودرو (به تفکیک رنگ و امکانات) و بیش از ۳۴ هزار خودرو در بورس کالا عرضه شده است. اما برخی‌ها نمی‌توانند از بورس کالا خودرو بخرند.

1️⃣ در درجه اول فردی که کد بورسی کالایی و حساب وکالتی نداشته باشد نمی‌تواند از بورس کالا خودرو بخرد.
2️⃣ دومین محدودیت این است که هر متقاضی تنها یک خودرو می‌تواند بخرد و به واسطه این موضوع خودرو به خریدار واقعی می‌رسد.
3️⃣ سومین محدودیت این است که از سال ۹۸ به بعد افرادی که از خودروسازان اقدام به خرید خودرو کرده اند، نمی‌توانند ثبت سفارش کنند.
4️⃣ چهارمین محدودیت این است که تنها افراد بالاتر از ۱۸ سال می‌توانند در بورس کالا خودرو بخرند.
5️⃣ در آخر حقوقی‌ها نمی‌توانند از بورس کالا خودرو بخرند.
در آخر باید اشاره کرد که محدودیت‌های یاد شده شامل برخی از خودروها نمی‌شود مانند کاموینت‌ها و وانت کارا"
1313,357889,['خرید'],دوستان نظرتون در خصوص خرید و نگهدارے سهم کگل چیه ممکنه بفرمایید
1314,357913,"['مقاومت', 'خرید']","بازار سراسر تقاضای خرید شده است....

انگار از امروز جان تازه ای به بورس تزریق شده و مرحله و موج تازه ای در روند صعودی بازار آغاز شده.....
اعتماد عمومی در حال برگشت به بازار سرمایه میباشد 
عامه مردم تازه روی شاخص 250 0 وارد بازار خواهندشد.....

تزریق نقدینگی و تقاصای خرید در بسیاری از سهمها آنقدر بالاست  که هر سهمی در صف خرید عرضه شد مجددا رنج مثبت  و صف خرید میلیونی برای آن سهم چیدند.....

آنچه مشخص است شاخص تا 210 0 هیچ مقاومت تکنیکالی نداردو این روند صعودی با شیب ملایم ادامه خواهد داشت.....

گروه‌های کوچک فوق العاده جذاب و عالی ترید میشوند...

غذایی و دارویی و ساختمانی و..... سهمهای سود ساز بنیادی بازار هستند که در مجامع سود های عالی تقسیم میکنند.....!!"
1315,357925,"['سیگنال', 'خرید']","کندل های مثبت شاخص مجددا شروع شد. 

این کندل های عالی خودش  بهترین سیگنال تکنیکالی  برای آینده صعودی  بازار است....

بورس کنونی فوق العاده تکنیکالی و عالی ترید میشود. سهمها حجم می‌خورند و با ورود نقدینگی تازه نفس  مجددا صعودی می‌شوند.....

امروز  هم بسیاری از سهمها اواسط بازار گارد صعودی خواهند گرفت.... 


تزریق نقدینگی و تقاضا بالای خرید  در بورس شدت گرفته.
بطوریکه هر سهمی عرضه میشه مجددا بازار در همان درصد های بالا میبلعد و صف خریدش را می‌چیند 
اکنون تازه ابتدای موج صعودی بازار هستیم..... 

بورس کشور بر مبنی سود سازی سهام شرکتها و  تورم شدید  و  دلار 40 هزار تومان، هم اکنون شاخص بورس  باید در محدوده  3500 واحد میبود....

تمامی تحلیلگران کشور معتقد با پتانسیل ترین و مستعد ترین مارکت اقتصادی کشور که چند صد درصد جای رشد دارد فقط و فقط بورس میباشد....!!"
1316,357952,"['خرید', 'قیمت']","باز هم کندل مثبت....
 
نقدینگی در بازار بسیار است
دیروز رکورد ورود نقدینگی در دو سال اخیر به بازار سرمایه شکسته شد....
 
این ورود نقدینگی خودش نشان از آینده روشن بورس کشور می‌دهد....

فردا اواسط تایم و بعد از جو عرصه اولیه مجددا سهمهای مستعد شاهد رنج مثبت و صف خرید
اول تایم فردا فرصت طلایی شکار سهمها....

همین امروز هم بسیاری از سهمها در صف خرید میلیونی قفل بودن همچون قاسم و غدیس از گروه غذایی و بسیاری سهمها از گروه دارویی و ساختمانی و.... 

دلار بالای 40 تومان تتبیت شده و اکنون روی 41 معامله می‌شود ، 
کلیت شرکت‌های بورس کشور صادرات محور هستند که اکثرا  صورتهای مالی سال قبل را با دلار محدوده 25 تومان بسته اند، این گپ بزرگ ایجاد شه قیمت دلار، خودتان حساب کنید چه سودی امسال نسیب شرکت‌های بورسی خواهد شد.....!!"
1317,357983,['خرید'],"سلام
ایا در خرید عرضه اولیه برای شما هم مبلغ ۱۱۰ سهم  فروژ از حسابتون کم شده؟"
1318,357991,['قیمت'],باید بنیادی بررسی کرد و دیدی که nav سهم به قیمت چطوریه
1319,357992,"['مقاومت', 'خرید']",از دید بنده برای خرید مناسب نیست یک مقاومت مهم و سخت در 2300 داره و هنوز نتونسته بشکنه
1320,357993,"['حمایت', 'مقاومت', 'خرید']",خرید سهم در حمایت ها یا بعد شکست مقاومت ها و پولبک مناسب تره
1321,357994,"['خرید', 'قیمت']","برای خرید با استراتژی بنده در این قیمت ها مناسب نیست یک باند مقاومتی مهم داره که محدوده 380-400 میباشد که مقارن با فیبوی اکستنشن 162 و مرز روانی 400 است 
اغلب رشد این سهم بخاطر بحث زمین هاش بوده بهتره از اون دید بررسی کنیدش"
1322,357996,"['حمایت', 'مقاومت']",شپنا مقاومت 800 و 940 و 1200 رو داره و حمایت 666 تومان
1323,357999,['سقف'],شبندر رو چند وقت پیش در محدوده 670 بررسی کردم و انتظار هم داشتم که بیاد و سقف رو بزنه که همین هم شد از نظر من گروه پالایش یک استراحت میکنند و بعد مجدد حرکت خود را ادامه میدهند ، حالا این استراحت تا کجا باشه را باید دقیق بررسی کرد
1324,358001,"['مقاومت', 'خرید']","خکار از نظر بنیادی سهم خوبیه ولی از طرفی سنگین هم هست محدوده 180-200 به نظر من برای خرید سهم خیلی خوب بود که به خیلی از دوستان هم عرض کرده بودم و خودم هم در اون محدوده به این سهم ورود کردم اما چون نتونست به 360 ورود کنه و بشکونه اش ازش خارج شدم منتظرم ببینم میتونه بالای 420 تثبیت کنه تا بعد مجدد بررسی کنمش 
مقاومت مهمش محدوده 400"
1325,358005,"['سقف', 'کف']","به نظر من گروه فعالی روی سهم هستن که اغلب حجم هایی هم که میخوره به نظرم کد به کد و فیک هستش
از نظر تکنیکالی سقف قبلی رو شکسته و باید دید کف جدید رو کجا میسازه 
اما از نظر بنیادی و  سود سازی به نظرم خوب عمل نکرده"
1326,358010,['تارگت'],فریب کانال ها و تارگت های عجیب غریب رو نخورید
1327,358012,"['خرید', 'ضرر', 'قیمت']",چند وقته روش خوابیدم هنوز تو ضرر هستم با اینکه  تو قیمت پایین خرید زدم بازم ضرر دارم  ازش  بازم  از شما ممنون
1328,358025,['قیمت'],توی این قیمت ها؟  برای خرید؟
1329,358027,"['مقاومت', 'ضرر']",بله  حد ضرر ۱۴۰۰ گفته  مقاومت ۳۱۵۰تا ۳۶۰۰گفته
1330,358028,"['حمایت', 'مقاومت']",والا اینجوری مقاومت و حمایت نمیگن
1331,358029,"['حمایت', 'مقاومت']",مقاومت ها رو نزدیک و حمایت ها رو حمایت های prz در نظر بگیرید
1332,358035,['خرید'],در بین بانکی ها تجارت و ملت و سینا رو میپسندم به شرطی که در نقطه مناسب خرید بشن نه هر قیمتی
1333,358042,['مقاومت'],"الان غگلستا رو نگاه کردم مقاومت اول ۱۸۳۸۰_۱۹۶۷۰ریال
حد ضرر۱۴۴۹۶_۱۳۷۵۸ریال هست به نظرم 
ولی از حقوقیش میترسم"
1334,358043,['مقاومت'],بنظرتون برا وارد شدن مناسبه یا بعد شکستن مقاومت وارد شیم؟
1335,358044,['خرید'],به نظرم برای خریدش عجله نکنید صبر کنید گزارش 9 ماهه لبنی ها بیاد بعد ببینید کدومشون بهتر عمل کرده و منطقی تر خرید کنید
1336,358046,['مقاومت'],سدبیر به نظرم محدوده 2800-3000 یک مقاومت داره که باید صبر کرد دید با مقاومت چه میکنه ، در کل منطق حرکتی  این سهم رو متوجه نمیشم 😁😁
1337,358047,['مقاومت'],از نظر بنده نه مناسب نیست حتی بعد شکست مقاومت
1338,358048,['مقاومت'],"ولی من توی تقریبا ۷،۸ روز ۲۳ درصد سودم ازش
به نظرم مقاومت رو رد کرده"
1339,358091,['قیمت'],"دانه روغنی خراسان سوم بهمن عرضه اولیه ش هست
 به هر کد ۵۴۰۰۰۰۰۰سهم 
 قیمت ۱۰۵۶۷ریال"
1340,358092,['خرید'],سلام مربوط به صندوق هاست  و عموم نمیتوانند خرید کنند
1341,358170,"['حمایت', 'فروش', 'قیمت']","🔸تقریباً می توان گفت اولین گزارشات 9 ماهه را پالایشگاه ها فرستادند. با توجه به گزارش در خور توجه شتران، عده ای آن را به کلیت گزارشات و سایر نمادهای پالایشی ربط دادند. اما متاسفانه در این مقوله مشت نمونه خروار نبود و سایر گروه های بازار بخصوص بزرگترها ضعیف ظاهر شدند. بطور متوسط بالای ۳۰ درصد نسبت به ۹ ماهه مشابه سال قبل رشد داریم که رقم فوق العاده پایینی بود. البته عملکرد سودآوری 9 ماهه 475 شرکت بورسی که تا این لحظه منتشر شده است  485 هزار میلیارد تومان بوده که نسبت به 9 ماهه ابتدای سال قبل 33% رشد کرده است اما به هر حال انتظارات بیشتر بود. در کوچکترها داروئی ها تقریباً بهترین گزارشات را داشتند. حمل و نقلی ها، کاشی و سرامیک، سیمان و خودروسازان تجاری هم به ترتیب عملکرد بهتری داشتند. بانکی ها هم بد نبودند بخصوص بانک ملت عملکرد خوبی داشت. سایر خودروسازان هم به نسبت خوب بودند.

🔸در مورد خودرو اما ۲۰‌ هزار میلیارد تومان زیان ناشی از قیمت گذاری تکلیفی مطابق ماده ۹۰ قانون اجرای سیاست‌های کلی اصل ۴۴ قانون اساسی در نه‌ماهه ابتدای سال ۱۴۰۱ به حساب دولت منظور و در حساب‌ها اعمال گردیده است و در خصوص سه ماهه چهارم ۱۴۰۱ نیز پس از شناسایی اعمال خواهد گردید. تحلیلگران این مورد را تنها نکته منفی گزارش خودرو دانستند و به سود رسیدن خودرو تحت این عنوان را کمی مبهم ارزیابی کردند چرا که ممکن است این سود دولتی هیچگاه محقق نشود. به هر حال دولت طبق قانون موظف به جبران قیمت گذاری دستوری در خودروسازان است و این بدهی بر ذمه دولت باقی می ماند اما شاید نقد کردن آن آسان نباشد. آمار 9 ماهه فروش محصولات ایران خودرو نشان میدهد که سهم فروش خودرو در بورس کالا، بسیار پایین و ناچیز بوده است؛ فقط 0.29 درصد بوده است. همانطور که در خبرها آمده است سهم فروش خودرو در بورس کالا با برنامه هفتگی افزایش عرضه ها در بورس کالا و پذیرش الباقی خودروها در بورس کالا، با حمایت دولت و مجلس و همراهی وزارتین اقتصاد و صمت و همکاری خودروسازان، قطعاً افزایش می یابد و فراگیرتر خواهد شد.

🔸شرکت ایران خودرو در دوره 9 ماهه منتهی به 1401/09/30 به ازای هر سهم 4 ریال سود محقق کرده است. این درحالیست که شرکت در مدت مشابه سال قبل به ازای هر سهم 295 ریال زیان شناسایی کرده بود. قطعاً با تداوم عرضه خودرو در بورس کالا و آثار فروش خودرو در بورس کالا در صورت مالی ۱۲ ماهه و در گزارشات فصل زمستان تازه عیان خواهد شد. متاسفانه زیان غیر عملیاتی 117ریالی از بابت قیمت دستوری و تحمیل هزینه مالی باعث شد در نهایت به سود خالص 4 ریالی رسیده است. این در حالیست هنوز خودرو به حاشیه سود ناخالص نرسیده و هنوز اکثر محصولات را با حاشیه زیان می فروشد. تاکید ما بر عملکرد خودروسازان به این دلیل است که تاثیر به سزایی در کلیت بازار خواهند داشت. تاثیر فروش در بورس کالا در کوارتر چهارم ملموس تر خواهد بود. خساپا هم خودروهای وارداتی را عرضه کند گزارش بهتری خواهد داشت. زامیاد نیز در پاییز عملکرد خوبی داشت و ۶۷ تومان سود محقق کرد؛ این در حالیست که تا ۶ ماهه ۸۳ تومان سود داشته است. خودرویی ها معمولاً در نیمسال دوم و بویژه ۳ ماهه چهارم بیشتر می فروشند. در این گروه خاور زیان انباسته 6100 میلیارد تومانی را به سود انباشته 2360 میلیارد تومانی در طی 24 ماه تبدیل کرده است. فروش 9 ماهه امسال معادل فروش 15 سال خاور بوده است."
1342,358219,['خرید'],خصدرا صف خرید
1343,358231,['خرید'],سلام خرید سکه ازبورس صلاحه؟
1344,358241,['خرید'],"سلام عرض کردم 
ببخشید در مورد خرید ربع سکه در بورس راهنمایی می فرمایید"
1345,358267,['خرید'],سلام.برای خرید سکه چه قیمتی باید بزنیم؟
1346,358281,"['مقاومت', 'سقف']","یادمه مرداد ۹۹ قبل از ریزش بورس در سقف شاخص وزارت اقتصاد و وزارت نفت بر سر صندوق پالایش جنگ و جدال برای تصاحب صندوق با هم داشتن و هر روز شوک به بازار میدادند و آخر سر هم که ...
حالا هم شبیه اون برای عرضه خودرو بین وزارت اقتصاد و صمت و شورای رقابت رو داریم می بینیم اونم توی مقاومت شاخص

خدا رحم کنه😁😁😁"
1347,358283,['خرید'],"سلام 
الان قضیه خرید ارز با کارت ملی که ۲۰۰۰ تا بود چی میشه؟"
1348,358316,"['حمایت', 'قیمت']","نامه سازمان حمایت صمت:

قیمت پایه چانگان 508 میلیون 

طبق مقررات موجود، سود واردکننده معادل 15% در قیمت پایه لحاظ شده و الباقی رقابت (اختلاف قیمت کشف شده و پایه) به حساب خزانه دولت واریز خواهد شد"
1349,358324,['خرید'],"ملت پاچه شدن رو دوست دارند
در غیر اینصورت خرید نمی کردند
کافیه ۱ سال خودرو نخرند"
1350,358328,['قیمت'],"سلام پیشنهاد میشه این در خواست از مجلس و سازمان بورس و .... 
با امضاء سهامداران انجام بشه

👈🏻 تمامی 50 میلیون سرمایه گذار و سهامدار و سازمان بورس

👈🏻 باید دنبال تصویب قانون یک جمله ای زیر باشند

یکبار برای همیشه :

""هر شرکتی که سهامی عام است و در بازار بورس و فرابورس پذیرش شده است محصولات و خدمات آن از شمول قیمت گذاری دستوری حذف گردد ""

والسلام

این مطالبه باید از سازمان بورس و تک تک نمایندگان مجلس و دولت بشه تا تصویب شود.


ادمین محترم و دوستان  لطفا کمپینی راه بیفته از سازمان بورس و دولت و مجلس در خواست بشه که قانونش کنند تا جلوی قیمت گذاری دستوری گرفته بشه
با احترام"
1351,358419,['فروش'],سرمایه گذاری در بورس اشتباه محضه...شب میخوای صبح پامیشی میبینی صفهای طویل فروش چیندن
1352,358420,['ضرر'],علت؟ فلانی بهش برخورده...فلانی با زنش دعواش شده..فلانی حال نداره....فلانی دلش درد گرفته...حالا ما میمانیم با کلی ضرر
1353,358442,['قیمت'],"واقعا که یک شرکت خودرو سازی باعث و بانی کل تورم کشور شده  
الان هم با یک خبری که زیر سر خودشون هست تا بهانه ای برای حذف قرعه کشی بشه و باز گران‌تر بفروشند 
با خراب کردن بازار بورس و فشار آوردن سهام دارها به وزارت صمت و آزادی قیمت خودرو  
یعنی خود ایران خودرو کنار می شینه مردم رو می اندازه جلو که آقا گران کنید تا بازار بورس خراب نشه 
حالا سهامدار  دوزار می خواد سود کنه سود میلیاردیش بره تو جیب خودرویی ها"
1354,358450,"['خرید', 'قیمت']",متاسفانه دلیل این کار عدم آشنایی متقاضیان با نحوه سفارش گذاری است. در روش قبلی که به شیوه تک قیمتی بود، متقاضی قیمت بالاتر پیشنهاد میداد تا وقتی قیمت کشف شد جز لیست خرید قرار بگیرد. در روش جدید که به شیوه چند قیمتی است، سکه ها به بالاترین قیمتهای پیشنهادی تعلق میگیرند و کشف قیمتی وجود ندارد. حالا تعداد اندکی از مردم که هنوز با شیوه خرید از بورس آشنا نیستند و شاید شیوه تک قیمتی یا چند قیمتی براشون جا نیافتاده یا هنوز از شیوه جدید مطلع نشده اند در دام دزدان دولتی گرفتار شده اند
1355,358451,['قیمت'],دقیقا منم میخاستم ببینم جریان چیه وقتی بازش میکنی خودش یک قيمت خیلی بالایی گذاشته که باید عوضش کرد یک عده فقط تعداد رو میزنن به قیمت نگاه نمیکنن  پنلش شبیه عرضه اولیه اشتباه میکنن
1356,358453,['قیمت'],بنظرم علت عدم آشنایی با بازار بورس نیست. بیشتر علت بروز این آشفتگی عدم حاکمیت عقل در تصمیمات اینگونه خریداران است. کدام عقل سلیم مطاعی را به بیش از قیمت بازار خریداری می‌کند؟
1357,358456,"['سقف', 'قیمت']","تازه وارد بورس شدن وارد نیستن
این دولت و بورس باید قیمت  روز  ربع را همون سقف قرار بدن
ولی متاسفانه اینا حروم حلال حالیشون نیس"
1358,358457,['قیمت'],"یعنی اگر کسی قیمت بازار 9 میلیون سکه را 16 میلیون درخواست کرد. فقط از ناآشنایی با بورس است و نه بلاهت؟!؟!
و تقصیر دیگران است؟!؟"
1359,358458,['قیمت'],"اشتباه نکنید
اینا چند تا سکه رو توی بورس به قیمت چند برابر میخرن 
اینجوری باعث میشن قیمت های بازار ازاد هم بالا بکشه به دنبال بورس 
بعد توی بازار ازاد سکه هایی که دارن رو میفروشن"
1360,358472,"['خرید', 'فروش']","ال جی مخصوص بازار ایران دیگه تولید نمیشه. (وقتی کالایی مخصوص کشوری ساخته بشه امکانات خوبی برای مردم اونجا در نظر می‌گیرن که اولیش زبان هست) در حال حاضر تلویزیون های قاچاق ال جی و سامسونگ میاد. قطعات سری LF و LJ زیاد از این دو سری بگیری بهتره و رسیور دار.
تلویزیون های ایرانی ایکس ویژن و تی سی ال خوبه. خدمات پس از فروش اسنوا هم بد نیست.
اگه خواستید عمیق تحقیق کنین، مهمترین قطعه تلویزیون، صفحه نمایش هست. چند برند و مدل رو که انتخاب کردین، بین تعمیرکار ها سوال کنین این مدل ها صفحه نمایشش هست یا نه. بیشترین موجودی و خرید بازار سایز 43 اینچ هست. اولد ها احتمال پیکسل سوختگی دارن که فقط در 30% موارد قابل بازگشت هست. 
از USB و HDMI کمتر استفاده کنین."
1361,358490,['خرید'],خودرو صف خرید شد
1362,358491,['خرید'],"مسخره ترین بازار مالی دنیا با اختلاف زیاد نسبت ب بقیه بازارها.الان چ اتفاقی افتاد 🤣🤣🤣صف خرید شد
ده دقیقه آخر بازار صف خرید شد"
1363,358492,"['خرید', 'قیمت']",روند صعودی هست تعجبی نداره صف خرید توی این قیمت ها
1364,358578,"['فروش', 'قیمت']",قیمت فروش شرکته رو بالا بردن ، مردم صف فروشش کردن ، وقتی تو بورس کالا عرضه میشد که مابه التفاوت میرفت خزانه ... الان که قیمت فروش رفته بالاتر که به نفع شرکته یا شایدم من نمیدونم
1365,358579,['قیمت'],"دقیقا هم درسته

واردات خودرو رو آزاد کنن و قیمت گذاری دستوری هم حذف بشه..

نمیشه که بازار خودرو بصورت انحصاری دست ایران خودرو و سایپا باشه و نرخ هم همین دو خودرو ساز تعیین کنن."
1366,358586,['قیمت'],دلار هم یکی از دلایلش افزایش قیمت خودرو هست که بالا می ره
1367,358613,"['حمایت', 'فروش', 'قیمت']","تورم مسکن تهران در دی ماه؛ ۹.۸ درصد فقط در یک ماه / رکورد ۳۰ماهه شکست!

🔹در دی ماه ١٤٠١ تورم ماهانه قیمت آپارتمان‌های مسکونی شهر تهران ٩,٨ درصد بوده است. تورم ماهانه دی ماه در مقايسه با همين اطلاع در ماه قبل (٤,١ درصد)، ٥.٧ واحد درصد افزایش داشته است.
🔹این بیشترین تورم ماهانه مسکن از مرداد ۱۳۹۹ تاکنون بوده است. 
🔹تورم نقطه به نقطه قیمت آپارتمان­‌های مسکونی شهر تهران به عدد ٦٦,٠ درصد رسیده که در مقايسه با ماه قبل (٥٢.١ درصد) ١٣.٩واحد درصد افزایش داشته است.
🔹متوسط وزنی و حسابی قیمت آپارتمان­‌های مسکونی فروش رفته در شهر تهران به ترتیب به ٥٤٩٢٦٣ و ٥٢٧٧٩٧  هزار ریال رسیده است. 
🔹در این ماه منطقه ١ با متوسط وزنی قیمت ١١١٨٦٢٧ هزار ریال بیشترین و منطقه ١٨ با متوسط وزنی قیمت ٢٧٨٨٤٣ هزار ریال کمترین قیمت را در بین مناطق ٢٢گانه شهر تهران به خود اختصاص داد‌ه­‌اند.


پ.ن:دلیل این تورم نرخ ۲۸۵۰۰ اعلامی وسرکوب  بازار سرمایه است نرخ سپرده ها رابالابردید بجای حمایت از تولید  به دولت وام دادید 

پول نمی ایستد شما مسئولین ناتوان هرروز یک سازی بزنید

پول راه خودرا بازمی کند ومی رود واز کسی هم دستور نمی گیرد 

هرقدر دلتان خواست  در بازار سرمایه به رویه نادرست فعلی ادامه دهید  آقایون تصمیم ساز حاکمیتی



باد کاشتید    این تازه فقط نسیمی است از  طوفان که درو خواهید  کرد"
1368,358713,['سیگنال'],"راهپیمایی ۲۲ تمام شد دلار بقول خودشان خیز ۴۴ میلیون تومانی برداشته  مغز های معیوب  همه در این کشور جمع شدند

بقول ما بورسی ها دلار رو سیگنال کردن😁😁"
1369,358714,['سیگنال'],دو هفته قبل خبر افزایش دلار بعد از یوم الله سیگنال شده بود.منبع عزیران دولتی.
1370,358754,['قیمت'],بازم تو سود نیستند ، برا چی دو تا کارخونه باید چند برابر نیازشون کارگر و مدیر داشته باشه با حقوق های بالا ، تازه عوض اینکه درآمدش  رو صرف تحقیق و توسعه و کیفیت خودرو کنه ، ببره سهام دار بانک بشه یا زمین و ملک بخره ، بعد ماشین مزخرفش رو چند برابر قیمت بنز درب کارخونه به مردم بندازه  ، اگه قراره خون مردم رو بمکند همون نباشند بهتره
1371,358771,"['مقاومت', 'ضرر', 'فروش', 'قیمت']","سلام
دوست عزیز 
فعلا بازار همین است و کاری نمی شود کرد 
خیلی افراد با هر بالا رفتنی می گویند دیگه بازار جان گرفت پول وارد سهم می کنند و با هر تکانی دست به ماشه و فروش می فروشند و اینها هستند که بیشترین ضرر را در بورس می کنند.
سهمی را انتخاب کن از همه جهات بررسی کن قیمت جهانی و سابقه مقاومت در برابر ریزش و سود سازی چندین ساله و پخش سودش سعی کن سهم های بخری که سود خوب پخش کنند.
این سهم را بخر و نگاهش هم نکن فقط مواظب باش که بازارهای جهانی تعییر نکند
مسلم بدان که سود آوری خواهی برد

در این بازار سهامی هستند که طی ۳۰ ماه اصل پول را برمی گردانند‌ فقط از پخش سود سهام"
1372,358792,"['سقف', 'کف']","دستهایی عامدانه سرمایه ها را از بازار سرمایه در کف قیمتی به بازار ارز و سکه
در سقف قیمتی سوق می دهند.
از یک طرف با منفی نمودن بازارسرمایه، خود،سهام ارزان میخرند و از طرف دیگر با سبز نشان دادن بازار سکه و دلار به دیگران سکه و دلار می فروشند."
1373,358814,['فروش'],"بیرون از بورس و در بازار کالایی, بر سر خریدن کالاهای شرکت های بورسی رقابت سنگینی وجود دارد ، اما در بازار سرمایه سهامداران شرکت ها هر روز بر سر فروش سهام این شرکت ها رقابت می کنند!!

دلار47 تومنی شاخص1525 واحدی"
1374,358826,['ضرر'],سهامداران به صورت تصاعدی ضرر میکنن از یک طرف که پولشان ریالی در سهام سرمایه گذاری شده که با کاهش ارزش ریال ضرر می کنن و از از طرفی با منفی بودن بورس هم ضرر مضاعف می کنن.
1375,358840,['حمایت'],داخل یک کانال هست طبق اون کانال هربار برخورد کرده مجدد رشد کرده به نظرم نهایت اصلاح حوالی ۴۴۶۰۰ تومان باشه اگر این حمایت از دست بره از کانال خارج میشه اونجا مجدد میشه بررسی کرد
1376,358852,['قیمت'],"از نظر اینها مشکل از پول ما نیست، مشکل آمریکاست که عرضه نداره قیمت دلارش رو کنترل کنه

امیدواریم باعث و بانی هاش به درامد کارگری گرفتار شوند."
1377,358855,"['خرید', 'فروش', 'قیمت']","من این طور فکر نمی کنم همین الان فقط فرصت خرید هست .
خوب تمامی شرکت‌ها ملزم به ارائه دلار خود به سامانه نیما نیستند به عیر از پتروشیمی و تحت کنترل ایمیدرو .
خوب  حتی اینها  سهام هم فرصت خرید هستند نگاه کنید به فملی چگونه در بورس کالا محصولات خود را عرضه می کند . هر چه قد شکست این سیاست را دیرتر اعلان کنند مسلم کپ بیشتر خواهد شد.
سهام خیلی خوب غیر دلاری داریم متل ثامید که با قیمت کمتر از ۱۷۰ مقدار ۳۷ سود ساخته یعنی پی به ای حدود ۴ و ارزش مارکت حداقل ۳۰ همت در مقابل حداکثر ۵ همت و گزارشات خوب از فروش 
نمی گویم بروید بخرید فقط می گویم چارت های سهام را در شهریور سال قبل و سال‌های قبل ببینید که چه سودهای خوبی نصیب سرمایه گذاران بنیادی کرده آست.
به هیچ وجه در اوج وارد بازاری نشوید کسانی که در اوج دلار در سال‌های قبل و ارز دیجیتال و طلا و بورس وارد بازار شده اند درس بگیریم هیچ معلوم نیست ."
1378,358857,"['خرید', 'کف', 'قیمت']","هیچ کدام از مواردی که گفته می شود پیشنهاد خرید نیست.
اکتر سهام در اسفند کف های خود را دارند کف هایی که در سال آینده خاطره می شود .

قیمت تعدیل شده بوعلی اسفند ۹۹ برابر ۷۹۰
اسفند ۱۴۰۰ برابر ۱۴۹۷۷ و اسفند ۱۴۰۱ برابر ۳۲۷۷۰  ریال 

حتی خیلی از سهام با دلار ۲۸۵۰۰ هم عالی هستند"
1379,358862,['قیمت'],با این قیمت دلار سهم تو مفت نده بره ،این جمله رو ۳ ساله داریم می‌شنویم 😂😂😂😂
1380,358895,['حمایت'],"الان روی حمایته 
حمایت ۶۹ و ۵۸ هم داره"
1381,358905,['خرید'],چطوری میشه خرید اینو؟
1382,358911,['قیمت'],قیمت بالاست نمیخرم
1383,358912,['خرید'],"سلام
وقتی که سهم هایزبه آین خوبی در بازار است چرا باید انتخاب را خرید"
1384,359077,['قیمت'],"👀👁فوری👁
با رشد سرسام آور قیمت دلار  مردم دیگه چیزی برای از دست دادن ندارند و ناگهان قیام میلیونی مردم و سقوط رژیم"
1385,359207,['خرید'],همش بر میگرده  فرصت خرید خوبی داده  استفاده کنید   ن ش
1386,359210,['ضرر'],جالبه شاخص داره  داره سقفهای تاریخی را میزنه اما نمیدونم چرا بعضی سهام  روی ۶۰ درصد ضرر موندن این ریاضی و اعداد و حسابداری و اقتصاد و غیره نیست این کار عقتصاد دان معروف خودمونه که الان رونمایی میکنم از جناب پروفسور . دکتر . عالم . دانا . محقق . وووو آقای محسن رضایی دیدی موفق شدی دکتر بورس درستش کرد مشکل ضرر من که مشکل شما نیست سیستم من نمی‌فهمه که اگر می‌فهمید نباید با شاخص بالای ۱۷۰۰ میلیون ضرر ۶۰ درصدی نشون بده بله اینطوریه
1387,359240,['قیمت'],بخایم اقتصاد کلان ربط بدیم به قیمت دلار تو ایران این قیمت دلار طبیعی نیست و شاید در شرایط جنگ به این قیمتا باید می‌رسید، ولی به دلیل هیجان و انتظارات تورمی قیمت به 60 رسید و مطمئن باشید خوده دولتم از 60 تومن شدن دلار منفعت برده که انقدر راحت دلار شد 60 تومن، مذاکرات شروع بشه یه مدت دلارو میتونن کاهشی کنند ولی درکل دلار صعودیه و اونم بخاطر رشد اقتصاد منفی ایران و کسری بودجه شدید و نقدینگیه
1388,359258,['قیمت'],"سپاس ، 🙏
افزایش سرمایه داره؟
یا قیمت میخاد تغییر کنه؟"
1389,359263,"['حمایت', 'خرید', 'قیمت']","بازار فوق العاده عالی و لذت بخش ترید میشود

امروز حجم معاملات  رکورد زده  
تقاضای خرید شدیدا بالاست بطوریکه در بسیاری از سهمها تمامی عرضه ها را در بالاترین درصد می‌بلعند و مجددا صفها خرید چیده میشود، تقاضای سنگین خرید  در 15 دقیقه آخر بازار شدیدا دیدنی بود، که باعث شد صفهای میلیونی مجددا چیده شود . 
هر نوسانگیری یعنی جاماندن از رشد طبیعی و نرمال بازار . 


بورس محکوم به صعودی شارپ است و دلار آنقدر بالا رفته که دیگر نوساناتش روی بورس ایران تاثیر نخواهد داشت 

صنایع مادر صادرات محور  همچون فولادی پتروشیمی مس و معدنی کانون تو و تقاضای سنگین بازار هستند. 

قیمت آهن و میلگرد و مس در بازار فیزیکی شدیدا بالا رفته، 


با توجه به اینکه صورتهای مالی  شرکت‌های صادرات محور روی دلار 28 بسته شده است، با دلار بالای 45 کل بورس کشور باید در صف خرید قفل شود، اکنون که دلار وارد کانال 50 نیز شده است. 
در سال 1402 کلیه صنایع بورسی منتظر مجوز افزایش نرخ خواهند بود و این یعنی رونق و جهش بورس در سال 1402
، 
تمامی حقوقیها و سبد گردانها بخاطر جبران جا ماندن از تورم و بی ارزش شدن دارایی‌های ریالی بورسی شدیدا به دنبال حمایت و تقویت  افزایش ارزش ریالی شرکت‌های خود افتاده"
1390,359292,['سقف'],"خب دیگه از حالت رقابتی درمیاد همه میان سقف میزنن مثلا 5 هزار تا ماشین باشه ده هزار نفر متقاضی
اونموقع میخوان براساس تایم سفارش گذاری بدن؟؟"
1391,359293,['قیمت'],"اخه من‌نمیدونم‌چه رقابتی 
همینطوری دارند قیمت ماشین رو افزایش می دهند 
شما میگین رقابت‌
واقعا متاسفم‌"
1392,359294,['قیمت'],"شما ت ی همین‌بورس میتونی ماشین رو ۴ براب قیمت بفروشی چون خریدار هست براش
آیا درسته این کار؟ 
چرا قیمت‌ثابت نداره؟ 
چرا توی بورس میفروشند؟
واقعا متاسفم‌
ماشین‌۳۰۰ میلیونی رو با همین روش کردند ۶۰۰ میلیون‌
میگی رقابتتتتتتت
بدبخت شدیم رفت"
1393,359320,['قیمت'],"مشروح اخبار ۲۰.۳۰ : 

رییس‌جمهور : افزایش قیمت دلار کار دشمنانه ! 
وزیر راه : کسی حق نداره قیمت بلیط عید رو گرون بکنه !
وزیر گردشگری : کسی حق نداره گردشگری رو گرون بکنه ! 

اینا خداییش از کدام سیاره اومدن ؟ 🧐
فکر میکنن باید همه چیزو دستوری اداره بکنند ؟؟؟؟ 

از بالا تا پایین مملکت همه‌ی مسؤلان ناراضی هستن ؛ فکرکنم همین روزا باشه که مسؤلان علیه مردم بریزن توی‌ خیابون 😶"
1394,359321,['هدف'],هرچی اکانت بی اسم و بی هویت تو گروها فعال شدن و مدام پست میزارن هدف چیست؟!!!!
1395,359323,['هدف'],بله تلخ و هدف امثالهم مشخصه چیه
1396,359384,['قیمت'],"دو تا خبر خوب بورسی مخابره شد که باعث میشه هفته بعد، هفته خوبی بشه

۱. عوارض صادراتی از ۵ درصد پارسال به ۰/۵ کاهش پیدا کرده، دلار نیما هم از ۲۸۵۰۰ الان ۳۸۱۰۰ شده در نتیجه صورت مالی شرکت های صادرات محور خیلی بهتر میشه

۲. خودرو ۲۵ تا ۴۰ درصد قیمت پایه‌شون بالا میاد و طبق قانون از ابتدای ۱۴۰۲ در بورس کالا عرضه میشن"
1397,359386,['حمایت'],"موافقم
تا وقتی فساد داخل بورسه رشد نخواهد کرد
تا وقتی دولت با فشار ب بازارگردان ها حمایت واقعی رو انجام نده بورس رشد نخواهد کرد
تا وقتی معاملات تحت ربات  اُلگوریتم صورت میگیره بورس رشد نخواهد کرد
تا وقتی ....
😓"
1398,359443,['قیمت'],قیمت ۱۰۰ برابر میانگین جهانی بازم باید اصلاح شه و بالا بره؟؟ در این دو کارخانه آبگرمکن سازی رو باید ببندن خیلی بهتره و واردات به صرفه تر
1399,359481,"['خرید', 'فروش', 'قیمت']","خدا سایه این مردم وطن دوست و همیشه در صحنه را از سر اقتصاد این کشور کم نکند 

۷۵ هزار میلیارد تومان سپرده بابت پیش خرید خودروی داخلی 
۶۰ هزار میلیارد تومان سپرده بابت پیش خرید خودروی خارجی 

به عبارت ۱۳۵ هزار میلیاد تومان ناقابل 
تقریبا معادل یک سوم کل کسری بودجه کشور 

هم مشکل جمع شدن و جذب نقدینگی حل شد 
هم مشکل تامین سرمایه خودروساز محترم 
هم مشکل رئیس جمهور و رفقا که فرموده بودند با کمک مردم نرخ ارز زا کاهشی می کنیم و کسی باور نکرد ...
و هم مشکل سواری از موج تورم توسط سفارش دهندگان 

مسئله کوچک و بسیار جزئی باقیمانده فقط اینجاست که از بیرون که به این صحنه نگاه می کنیم در حال دیدن منظره ای هستیم که مردم چه آنکه خودرو ندارد و چه آنکه خودرو دارد و چه آنکه بیش از پنج خودرو دارد همگی با لبان خندان در صفوف به هم فشرده خرید خودرو ایستاده اند 

آنهم برای کالایی که به سه برابر قیمت به فروش میرسد

زیبا نیست ؟"
1400,359482,['قیمت'],"شیطان رو درس میدن
بجز این موارد که گفتین بازم مثل سالهای قبل یه نوسانگیری بزرگ از مردم توی ارز و طلا و کالاهای مرتبط گرفتن . دلارها و سکه های خودشون رو تو قیمت های بالا فروختن حالا مردم موندن و ضررهای سنگین ."
1401,359492,['قیمت'],"اشتباه بیشترمون همینه دیگه
تا وقتی صعودیه فکر میکنیم تا ابد صعودیه
وقتی هم نزولیه فک میکنیم بازم نزولیه درحالی که  نرخ های الان دلار قیمت سازی معکوس به نفع دولته که زیاد هم دوام نخواهد آورد ."
1402,359510,['سقف'],"عرضه خودرو در بورس😍


عرضه خودرو در بورس کالا حذف نشده ، 
صرفا از لایحه بودجه به دلیل ابهامی که در سقف ۱.۲ پایه وجود داره حذف شده است."
1403,359528,['قیمت'],"بنده، سالهاست که از دانشگاه تا بازار، همه جا و همیشه گفته ام و باور دارم و حقیقت همینست و فقط مخصوص کشور ما هم نیست، اینکه : مردم احمق می دهد : دولت و حکومت احمق و حکومت احمق و ابله، میدهد ملت احمق. این از زرنگی خانمها و آقایان دولت و ملت نیست، اگر بود، همه دنیا، همه کشورهای پیشرفته، چنین رفتاری داشتند... دقیقا مثل واکنشهای دو طرفه در شیمی هست و تنها عنصری که میتواند این دور باطل را متوقف و بهم بزند، آگاهی و کنار گذاشتن طمع هست که البته مشکله ولی غیر ممکن نیست...
شما همین تعداد شرکت کننده ها در عرضه های اولیه بورس رو ببینید، از بیش از 5 میلیون نفر، رسیده به 500_600 هزار.
یعنی خیلیها درک کردن که درسته که ممکنه 200 تومن یا مثلا 500 تومن پول مفت که 1 کیلو گوشت هم نمیدن، بره توی جیب من، ولی این به قیمت ایجاد و رشد و پرورش انواع مافیاها هست و بنابراین قیدش رو میزنن ...
بیچارگی انسانها، تولد دیکتاتورها، بهره کشی و برده کشی چاق شدن دزدها، تمام مفاسد اجتماعی و ... در اثر دو چیز بوجود میاد: 1_ تحمیق آدمها 2_ تحقیر آدمها
اون کسی که با فوران قیمت ارز، خودرو .... از این صف به اون صف میشه، در واقع پای سند حقارتش رو انگشت زده، اگر میدونست لیاقتش یه زندگی نرمال، ماشین خوب، هوای خوب، از همه مهمتر، آرامش روح و روان هست، هرگز چنین خفتی رو با ولع و اشتیاق، پذیرا نمیشد ..."
1404,359546,"['فروش', 'قیمت']","زمانی که دلار ۳۳ تومان بود، قیمت خودرو جک S5 یک میلیارد بود، الان دلار با ۵۰ درصد رشد به ۵۰ تومان رسیده و جک S5 با ۷۰ درصد رشد به یک میلیارد و هفتصد!
آیا دلار گرانتر شده یا خودرو ؟!
آیا خودرو ارزان خواهد شد؟
دلار چطور؟
چرا بجای دلال دلار، دلال خودرو را اعدام نمی کنید؟!
دست چه جماعتی در مافیای خودرو است؟
مجلس انقلابی چرا به خودرو و مسکن که میرسه آمپرش بالا نمیره؟ 
چه منفعتی در کالای گران و دلار ارزان است؟
کدام ارز در حال قاچاق از کشور است و کدام کالای بی کیفیت در حال ورود و  فروش به ملت بینوا با ۱۰ برابر نرخ جهانی؟!
همه می دانیم چه خبر است!"
1405,359549,"['فروش', 'قیمت']","زمانی که دلار ۳۳ تومان بود، قیمت خودرو به طور مثال جک S5 یک میلیارد بود، الان دلار با ۵۰ درصد رشد به ۵۰ تومان رسیده و جک S5 با ۷۰ درصد رشد به یک میلیارد و هفتصد! 
آیا دلار گرانتر شده یا خودرو ؟! 
آیا خودرو ارزان خواهد شد؟ 
دلار چطور؟ 
چرا جلوی دلال دلار و  دلال خودرو را نمیگیرید؟! 
دست چه جماعتی در مافیای خودرو است؟ 
مجلس انقلابی چرا به خودرو و مسکن که میرسه آمپرش بالا نمیره؟  
چه منفعتی در کالای گران و دلار ارزان است؟ 
کدام ارز در حال قاچاق از کشور است و کدام کالای بی کیفیت در حال ورود و  فروش به ملت بینوا با ۱۰ برابر نرخ جهانی؟! 
 در این کشور چه خبر است!"
1406,359558,['خرید'],سلام دوستان، کسی درمورد خرید خودروهای وارداتی نظری داره؟
1407,359560,"['فروش', 'قیمت']","خدایش من تو تما فروش های ایران خودرو شرکت کردم
ولی این یکا نه 
چون اصلا سر تهش معلوم نیست
از شنبه دارن پولا را جمع میکنن
که تازه تو فروردین بیان بگن خب حالا از یک سال یا دوسال بعد با این قیمت رویای بیاین خودرتون را تحویل بگیرید"
1408,359604,['قیمت'],بله قیمت که صدرصد اضافه میکنن. ولی حسنش اینه که پول بلوکه نمیشه.
1409,359685,['قیمت'],"دیجی کالا چه هفت خط شده

دلار پایین آمد قیمت اجناس نسبت به کالا بالا برد از یک‌میلیون به بالا
و فردا دلار پایین تر آمد قیمت ببره جای اولش که امروز بوده و بگه کاهش دادیم

جانور هفت خطی شدن

به هوش و به گوش باشید رکب نخورید"
1410,359690,"['خرید', 'قیمت']",کاهش دلار در قیمت اجناس زیاد تاثیر نمیذاره. چون فروشنده که با دلار بالا خرید کرده تا حد امکان جنسشو با قیمت پایینتر نمیفروشه. مگه اینکه این کاهش قیمت مدت زیادی دوام داشته باشه و قیمتها تثبیت بشه
1411,359691,['خرید'],نظرتون چیه یعنی خرید نکنیم
1412,359693,['قیمت'],یادتون باشه کاهش زیاد قیمت دلار به نفع خود دولت هم نیست. چون هزینه هاش هر سال بالاتر میره و درامدش هر سال با تحریمهای بیشتر ، کمتر میشه. پس چاره ای جز بالا بردن نرخ دلار نداره. منتها ممکنه در طول مسیر رکبهایی بزنه و قیمتو پایین بیاره و مردمو بترسونه که فروشنده بشن
1413,359697,['خرید'],خرید کنید
1414,359698,['خرید'],خرید کنید.با فرض مشارکت 3 میلیون چیزی حدود 700 هزار تومان نقدینگی نیاز است
1415,359699,['خرید'],من باشم در بازاری خرید نمیکنم که براحتی سهمی رو چند ماه میبندن و پولمو بلوکه میکنن. و در نهایت با منفی ۲۰ یا بیشتر باز میکنن
1416,359700,['قیمت'],"تازه اش یه قیمت نجومی میزاره 
بعد مینویسه ۴۸ درصد خفیف 🤡🤡🤡🤡🤡🤡🤡🤡🤡🤡🤡🤡🤡🐀🐀🐀🐀
بعد میری بازار همون چیزی که میخوای بخریش توی دیجی مثلا با تخفیف شده۳۰۰
همونو بازار ۲۳۰ میخری"
1417,359706,['قیمت'],خودتون را مسخره کردید قیمت خودروی صف سر به فلک کشیده ور زیادی میزنید که ماشین ارزان شد
1418,359707,"['خرید', 'کف']","فردا بانک ها با پول های وکالتی خرید خودرو که واریز کردین
شروع به خرید دلارهای خونگی ملت در کف ۴۳ تا ۴۰ میکنند

مبارکه

😂😂"
1419,359709,['خرید'],این را هم بگید که بعضی از پولها هم  که تازه از طلا و دلار نقد شده اند سمت بورس میآیند حتی با خرید این عرضه اولیه و پول هم از صندوق درآمد ثابت هم خارج میشه مثل خود من
1420,359754,['خرید'],حساب وکالتی برای خرید خودرو میخواید؟
1421,359805,['خرید'],سلام نظرتون در مورد خرید این عرضه اولیه چیه؟کسی هست راهنمایی کنه؟متشکرم
1422,359832,['ضرر'],"عزیزجان! همه جای دنیا چکار به ما داره؟
ما چی داریم میخریم؟ 
شرکتهایی که از اول به زور مصادره شده، برند و برنامه و تولید و آبرو و ... همه چیش تاراج شده (دهه ها)، بعد، صورتهای مالی حسابسازی شده، بخور بخورهای نامتتاهی ...
عوامفریبی و بدبختی ملی روز افزون داریم میخریم، من و شما 200 تومن، نه 500 تومن، نه 1 تومن مثلا سود میکنیم، اون مافیاها، صدها بلکه هزاران میلیارد پول و شیره جان مملکت رو میمکن و آخرش منو شما رو وسط این وانفسا رها میکنن و به ریشمون خنده میکنن؟
شما از کی تو بورس هستی؟ جبران ضررهای سال 99 شده؟ 
مطمئنا اگه از سال 92 هم سهم داشتی، هنوز توی ضرر بودی. نرخ تورم واقعی چقدره؟؟
نرخ تورم زمین، مسکن، ماشین، چقدره؟
من از سال 82 سهمامدارم، سودم کردم، آپارتمانم خریدم، تدریسم کردم، باور کن که حتی سودشم سود نیست ... 
تا ماها از توی توهمات و طمعکاریهای احمقانه مون، رها نشیم، همین آشه و همین کاسه ...
نرخ دلار برای سال 1404_5 از طرف مثلا مرکز پژوهشهای مجلس، 250 هزار تومن، پیش بینی شده ...
سود چی، کشک کی پشم چی؟؟؟
اون یکی دلار 3500 تحویل گرفته، 24300 تحویل داد، این یکی یکسال و نیمه، کردش 60000. خوب که ببعیها خریدنو و کسری بودجشو تأمین کرد، به لطایف الحیل آوردن روی 43، و این بازیها تا ابد ادامه داره، اگه خوبه ادامه بدین، طوری نیست 😊
ولی اگه خوب بود، همه دنیا همینجور بود، اینطور نیست چون اکثر مردمشون یا خودشون عاقلند یا از عقلا پیروی میکنن...
شاد باشی"
1423,359833,['حمایت'],من بخشی از حرف های شما رو کاملا قبول دارم ، به نظرم مردم نه باید در بورس و طلا و خودرو و مخصوصا دلار به عنوان یک دلال ورود کنن ، همه به دنبال سود هستیم و مافیا از این جهل ما به خوبی استفاده می کنن، تا زمانی که ما از بورس و دلار و طلا و خودرو با این قدرت حمایت کنیم به هیچ عنوان وضعیت اقتصادی ملت خوب نخواهد شد
1424,359834,['قیمت'],ولی دلار ۳۵۰۰ تومنی که روحانی گرفت و در طی ۴ سال اون رو تبدیل به ۲۷ هزار تومن کرد چیزی حدود ۹۰۰ درصد افزایش بود😂😂😂 رییسی با قیمت الان دلار هنوز ۱۰۰ درصد هم افزایش نداده دلار رو ، در ضمن تا زمانی که مردم همین دلار رو با اشتیاق از ریال به دلار و از دلار به ریال تبدیل کنن مطعنم هر دلار به یک میلیون تومن میرسه
1425,359856,"['خرید', 'ضرر']",درود خودرو میخوان گران کنن تعداد زیادی از هم وطن هایمان دیگر نمی توانند صاحب یک خودرو حتی بی کیفیت ایرانی شوند برادر عزیزم پدر بزرگوارم خواهرم ای هم وطن یک مرتبه هم که شده بیایید در کنار هم دست دردست هم جلوی این غارتگران به ایستیم و از خرید خودرو صرفه نظر کنیم شاید ضرر کنیم اما نگذاشتیم کسی ما را به بازی بگیرد
1426,359857,['خرید'],همه با هم نه به خرید خودرو
1427,359942,['خرید'],درود به همه دوستان عزیزان با خرید خودرو این اجازه را به دزدان و چپاولگر می‌دهیم که به صورت که میخواهن با ملت رفتار کنن به این دلیل که ما با دستان خودمان پول را به آنها می‌دهیم و وقتی آنها پول زیاد داشته باشن قدرت هم پیدا میکنن لذا از تمام عزیزان می‌خواهیم خرید خودرو را تحریم کنن یک بار هم که شده اتحاد داشته باشیم نه به خرید خودرو
1428,359979,"['خرید', 'هدف']",درود به هموطنان عزیزم دوستان با تحریم دو خودرو ساز داخلی و نخریدن خودرو یک گام بلند در رسیدن به هدف که همان سربلندی ایرانی است نزدیک می‌شویم نه به خرید خودرو و تحریم آنها
1429,359980,['خرید'],"برای خرید خودرو داخلی الان سایت با اختلال مواجهه.
علاوه بر وکالتی کردن حساب و واریز ۱۰۰ تومن باید ثبت نام اولیه در سایت(وارد کردن مشخصات و شماره شبا) هم قبلا کسی انجام می داد یا الان هم میشه؟"
1430,359982,['سقف'],شاخص داره ۲ میلیون میشه ولی تمام سهام من فاصله زیادی تا سقف سال۹۹ دارند این چه عددی هست که ساختند!!!
1431,359988,['خرید'],سلام دوستان بابت خرید خودرو از بورس کالا که  تحویل نشده کجا باید شکایت کرد
1432,359992,['قیمت'],منظورم قیمت هاست دوست عزیرکه هرسال بطورمتوسط ۴۰درصدبیشترمیشه وبااحتساب آن ممکنه کسی احساس کنه رشد اقتصادی بیشترشده درصورتی که مردم فقیرترشده اند.
1433,360001,['خرید'],درود خرید خودرو را تحریم کنیم نه به خرید خودرو
1434,360017,['ضرر'],شاخص نزدیک قله هست ولی سهامدار همچنان سی درصد تو ضرر مرگ بر این شاخص😔
1435,360054,['خرید'],شرکت نکردن ملت متحد ایران در قرعه کشی دزدان بابت خرید خودرو باعث شد که وزرات خانه بی کفایت صنعت و معدن هر هفته این لاتاری سراسر بی شرمانه را تمدید کند هموطن متحد باش و امید داشته باش در کنار هم می‌توانیم مشت محکمی به دهان دزدان و قنادان بزنیم اتحاد نخریدن خودرو نه به قرعه کشی و خرید خودرو درود به شجاعت ایرانی
1436,360102,['قیمت'],"خب نفر دوم شمایید که پذیرش کردید
مبارکه
همین انتشار خبر
از ۱۰۰ تا افزایش قیمت بدتره"
1437,360117,['قیمت'],مصرف داخلی کمی دارند.مامصرف داخل هم زیادداریم که باقیمت کمی نسبت به قیمت جهانی به مردم فروخته میشه.
1438,360118,['ضرر'],ماخواستیم به شیرجنگل(آمریکا)باج ندیم ولی کاری کرد۱۰۰برابرآن باج ضرر دادیم!
1439,360162,['ضرر'],خب تو بفرش که ضرر نکنی
1440,360169,['فروش'],یه طوری فشار فروش یهو زیاد بشه که همه تو صف فروش گیر کنن
1441,360197,['فروش'],احتمال. اصلاح. شدید شاخص و صفهای فروش
1442,360244,"['خرید', 'سقف']","📍سایتها و کانالهای خبری پر شده است از اخبار فتح قله 2میلیون واحدی شاخص کل.....

ارزش دلاری بازار سرمایه اما (حتی با وجود اضافه شدن شرکتهای جدید در این 2.5 سال )،  60 درصد پایینتر از سقف 2 میلیون واحدی مرداد 99 است.....

قدرت خرید سهامداران حتی به فرض بازدهی یکسان پورتفو و شاخص کل ،به اندازه  نصف 2.5 سال پیش هم نیست.....!!"
1443,360269,"['خرید', 'فروش', 'قیمت']",هموطن در هیچ جای دنیا نمی‌توان شخصی را برای خریدن و یا نخریدن محاکمه کنن مگر اینکه خرید یا فروش کالایی ممنوعه یا غیر قانونی باشد منظور این است برای نخریدن آهن پاره‌ای ایران خودرو و سایپا شما باز خواست نمیکنن پس متحد باش تا خودرو به قیمت واقعی خودش برسد پیروز و پاینده باشید
1444,360300,['سقف'],درود...شاخص کل دارد به سقف تاریخی خود نزدیک میشود و نیاز به تزریق نقدینگی هم از طرف حقوقی ها و هم حقیقی می‌باشد🌹
1445,360321,['ضرر'],نه ولی ذات این بازار همینه گاهی ضرر میکنی ولی ناله نباید سر داد که آخ سرمایه ام رفت خوب اینجا ضرر کردی حد ضررت خورد بیا بیرون برو یه سهم خوب پیدا کن سود کنی.منظورم این بود
1446,360336,['خرید'],درود نه به خرید خودرو و اتحاد در برابر دزدی و چپاول
1447,360337,['ضرر'],شاخص دو میلیون عبور کرده بعضی سهام ملت هنوز در ضرر نه سال ۹۹ بلکه در سال ۱۴۰۱ میباشد و هنوز یک عده میان برای سهام خط و نقاشی و بحث تکنیکال را میکنن یک عده بحث دلار و طلا میکنن اینطور بگم با چشمان کاملا باز داریم نگاه می‌کنیم همه چیز رفته روی هوا و باز هم داریم از زندگی آرمانی و شکوفایی می‌گوییم هموطن ما مسخ شده ایم آنها به ما امید و رویا میفروشن و ما لبخند میزنیم و دست تکان می‌دهیم به آنها برای اینکه پول‌های ما را در چمدان گذاشته و در حال خروج هموطن هوشیار باش پاینده و پیروز باشید
1448,360338,"['خرید', 'ضرر']",درود یک داستان. روزی روزگاری فردی مقداری پول به دست آورد در مسیری می‌گذشت بهلول را در راه دید به او یا شیخ بهلول مقداری پول دارم چه کاری کنم که سود کنم بهلول گفت آهن و پنبه بخر و بعد بفروش آهن و پنبه خرید انبار کرد و به موقع فروخت سود کرد در زمان دیگر بهلول رادید گفت ای دیوانه الان چه بخرم گفت پیاز و هندوانه انجام داد انبار کرد جنس در انبار خراب شد و ضرر کرد یقه بهلول گرفت بدبختم کردی این چه پندی بود بهلول گفت برای خرید اول مرا شیخ خطاب کردی اما بار دوم مرا دیوانه من هم از سر دیوانگی به تو پند دادم دوستان قصد توهین به هیچ شخصی را ندارم اما در این بازار از این افراد کم نیستن و دیگران هم از این بابت متحمل ضرر و زیان می‌شوند پاینده و پیروز باشید
1449,360556,"['حمایت', 'فروش']",درود هموطن در کشور متخاصم آمریکا یک بانک کوچک دوباره ورشکستگی میشود و اعلام وضعیت موجود از طرف بانک به گوش مردم می‌رسد و بانک‌های دیگر خرسند از این قضیه در همان روز مردم آمریکا پول های خود را از بانک‌های دیگر بیرون کشیدن مبلغی در حدود ۵۳۰ میلیارد دلار سه برابر فروش شرکت آرامکو عربستان از مردم سوال شد چرا این کار کردن آنها جواب دادن برای حمایت از این بانک چرا که متوجه شدن بانک های بزرگترهای و بانی این ورشکستگی بودن مردم کاری کردن که تمام سیستم بانکی مختل شدو آنها را وادار به همکاری با این بانک کرد بله هموطن قدرت اتحاد این است حالا این دو حلبی ساز که عددی نیستن امت باز هم اتحاد ملت را طلب می‌کند تا ادب شوند و دیگر با دزدان و دلال‌ها شراکت نکنن پس متحد باش شاد پیروز و سربلند باشید
1450,360569,['خرید'],درود مسئول بی کفایت گزارش دادن که متقاضیان خودرو نگران نباشن در قرعه کشی به همه خودرو می‌دهیم نمیدونم واقعا چه جمله ای باید به این شخص گفت اما از مردم کشور هموطنان فهیم با شرافت ایران انتظار بالاتر است که در دام این مفسدان رانت خوار دزد نیافتاده و راه درست که همانا نه به خرید خودرو هست را ادامه بدهند پاینده ایران و ایرانی
1451,360588,['خرید'],سلام ی سوال داشتم ،ازصبح چندین بار درخواست خرید ورازی میزنم ولی عمل نمیکنه ولی سهم های دیگه مشکی نداره ؟؟
1452,360597,['خرید'],بازار پایه زیر 5 میلیون نمیشه خرید زد
1453,360601,['هدف'],چکاپا قابل بررسی هدف اول ۴۴۰۰
1454,360604,"['خرید', 'قیمت']",از ۱۶ /۱۱ قیمتش بوده ۲۵۲۱ تا الان رشد داشته حواست باشه بهش ریزش نکنه  مشکلی نیست تو خرید ببین احتمالا تو قیمت های که میدی  مشکلی داری
1455,360605,['سقف'],سهم جز عقب مانده های بورس هست هدفش هم بالاست عرض کردم بررسی کنید نگفتم حتما بخرید سقف ۹۹ برابر با ۱۴۰۰۰ ریال بود
1456,360614,"['خرید', 'قیمت']",‌درود دوست عزیز به علت داده کمی که داره قابل تحلیل اساتید نیست امروز از صف خرید خارج شد و معاملات عادی انجام داد ۶۰۰ تومان سود برای یک عرضه اولیه خوب بود با توجه به قیمت هم گروهی ها که داره در حال حاضر اضافه کردن اشتباه میباشد شما باید صبر کنی سهم جمع و جور بشه سهام دست آدمهای صبورترین قرار بگیر چند منفی و مثبت بخور روندش مشخص بشه بعد ورود کنی بدون هیجان و تحلیل خودت از بازار پاینده و پیروز باشید
1457,360618,"['خرید', 'قیمت']",جالبه قیمت نفت به گفته تحلیل گران و اقتصاددان‌ها افزایشی و رو به بالا اما در ایران شپنا و شبندر منفی و حلبی سازی با زیان انباشته و تمام آیتم های منفی صف خرید این است قدرت رانت و چپاول و غارتگری
1458,360620,['ضرر'],۵۰ضرر بودم رسیده ۱۰ ضرر
1459,360628,['خرید'],روی شبندر و شپنا خرید بکنیم؟
1460,360651,['قیمت'],"جل الخالق 
میگه این افزایش قیمت ها موجب کاهش قیمت در بازار خواهد شد .
ینی تن آدام اسمیت تو قبر لرزید با این جمله"
1461,360655,"['خرید', 'قیمت']",درود هموطن اتحاد داشته باش تا آدمهای نادان و احمق نتوانند خود را در جایگاهی ببینن و برای شما قیمت های ۳۰ و ۷۰ درصد تایین کنن بجای نفرین بجای افسوس و غیره فقط اندیشه کن و راه خودت را در این تاریکی پیدا کن تحریم خرید خودرو تنها موضع محکمی میباشد در برابر این نادانان رانت خوار لطفا به دوستان اقوام و در کانالهای مختلف نشر دهید پاینده ایران سرفراز ایرانی
1462,360656,"['سقف', 'ضرر']",سقف های بورسی به قول دوستان زده شد اما هموطن من در ضرر ماند اما هموطن من زندگیش را از دست داد سقف آرزوی جوانان شد یک چتر آسمان آبی کشورم تاریک شد آیا سقفی هم برای رهایی از دست مفسدان هست آیا جایی در سرزمینم بدون درد هست هموطن به هوش باش
1463,360659,"['سقف', 'قیمت']","سقف قبلی شاخص بعد از 3 سال دوباره فتح شد....

اما قیمت سهم 3 سال قبل کجا و قیمت های الان کجا.....!!

ارزش دلاری بازار کمتر از ۱۷۰ میلیارد دلار است که با سقف ۵۰۹ میلیارد دلاری سال ۹۹ فاصله ی زیادی دارد....

شاخص کل از لحاظ عددی در سقف قرار گرفته اما همچنان فاصله زیادی تا قیمت های دلاری جدید داریم. با شعار سال امسال سال بورسه.....!!"
1464,360662,['خرید'],فکر کنم اون انتظار افزایش شدید بیجا بوده و کمتر افزایش دادن پس اون صف خرید میلیاردی خودروییا پر!!؟؟؟
1465,360690,['قیمت'],بازه قیمت چند بزنیم
1466,360711,"['سقف', 'قیمت']",قیمت شورای رقابت تعیین کننده خواهد بود ولی در کل خودرویی ها هم از سقف ۹۹ عقب ماندگی بالای ۵۰ درصدی دارند
1467,360714,['قیمت'],قیمت ارائه شده شورای رقابت رو گفتم
1468,360726,['خرید'],"مردم مظلوم ساده یکسال دندون به جیگر بگیرند و از خرید خودرو امتناع کنند، ببینید اونوقت وضعیت درست خواهد شد یا نه
نه اینکه توی صف خرید برای خودرویی که نه قیمتش مشخصه و نه مدل و نوعش له له می زنند"
1469,360728,['خرید'],همین مردم مظلوم و ساده با کد ملی اموات شون هم در صف خرید خودرو برای دلالی و کسب سودند، پس چرا حاکمیت از این همه حماقت بهره نبره
1470,360733,['قیمت'],"📌 مدیر صندوق سرمایه‌گذاری پروتکل کپیتال: قیمت بیت کوین به ۱۰میلیون دلار خواهد رسید‼

◾ جسی مایرز، تحلیلگر و مدیر صندوق سرمایه‌گذاری پروتکل کپیتال اعلام کرده که قیمت بیت کوین در آینده به ۱۰میلیون دلار خواهد رسید. او توضیح داده است که این ارز دیجیتال ابزاری کمیاب برای ذخیره ارزش در دنیایی است که بدهی‌های آن در حال افزایش و ارزش پول آن در حال کاهش است. مایرز تأکید کرده است که نگهداری از اوراق قرضه یا پول فیات در شرایط فعلی استراتژی بسیار بدی محسوب می‌شود و به همین خاطر، بیت کوین می‌تواند سرمایه‌گذران زیادی را به خود جذب کند.

FarsiDailyCryptoNews"
1471,360734,"['خرید', 'قیمت']","📈 امروز قیمت طلا به بالاترین سطح خود در ۵۲ هفته اخیر رسید. همچنین میزان خرید طلای کشورها به بالاترین سطح از سال ۲۰۱۰ رسیده است. در این میان چین بیشترین خرید را داشته است.


FarsiDailyCryptoNews"
1472,360735,['قیمت'],برای بررسی میزان تورم .ملاک قیمت بازاره.نه نرخ کارخانه.
1473,360753,['قیمت'],تورم براساس قیمت کارخانه حساب میشه! یاقیمت بازار؟؟؟
1474,360754,['قیمت'],یکی نیست بگه مردک اگه شورای رقابت مسئول قیمت گذاریه که کار تخصصی کرده تو چکاره ای که دخالت میکنی‌و اگر نیست تعطیل کنید بره خودتون قیمت رو مشخص کنید وقتی مملکت  دست این بی سواد های متظاهر و دزد باشه بهتر از این نمیشه!!
1475,360758,['قیمت'],درود به همه هموطن عزیز ضرب المثلی هست که می‌گوید آدم از یک سوراخ دو بار گزیده نمی‌شود اما برعکس آن در کشور ما حکم فرما است حافظه تاریخی ما ضعیف شده و همیشه به روش‌های مختلف سر ما کلاه گذاشتن هموطن برادرم و خواهر محترم در بازی زرگری دولت و شورای رقابت و قیمت گذاری و غیره توپ نزنید دچار هیجانات کاذب و حرکت اشتباه نشوید زیرا از قدیم گفتن هیچ گربه ای برای رضای خدا موش نمی‌گیرد می‌خواهد شورای رقابت و نرخ گذاری باشد یا مخبر هم وطن به هوش باش پاینده ایران سرفراز ایرانی
1476,360759,['خرید'],از زمان اتحاد نه به خرید خودرو چند مرتبه این لاتاری بی شرمانه تمدید شد بازهم اتحاد ایرانی باعث شد که از راه دوز کلک دیگری وارد شوند تا پول های ملت رنج کشیده را به نام خودرو به جیب دلال‌ها و مفسدان و مافیا بریزن شرکت نکردن باعث شد که یک بار دیگر هم دیگر متهم کنن به نادانی این پیروزی و درایت ملت را تبریک می‌گویم و اتحاد هموطنان خرسندم شاد و سر بلند باشید
1477,360762,['قیمت'],آقا روابط با دنیا احیا کنید مقداری خودرو وارد کنید دعوای زرگری فایده ای ندارد نهایت خودرو ارزان دست مردم نخواهد رسید. قیمت کارخانه ای افزایش ندهی خودرو ساز خودرو به بازار نمی دهد قیمت بالا می رود. این انحصار شما درست کردید خودرو ساز هر کاری دلش بخواهد انجام می دهد. به کسی هم پاسخ گو نیست. رقابت واقعی یعنی واردات با تعرفه معقول تنها راه درست شدن قیمت همین هست.
1478,360771,['حمایت'],دولت عمدا تورم درست می‌کند تا بتواند درآمد داشته باشد از چه چیزی بله از جیب مردم افزایش حقوق ۵۷ درصدی سال گذشته در راستای حمایت از تورم و بیشتر کردن آن بود الان با خودرو و غیره
1479,360772,['خرید'],"اگه اشتباه نکنم ۹۱ یا ۹۲ بود کمپین نه به خرید خودرو داشتیم
تا ۲سال مردم نخریدن دیگه دولت مجبور شد وام ۲۰ تومنی بده"
1480,360773,['قیمت'],اگر موفق شون قیمت خودرو را بالا ببرند مطمئن باشید مافیا و مفسدان به جای دیگری ضربه میزنن و مردم را در رنج بیشتری فرو میبرن به راستی که کشور ما احتیاج به دشمن خارجی ندارد
1481,360775,['قیمت'],دوستان اصلا به خبرهای خودرویی توجه نکنید همش دعوای زرگری و مصلحتیه و بیشتر سیاسی کاری برای توجیه افزایش قیمته که دولت هم میخواد بگه با درصد شورای رقابت راضی نیست و توپ رو بندازه اونور اما خیالتون راحت افزایش قیمت حتمی و سهامداران به هیچ عنوان نگران نباشند چون ارزش دارایی های اونها بالاتر از این حرفهاست .
1482,360810,['فروش'],درود هموطن یک بار دیگر موفقیت تبلیغات و ستاد شایع و فروش رویا را تبریک عرض نمود که این چنین مهندسی افکار می‌نمایند بدون هیچ چشمداشتی و همه این تلاش‌ها برای رضای خدا است تا خلق خدا را چنان گرفتار کلافهای هزار پیچ و خمی کنن که هیچگاه روی آسایش را نبینن بازی من نگم تو بگو اون بگه دلم سوخته برای ملت تمام شد خودرو گران شد بله آهن پاره ها گران شدن مافیا خداقوت دزدان دمتون گرم مفسدان دست مریزاد به خدا به شما حسادت میکنم که این طور اتحاد دارید برای چپاول اما ما حتی بلد نیستیم تلفظ ش کنیم دمتون گرم خوشا به سعادتتون
1483,360811,['خرید'],تحریم خودرو دفاع از حقوق اخلاقی هر ایرانی برای مبارزه با مفسدان است هموطن متحد باش نه به خرید خودرو
1484,360816,['خرید'],درود هموطن تحریم خرید خودرو یگ گام بزرگ برای مبارزه با فساد میباشد مافیا و مفسدان به خوبی می‌دانند که محاکمه نمی‌شوند و کار خود را با جدیت بیشتر دنبال میکنن اما اگر مردم تحت شوند و خرید خودرو را کنسل کنن آنها دیگر نمی‌توانند به چپاول اموال ملت ادامه دهند پاینده و پیروز باشید
1485,360849,['خرید'],وقتی تاریخ را مطالعه میکنی ابتدای آن که تاریخ باستان است از خواندن لذت میبری و از داشتن ایران آن وقتها ولی وقتی ادامه میدهی ایران را سراسر مورد ظلم و ستم قرار دادن ولی یک چیزی در ایران نمرده بود شاید دیر خودش را نشان میداد اما همچنان با قدرت بود وآن چیزی نبود جز اتحاد در برابر ظلم کشورم و مردم کشورم این اتحاد را در بند بند وجود خود دارن درود به ایرانی ما خرید آهن پاره ایی به نام خودرو را تحریم میکنیم نه به خرید خودرو
1486,360850,['قیمت'],درود وزارت بی کفایت صنعت اعلام کرده ما جلو درصد بالای افزایش قیمت را گرفتیم این دزده جلو اون دزد ایستاده الان مردم برای این رشادت شما باید چکار کنن بیان هلهل کنن خب شما که سرتا پا همه چپاولگرید سریال روزی روزگاری شادروان شکیبایی چند قسمای داره که حال روز این دو ارگان فاسد را به خوبی به شما نشان میدهد
1487,360856,['قیمت'],"اقدامات انجام شده توسط دولت در مورد مهار تورم ( ۱۴۰۲) : 

۱- اعطای مجوز به کارخانجات مواد غذایی جهت افزایش قیمت متوسط ۳۵٪ 
۲- اعطای مجوز افزایش قیمت خودروهای داخلی بین ۳۰ تا ۷۰ درصد 
۳- افزایش تعرفه گاز مصرفی تا ۷۰٪ 
۴- افزایش قیمت ارز حدود ۲۰٪ 
۵- افزایش نرخ تاکسی و حمل و نقل حدود ۴۰٪
۶- افزایش قیمت میوه و اقلام غذایی حدود ۵۰٪
۷- افزایش بلیط هواپیما حدود ۴۰٪
۸- افزایش نرخ خدمات دفاتر الکترونیک دولت حدود ۴۰٪
۹- افزایش نرخ آب و برق حدود ۵۰٪

پی نوشت:
در عصری زندگی میکنیم که به  مفهوم واژه ها هم خیانت میکنند خیانت به چند میلیون سهامدار در بورس که جای خود دارد....‌!!"
1488,360859,['قیمت'],"قیمت ارز ۲۰ درصد؟ اونی که این متنو نوشته کاملا شوته 
دلار از ۲۸ تومن شده رفته ۶۰ ، الان ۵۰ه ، این میشه ۲۰ درصد؟"
1489,360862,['قیمت'],قیمت قبل این نیست که من 6 ماه پیش ساینا s تحویل گرفتم 170
1490,360871,['خرید'],درود هموطن خرید خودرو را تحریم کن
1491,360884,['خرید'],درود در قلب اروپا جایی که یک زمان از هیچگونه وحشیگری چشم پوشی نداشتن دچار آدمهایی شدن که فقط دروغ میگفتن و مردم را به زور در سیطره خود داشتن این مردم جنگجو و وحشی در زمانی نچندان دور به خود آمده و با اتحاد و یک دلی تکرار میکنم اتحاد ، این زورگویان را در جای خود نشانده و باعث شدن صاحب اروپایی شوند که آرزوی مردم دیگر کشور هاست برادرم و خواهرم اگر به دنبال یک زندگی آرمانی هستی فقط اتحاد و جلو مفسدان ایستادن است که به همچین جامعه ایی میرسیم پس متحد باش تنها سلاح قدرتمند انسانها فقط و فقط در کنار هم بودن و اتحاد داشتن است نه به خرید خودرو و تحریم آن دو حلبی ساز مفسد شاد و پیروز باشید
1492,360885,['قیمت'],"مغایرت علنی قیمت‌های کارخانه‌ای جدید پخش شده با واقعیت؟ دلالان خودرو پشت پرده هستند؟

🔹عصر امروز جدولی از سوی برخی رسانه‌ها منتشر شد که در آن میزان افزایش قیمت کارخانه‌ای خودروهای ایران خودرو و سایپا مشخص شده است.
🔹با توجه به اظهارات مدیرعامل سایپا در گفت‌وگو با صداوسیما و اطلاعات غلط این جدول، به نظر می‌رسد برخی ذی‌نفعان بازار خودرو برای ایجاد جهش قیمتی با آثاری بیش از اثر افزایش قیمت‌ها دست به چنین کاری زده است. 
🔹تیموری، مدیرعامل شرکت سایپا حداکثر افزایش قیمت خودروها را ٢٩ درصد اعلام کرد درحالیکه در جدول منتشر شده، افزایش‌ها بیش از ۴٠ درصد ذکر شده است. 
🔹 با توجه به تجربه‌های پیشین، با افزایش قیمت کارخانه‌ای خودروها، شاهد افزایش قیمت خودروهای بازار خواهیم بود که با نشر این جدول و ارائه اعداد بالاتر (که با سکوت سئوال برانگیز خودروسازها همراه شده است) می‌توان جهش‌های بزرگتری پیشبینی کرد."
1493,360898,['قیمت'],"📌تاریخ شاهد باش که چگونه خودروی ۳۴۰میلیونی را ۷۲۰میلیون به مردم می فروشند

🔷ایمان اسلامی بین،فعال بازار سرمایه گفت:تاریخ بنویس که خودروی شاهین در بورس کالا با قیمت 340 میلیون بی‌مشتری ماند اما چند ماه بعد از دلارزدایی کردن شورای رقابت به 720 میلیون رسید!

🔷وی ادامه داد:شاهین در تاریخ 18 دی ماه 1401 در بورس کالا به قیمت 340 میلیون معامله شد، آن روز قیمت دلار آزاد 41800 تومان بود.

🔷اسلامی بین تاکید کرد:امروز شاهین بدون بورس کالا به قیمت 720 میلیون معامله می‌شود، نرخ دلار آزاد 50500 تومان!"
1494,360907,['خرید'],درود به همه در این هفته شاهد جنگولک بازی وزارت بی کفایت صنعت بودیم تا یکبار دیگرخود را از هر گونه اتهام برای تولید خودرو بی کیفیت مبرا کند و خود را حامی مردم جلو دهد ما ملت بزرگ ایران به تمام شما مفسدان میگویم که دوره اینگونه شماتت بازیها دیگر تمام شده و از بزرگ و کوچک میدانندشما تنها فاسدان به روی این سیاره هستید تا به کی بی شرافتی آیا وقت آن نرسیده برای مدت کوتاهی مثل بشر زندگی کنید هموطن به هوش باش با اتحاد جلو دزدان وفاسدان را بگیرید نه به خرید خودرو پاینده و سربلند ایران و ایرانی
1495,360914,['فروش'],"همین الان یه گروهی آقایی گفت سال ۹۹ آپارتمان فروختم آوردم بورس

الان پول فروش خانه شده فقط پول رهن خانه که باید بدی اجاره کنی

قیمتش آپارتمان که بماند"
1496,360943,['ضرر'],سلام فقط پشتوانه فیزیکی ..خود طلا بخر ضرر نمیکنی
1497,360945,['سیگنال'],"بهترین راهنمایی اینه برنامه اندرویدی سیگنال نصب کن اونجا همش هست 


میخواستم اسکرینش بفرستم چه سهمایی  ولی اونجا بری همچی حله"
1498,360996,['خرید'],درود به هموطنان عزیزم چند روزی است که خبر بلوکه شدن پول مردم زحمت کش کشور عزیزمان در بانک ها بلوکه شده است را تکرار میکنن وزارت بی کفایت به بانک میگوید آزاد کن شورا بی لیاقت میگدید آزاد کن دلقک عظم رییس بانک مرکزی میگوید ازاد کن اما بانکها در جواب ودر سکوتی که به همه این ارگانها نشان دادن این است که شما غلط کردی (عذرخواهی میکنم ) دستور میدهی و هچنان پول ملت بلوکه شده ماند اتحادی که میگویم بخاطر همچنین مواقعی است که وقتی همچنین اتفاقی برای هموطن مان می افتد همه چه انها که پول دادن و چه ندادن به دور از اینکه بگویم مشکل ما نیست به بانکها مراجعه کرده و اگر پولی در حساب داریم فقط ۳ میلیون خارج کنیم آن موقع است که آنها به دست و پای مردم می افتند نه اینکه مردم التماس کنن بله دوستان اتحاد حل کننده تمام مشکلات است در برابر مفسیدین چپاول گر هموطن متحد باش نه به خرید خودرو و شکست مافیا و مفسدین به امید روشنایی کشورم پاینده ایران و ایرانی
1499,361021,"['ضرر', 'قیمت']","🔵آزمون قمار چیست؟

🔹من یک اسکناس ٢٠ دلاری دارم. آن را به هر قیمتی که بخواهید به شما می‌فروشم. فقط دقت کنید هر مبلغی را که می گویید باید پرداخت کنید.

🔹پیشنهادها از یک دلار شروع می‌شود و با گام های یک دلاری بالا می رود، ولی نکته‌ای كه وجود دارد این است که افراد دیگر هم می‌توانند روی این اسکناس ٢٠ دلاری پیشنهاد قیمت دهند و اگر کسی توانست قیمت بالاتری از شما پیشنهاد داده و شما را شکست دهد شما همچنان باید به اندازه پیشنهاد آخرتان به من پول بدهید و در ازای آن چیزی دریافت نخواهید کرد..!

  🔹افراد در ابتدا از اینکه می‌توانند یک اسکناس بیست دلاری را ۲ یا ۵ یا ۱۰ دلار بخرند هیجان‌ زده می‌شوند،پول مفت است، ولی در قیمت‌های ۱۷ و ۱۸ دلار یک جنگ تمام عیار بین پیشنهادهای دو نفر که می‌فهمند ممکن است در انتها مجبور شوند پول خیلی زیادی را برای هیچ پرداخت کنند در می‌گیرد.آن‌ها برای آنکه نبازند پشت سر هم پیشنهادهای بالاتری می‌دهند.

🔹ناگهان یکی برای یک اسکناس ۲۰ دلاری ۲۱ دلار پیشنهاد می‌دهد که در حقیقت منطقي است چون در این قیمت برنده ۱ دلار می‌بازد (با احتساب بیست دلاری که در یافت میکند) در حالی که بازنده ۲۰ دلار خواهد باخت. از اینجا همه چیز بالا می‌گیرد. جنگ برای برد تبدیل می‌شود به جنگ برای کمتر باختن، و باعث می‌شود تا پیشنهادها برای یک اسکناس ۲۰ دلاری به طور کاذب بالا برود.  استاد مدیریت دانشگاه وارتون آدام گرنت می‌گوید که یک افسر ارتش یک بار حدود ۵۰۰ دلار برای یک اسکناس ۲۰ دلاری پرداخت. 
  
🔹طبق دانسته های روانشناسان، افراد بیشتر از آنکه از بردن لذت ببرند از باختن متنفرند. به این نکته «بیزاری از باخت» گفته می‌شود که یکی از عوامل اصلی ضرر در بازار مالی  است. شما هنگامی که در یک معامله سود می کنید به سرعت پوزیشن خود را می بندید و به آن اجازه رشد بیشتر نمیدهید و برعکس وقتی در ضرر هستید به آن اجازه رشد و بزرگ شدن می دهید چون ناخوداگاه ذهن شما از ضرر متنفر است و البته همین بیزاری از باخت عامل اصلی حباب قیمتی نیز هست. واکنش فروشندگان و خریداران در دوره ی رکود نیز با همین آزمون قابل توصیف است./اقتصاد به زبان ساده🌹🌹"
1500,361027,['قیمت'],درود هموطن با نخریدن خودرو و دوری از معاملات خودور به این دو حلبی ساز که تمام ارکان وزارت بی کفایت و دیگر مافیا تمام قد پشت آن ایستاده اند ثابت کنیم که ما ملت ایران حاضر به استفاده آهن پاره های شما به قیمت خودرو های روز دنیا نیستیم پیروز پاینده باشید
1501,361050,"['خرید', 'سقف', 'هدف']",خودرو و خساپا به احتمال زیاد صف خرید بشند قابل بررسی، اگر صف خرید شدند هدف سقف سال ۹۹
1502,361052,"['مقاومت', 'هدف']",وخارزم در حال شکستن مقاومت ، هدف بالاست. بررسی
1503,361053,['خرید'],بورس صف خرید قدرتمند
1504,361054,['خرید'],کندل های وخارزم نشان از صف خرید میدند بررسی مجدد
1505,361055,['خرید'],وتجارت و وخارزم هم صف خرید فردا حوالی صف خرید امروز
1506,361058,['ضرر'],سلام من پول قابل توجهی تو بورس ندارم ولی این رشد غیر طبیعی است  سال ۹۹یه مثال همه میزنند که شما اگر زمینی بخری هر روز میری بهش سر میزنی ما هم خریدیم  بعداز ۳سال ضرر فروختم حواستون باشه این که هرروز داره ۷ درصد سهامتون رشد میکنه  حد سود و زیان  در نظر بگیرید
1507,361059,['ضرر'],درود آقا محمد نگران نباش آقای عبدالملکی قبل از هر اتفاقی اعضا گروه را با خبر میکند که در زمان ریزش و اصلاح کسی ضرر نکند دوستان میتوانند از خود ایشان نیز بپرسند چه زمانی باید خروج بزنند سر فراز و شادمان باشید
1508,361062,['قیمت'],زمزمه عرضه خودرو در بورس کالا بالا گرفت ظاهرا همه دستگاه هاموافقت کردند. چون خودرو سازها اعتراض کردن با این قیمت های اعلام شده نمی‌توانند تولید را افزایش دهند. احتمال زیاد موافقت با عرضه تولیداتشان در بورس کالا تا حداکثر40درصد تولیداتشان است.
1509,361069,['ضرر'],"سلام
بنظرم هیچ کارشناسی وجود نداره
هیچ کسی ب قاطعیت نمیتونه بگه اصلاح چ زمانیه
فقط لطفا هیجانی رفتار نکنید
خیلیا باسود خارج میشن و متاسفانه خیلیا سهام فروخته شده رو میخرن و ضرر پشت ضرر🌷"
1510,361071,['قیمت'],درود هموطن قبل از هر مطلبی یک احوال پرسی از دلال ها و مافیا انجام بدهیم برای همکاری با وزارت بی کفایت و دو شرکت خودرو ساز که با استفاده از تریبون دروغگویی به این شکل بازار خودرو و افکار ملت را مهندسی میکنن هموطن اخبار حاکی از آن هست که بازار خودرو با شوک مواجه شده و قیمت ها در این هفته میلیون ها بالا رفته قبل از هر گونه تولید خودرو و یا واگذاری این اگر اسمش دزدی و فساد در اقتصاد و دزدی از جیب مردم نیست پس چه چیزی هست وقتی حرف از اتحاد نخریدن هست منظور بازار امروزه که اینطور داره جولان میده بدست چه کسی کاملا مشخصه خود خودرو ساز و دلالها و مفسدان و وزارت خونه و غیره هموطن هوشیار باش هموطن متحد باش هموطن با تحریم نخریدن خودرو و انتشار این اتحاد پیروزی برای ملت است شاد و پیروز باشید
1511,361072,['ضرر'],سهام داری کنید اما حواس جمع بدون طمع و هیجان شاید زمانی بهتر باشه از چند درصد سود گذشت تا اینکه ماه ها در ضرر بود پاینده باشید
1512,361102,"['خرید', 'قیمت']","هر نماد بورسی را که می خواهیم بخریم باید قیمت واقعی دلاری ان صنعت را دربازار بین ملل مشخص کنیم سپس در نرخ روز ارز ضرب کنیم چنانچه نزدیک به قیمت بورسی سهم است می توان درباره اش برای خرید فکر کرد اما اگر قیمتش خیلی بالاتر ارزش واقعی است احتمال انکه قیمت سهم ریزش کند زیاد است زیرا سهم ارزش واقعی و منطقی ندارد و سهم با بورس بازی بالا رفته است 
ن ش"
1513,361154,['فروش'],شامل فروش حق‌تقدم هم میشه یا صرفا سود؟
1514,361198,['فروش'],"سیل فروش حواله های خودرو هست که از امروز توی جامعه و کانالا و گروهها روانه میشه متاسفانه

واسه منم زده بهار ۱۴۰۳

کاش سهاممونو نمیفروختیم بریم ثبت نام کنیم"
1515,361209,"['سیگنال', 'خرید']","سیگنال دیروزم
صف خرید امروز"
1516,361221,['قیمت'],"برنامه دولت برای اخذ مالیات از معاملات مکرر مسکن

ارانیکو-سخنگوی دولت:
▫️دولت مصوب کرد تا کلیه مقرراتی که مرتبط با حوزه کسب و کار هستند در یک سامانه اطلاع‌رسانی ثبت شود. اگر مقررات در این سامانه ثبت نشود، لازم الاجرا نخواهد بود.

▫️همچنین لایحه‌ای به منظور کنترل افزایش قیمت و اجاره منازل مسکونی به تصویب رسید و این لایحه که در رابطه با اخذ مالیات از معاملات مکرر در حوزه مسکن است به مجلس ارسال خواهد شد.

▫️با اخذ مالیات از خانه‌های خالی و معاملات مکرر در حوزه مسکن امید است از افزایش بی‌رویه قیمت مسکن و اجاره‌ بها جلوگیری شود."
1517,361225,['خرید'],"سلام
یکی از دوستان حق تقدم وگسترح در مرداد 1401 خرید و بموقع فیش واریز کرد
حسابدار به پرینت حساب توجه نداشته و باعث شده حق تقدم به سهام تبدیل نشه 
دو ماهه سهم ثبت روزنامه شده و به سهام دیگران اضافه شده ولی برای دوستم دیدم حق تقدمش به سهام تبدیل نشده
حسابدار میگه اطلاعاتی از خریدار نداشتیم و حق تقدم ها را فروختیم
با توجه به اینکه ثبت نام در سجام داشته و در فیش واریزی و پرینت حساب ، کدملی و نام خریدار بوضوح منعکس هست"
1518,361226,['خرید'],درود هموطن از ابتدای طرح لاتاری مشخص بود بازنده این تورنمت دزد و رانت چه کسانی هستن بله هموطن عزیز ما ملت همیشه بازنده هستیم برای امروز و فردا هم نیست سالها است که بازنده هستیم همیشه در حال تلاش هستیم که اموال خودمان را بیشتر کنیم حال بیشتر شد باید سعی کنیم از آن محافظت کنیم دیگه وقتی برای زندگی نمی ماند زمان گران بهایی که به سادگی به دست مفسدان تلف میشود اگر در کنار هم و به فکر هم بودیم الان شاد ترین کشورها بودیم از هم دورمان کردن تا سردرگم روزگار باشیم اما هنوز به قول قدیمیها ماهی را هر وقت از آب بگیری تازه است هنوز دیر نشده برای اتحاد و متحد شدن در برابر مافیا و دزدان و مفسدان هموطن برای یک بار هم که شده طعم اتحاد را مزه کن برای یک مرتبه امتحان کن چه بد و چه خوب فقط یکبار در زندگی در کنار هم باشیم به امید آینده روشن و متحد شدن در برابر مفسدان و نه به خرید خودرو و انصراف از این لاتاری بی شرمانه وزارت صنعت پایتده و پیروز باشید
1519,361227,"['خرید', 'قیمت']",انتهای سیاستهای اقتصادی و اجتماعی در همین موعد تحویل خودرو مشخص میشه، اینکه نتیجه تصمیمات دولت در باقی موارد زندگی مردم به کجا ختم ‌شد رو میشه خیلی واضح در این وضعیت مضحک و وقاحت بار خودرو دید، سالها انحصار به خودروساز بدی و در کنارش قیمت دستوری تعیین کنی با تمام دنیا قطع رابطه کنی، واردات خودرو رو ممنوع کنی، صنعت خودرو رو بدی یک عده که عادت کردن به رانت و فساد و انحصار، نتیجش میشه امروز از مردم پول بگیری ۴سال دیگه یک‌ ماشین بهشون بدی یا ندی؛ نتیجش میشه مونتاژ کار چینی ماشین ۱۳ ۱۴ هزار دلاری رو فقط در دو ماه ۱۰ هزار دلار گرون کنه و بیاد بگه ۴۰ هزار دلار؛ بعد یک عده بیان از دلارزدایی صحبت کنن و از اینکه ماشین گرونه چون ورق فولاد و مواد پتروشیمی گرونه، دنیا در حال برنامه ریزی واسه سفر به فضاست و تولید ماشینهای خودران اونوقت تو این کشور اوضاع به جایی رسیده شما پول رو بدی ۴ سال دیگه بهت یک ماشین بی کیفیت بدن امثال میرسلیم و مافیا هم ‌به ریش مردم بخندن و دم از اقتصاد مقاومتی و خودکفایی و اراجیف مشابه بزنن، جمع کنید این بساط به سخره گرفتن مردم رو لابد چند وقت دیگه واسه خرید یک بخاری هم مردم باید ۲ سال تو صف واستن.
1520,361235,['خرید'],سلام. وقت بخیر. نظرتون در مورد چکارن؟ در منفی میشه خرید کرد؟
1521,361238,['خرید'],۱۰ ملیون دوشنبه چی خرید بزنم؟ بازم ممنون
1522,361254,['فروش'],"سلام وقت بخیر
یه سوال داشتم اگه امکانش بود  جواب بدین ممنون میشم. 

 تو خودروی ها سهمایی مثل خپارس، خزامیا و خساپا ارزش بازارشون  تقریبا بامیزان کل فروش اونها تو سال 1401 برابری میکنه. و با توجه به افزایش نرخ هایی که تو سال جدید میگیرن مبالغ فروش میتونه بیشتر هم بشه
آیا این نکته میتونه فاکتور مهمی باشه برای ارزشمند دانستن این سهما"
1523,361256,['قیمت'],"پس از ریزش های سال 99 بازار بورس ایران و سیل افرادی که در این بازار متضرر شدند مردم به این نتیجه رسیدند که آموزش بورس و مفاهیم بنیادی بورس همیشه برای سرمایه‌گذاران بورس لازم است
 یکی از نسبت‌های مهم در فهرست آموزش های تحلیل بنیادی نسبت P/S است. برای سرمایه‌گذاران در بازار سهام، تعیین اینکه سهام بالاتر و یا کم تر از ارزش ذاتی خود قیمت‌گذاری شده است، از اهمیت بالایی برخوردار است. ارزش ذاتی براساس محاسبات یا درک ارزش شرکت است، به طوری که با درنظر گرفتن تمام فاکتورها و تحلیل فاندامنتال انجام می شود. ارزش ذاتی ممکن است بالاتر و یا به طور کلی متفاوت تر از ارزش فعلی سهام یا قیمت بازار باشد."
1524,361257,"['فروش', 'قیمت']","نسبت P/S از دو واژه Price به معنای قیمت و Sale به معنای فروش تشکیل شده است؛ پس در واقع نسبت P/S نشان دهنده نسبت قیمت هر سهم به فروش هر سهم می‌باشد.

اعتقادی در بازار بورس وجود دارد که بر اساس آن، رشد فروش ثابت و قوی، محرک قوی و خوبی برای رشد شرکت است؛ بدین معنی که رشد شرکت، ابتدا باید از رشد فروش آغاز شود.
در شرکت ‌هایی که زیان و یا جریان نقدی منفی دارند و یا در شرکت‌های رشد یافته سیکلی و با سود نزدیک به صفر، این نسبت می‌تواند اطلاعات بیشتری برای داشتن برآورد صحیح نسبت به شرکت، به ما بدهد.

با توجه به امکان دست‌کاری کمتر فروش نسبت به سود و همچنین پایداری بیشتر فروش نسبت به سود و جریان نقدی، محاسبه این نسبت می‌تواند دقت تحلیل و ارزیابی شرکت مورد نظر را بسیار افزایش دهد."
1525,361258,"['خرید', 'قیمت']",این نسبت هر چه کمتر باشد، بیانگر پایین بودن قیمت سهم است و نشانه‌ای مثبت برای خرید سهام آن شرکت محسوب می‌شود اما تنها عامل برای خرید سهم نمی باشد و باید مسائل دیگری نیز مورد بررسی قرار گیرد ، که یکی از مهمترین مسائل سود سازی شرکت و نسبت p به e است پس p به s را در کنار p به e باید بررسی کرد
1526,361259,['فروش'],"ممنون از پاسخ دقیق شما 🙏🙏🙏


بنظر با این فروش ها در آینده p/e  هم بهتر میشه برای این شرکت ها."
1527,361260,['حمایت'],"✅صفایی نماینده مجلس: در دولت سیزدهم چه خبر است؟

در این شرایط سخت دو میلیارد دلار ارز نیمایی به چای دبش بدون مزایده داده میشود

چرا با این همه فساد سخنگوی دولت از وزیر معزول کشاورزی حمایت میکند؟"
1528,361261,['خرید'],سلام. وقت بخیر. میدکو را برای خرید فردا چطور میبینید؟ ممنون
1529,361263,['خرید'],درود به همه هموطن اتحاد شما در برابر خودرو سازیها و نه به خرید خودرو بی کیفیت باعث شده که باز هم وزارت بی کفایت صنعت که کاری جز نابودی صنایع کشور نداره تکرار بشه این را بدانید دزدی از پول های مردم زحمت کش کشور به مزاج این مفسدان خوش آمده و هنوز به دنبال نابودی سرمایه و عمر گرانبهای ملت هستند هموطن متحد باش و مطالبات را تنها به خود محدود نکن با اتحاد و نخریدن خودرو باعث میشوید فریاد انسانهای ناتوان هم شنیده شود پاینده و پیروز باشید
